date,period,series,region,property_type,index,pct_1m,pct_3m,pct_12m
2005-01-01,2005-01,Dublin - all residential properties,Dublin,All residential,118.5,,,
2005-01-01,2005-01,Dublin - apartments,Dublin,Apartments,144.0,,,
2005-01-01,2005-01,Dublin - houses,Dublin,Houses,112.0,,,
2005-01-01,2005-01,National - all residential properties,National,All residential,124.9,,,
2005-01-01,2005-01,National - apartments,National,Apartments,153.4,,,
2005-01-01,2005-01,National - houses,National,Houses,120.7,,,
2005-01-01,2005-01,National excluding Dublin - all residential properties,National excluding Dublin,All residential,142.1,,,
2005-01-01,2005-01,National excluding Dublin - apartments,National excluding Dublin,Apartments,200.3,,,
2005-01-01,2005-01,National excluding Dublin - houses,National excluding Dublin,Houses,139.0,,,
2005-02-01,2005-02,Dublin - all residential properties,Dublin,All residential,121.0,2.1,,
2005-02-01,2005-02,Dublin - apartments,Dublin,Apartments,148.8,3.3,,
2005-02-01,2005-02,Dublin - houses,Dublin,Houses,113.9,1.7,,
2005-02-01,2005-02,National - all residential properties,National,All residential,125.9,0.8,,
2005-02-01,2005-02,National - apartments,National,Apartments,153.8,0.2,,
2005-02-01,2005-02,National - houses,National,Houses,121.8,0.9,,
2005-02-01,2005-02,National excluding Dublin - all residential properties,National excluding Dublin,All residential,142.2,0.1,,
2005-02-01,2005-02,National excluding Dublin - apartments,National excluding Dublin,Apartments,188.6,-5.8,,
2005-02-01,2005-02,National excluding Dublin - houses,National excluding Dublin,Houses,139.7,0.6,,
2005-03-01,2005-03,Dublin - all residential properties,Dublin,All residential,121.9,0.7,,
2005-03-01,2005-03,Dublin - apartments,Dublin,Apartments,150.0,0.8,,
2005-03-01,2005-03,Dublin - houses,Dublin,Houses,114.9,0.9,,
2005-03-01,2005-03,National - all residential properties,National,All residential,126.6,0.6,,
2005-03-01,2005-03,National - apartments,National,Apartments,153.7,-0.1,,
2005-03-01,2005-03,National - houses,National,Houses,122.7,0.7,,
2005-03-01,2005-03,National excluding Dublin - all residential properties,National excluding Dublin,All residential,142.9,0.4,,
2005-03-01,2005-03,National excluding Dublin - apartments,National excluding Dublin,Apartments,184.4,-2.2,,
2005-03-01,2005-03,National excluding Dublin - houses,National excluding Dublin,Houses,140.5,0.6,,
2005-04-01,2005-04,Dublin - all residential properties,Dublin,All residential,122.7,0.7,3.6,
2005-04-01,2005-04,Dublin - apartments,Dublin,Apartments,150.1,0.0,4.2,
2005-04-01,2005-04,Dublin - houses,Dublin,Houses,116.2,1.1,3.7,
2005-04-01,2005-04,National - all residential properties,National,All residential,127.5,0.7,2.1,
2005-04-01,2005-04,National - apartments,National,Apartments,153.5,-0.1,0.0,
2005-04-01,2005-04,National - houses,National,Houses,123.7,0.8,2.4,
2005-04-01,2005-04,National excluding Dublin - all residential properties,National excluding Dublin,All residential,143.8,0.7,1.2,
2005-04-01,2005-04,National excluding Dublin - apartments,National excluding Dublin,Apartments,182.8,-0.9,-8.7,
2005-04-01,2005-04,National excluding Dublin - houses,National excluding Dublin,Houses,141.5,0.7,1.8,
2005-05-01,2005-05,Dublin - all residential properties,Dublin,All residential,123.7,0.7,2.2,
2005-05-01,2005-05,Dublin - apartments,Dublin,Apartments,150.1,0.0,0.8,
2005-05-01,2005-05,Dublin - houses,Dublin,Houses,117.4,1.1,3.1,
2005-05-01,2005-05,National - all residential properties,National,All residential,128.4,0.7,2.0,
2005-05-01,2005-05,National - apartments,National,Apartments,153.7,0.1,-0.1,
2005-05-01,2005-05,National - houses,National,Houses,124.6,0.8,2.3,
2005-05-01,2005-05,National excluding Dublin - all residential properties,National excluding Dublin,All residential,144.8,0.7,1.8,
2005-05-01,2005-05,National excluding Dublin - apartments,National excluding Dublin,Apartments,184.0,0.6,-2.5,
2005-05-01,2005-05,National excluding Dublin - houses,National excluding Dublin,Houses,142.5,0.7,1.9,
2005-06-01,2005-06,Dublin - all residential properties,Dublin,All residential,123.8,0.1,1.6,
2005-06-01,2005-06,Dublin - apartments,Dublin,Apartments,149.4,-0.5,-0.4,
2005-06-01,2005-06,Dublin - houses,Dublin,Houses,117.7,0.3,2.4,
2005-06-01,2005-06,National - all residential properties,National,All residential,129.5,0.9,2.3,
2005-06-01,2005-06,National - apartments,National,Apartments,153.2,-0.3,-0.3,
2005-06-01,2005-06,National - houses,National,Houses,126.0,1.1,2.7,
2005-06-01,2005-06,National excluding Dublin - all residential properties,National excluding Dublin,All residential,146.7,1.3,2.7,
2005-06-01,2005-06,National excluding Dublin - apartments,National excluding Dublin,Apartments,183.6,-0.2,-0.5,
2005-06-01,2005-06,National excluding Dublin - houses,National excluding Dublin,Houses,144.5,1.5,2.8,
2005-07-01,2005-07,Dublin - all residential properties,Dublin,All residential,125.3,1.2,2.1,
2005-07-01,2005-07,Dublin - apartments,Dublin,Apartments,148.8,-0.4,-0.9,
2005-07-01,2005-07,Dublin - houses,Dublin,Houses,119.7,1.7,3.0,
2005-07-01,2005-07,National - all residential properties,National,All residential,131.6,1.6,3.2,
2005-07-01,2005-07,National - apartments,National,Apartments,153.6,0.2,0.1,
2005-07-01,2005-07,National - houses,National,Houses,128.2,1.7,3.6,
2005-07-01,2005-07,National excluding Dublin - all residential properties,National excluding Dublin,All residential,149.3,1.8,3.8,
2005-07-01,2005-07,National excluding Dublin - apartments,National excluding Dublin,Apartments,187.2,2.0,2.4,
2005-07-01,2005-07,National excluding Dublin - houses,National excluding Dublin,Houses,147.1,1.8,3.9,
2005-08-01,2005-08,Dublin - all residential properties,Dublin,All residential,127.7,1.9,3.3,
2005-08-01,2005-08,Dublin - apartments,Dublin,Apartments,150.6,1.2,0.4,
2005-08-01,2005-08,Dublin - houses,Dublin,Houses,122.0,1.9,3.9,
2005-08-01,2005-08,National - all residential properties,National,All residential,133.8,1.7,4.2,
2005-08-01,2005-08,National - apartments,National,Apartments,155.8,1.4,1.4,
2005-08-01,2005-08,National - houses,National,Houses,130.2,1.6,4.4,
2005-08-01,2005-08,National excluding Dublin - all residential properties,National excluding Dublin,All residential,151.6,1.5,4.7,
2005-08-01,2005-08,National excluding Dublin - apartments,National excluding Dublin,Apartments,193.7,3.5,5.3,
2005-08-01,2005-08,National excluding Dublin - houses,National excluding Dublin,Houses,149.1,1.4,4.7,
2005-09-01,2005-09,Dublin - all residential properties,Dublin,All residential,130.0,1.8,5.0,
2005-09-01,2005-09,Dublin - apartments,Dublin,Apartments,153.8,2.1,3.0,
2005-09-01,2005-09,Dublin - houses,Dublin,Houses,123.8,1.5,5.1,
2005-09-01,2005-09,National - all residential properties,National,All residential,135.2,1.1,4.4,
2005-09-01,2005-09,National - apartments,National,Apartments,158.3,1.6,3.3,
2005-09-01,2005-09,National - houses,National,Houses,131.3,0.9,4.3,
2005-09-01,2005-09,National excluding Dublin - all residential properties,National excluding Dublin,All residential,152.7,0.7,4.0,
2005-09-01,2005-09,National excluding Dublin - apartments,National excluding Dublin,Apartments,197.2,1.8,7.4,
2005-09-01,2005-09,National excluding Dublin - houses,National excluding Dublin,Houses,150.1,0.7,3.9,
2005-10-01,2005-10,Dublin - all residential properties,Dublin,All residential,133.7,2.8,6.7,
2005-10-01,2005-10,Dublin - apartments,Dublin,Apartments,156.2,1.5,5.0,
2005-10-01,2005-10,Dublin - houses,Dublin,Houses,127.7,3.2,6.7,
2005-10-01,2005-10,National - all residential properties,National,All residential,138.1,2.1,5.0,
2005-10-01,2005-10,National - apartments,National,Apartments,161.4,2.0,5.1,
2005-10-01,2005-10,National - houses,National,Houses,134.1,2.1,4.6,
2005-10-01,2005-10,National excluding Dublin - all residential properties,National excluding Dublin,All residential,155.3,1.7,4.0,
2005-10-01,2005-10,National excluding Dublin - apartments,National excluding Dublin,Apartments,205.0,4.0,9.5,
2005-10-01,2005-10,National excluding Dublin - houses,National excluding Dublin,Houses,152.5,1.6,3.7,
2005-11-01,2005-11,Dublin - all residential properties,Dublin,All residential,135.4,1.3,6.0,
2005-11-01,2005-11,Dublin - apartments,Dublin,Apartments,157.8,1.1,4.8,
2005-11-01,2005-11,Dublin - houses,Dublin,Houses,129.5,1.4,6.1,
2005-11-01,2005-11,National - all residential properties,National,All residential,139.3,0.9,4.1,
2005-11-01,2005-11,National - apartments,National,Apartments,163.4,1.3,4.9,
2005-11-01,2005-11,National - houses,National,Houses,135.3,0.9,3.9,
2005-11-01,2005-11,National excluding Dublin - all residential properties,National excluding Dublin,All residential,156.3,0.6,3.1,
2005-11-01,2005-11,National excluding Dublin - apartments,National excluding Dublin,Apartments,207.8,1.4,7.3,
2005-11-01,2005-11,National excluding Dublin - houses,National excluding Dublin,Houses,153.5,0.6,2.9,
2005-12-01,2005-12,Dublin - all residential properties,Dublin,All residential,136.2,0.6,4.7,
2005-12-01,2005-12,Dublin - apartments,Dublin,Apartments,160.1,1.4,4.1,
2005-12-01,2005-12,Dublin - houses,Dublin,Houses,129.9,0.3,4.9,
2005-12-01,2005-12,National - all residential properties,National,All residential,140.7,1.0,4.0,
2005-12-01,2005-12,National - apartments,National,Apartments,166.4,1.8,5.1,
2005-12-01,2005-12,National - houses,National,Houses,136.5,0.9,3.9,
2005-12-01,2005-12,National excluding Dublin - all residential properties,National excluding Dublin,All residential,158.2,1.2,3.7,
2005-12-01,2005-12,National excluding Dublin - apartments,National excluding Dublin,Apartments,213.2,2.6,8.1,
2005-12-01,2005-12,National excluding Dublin - houses,National excluding Dublin,Houses,155.3,1.2,3.4,
2006-01-01,2006-01,Dublin - all residential properties,Dublin,All residential,136.8,0.5,2.3,15.4
2006-01-01,2006-01,Dublin - apartments,Dublin,Apartments,159.9,-0.1,2.4,11.0
2006-01-01,2006-01,Dublin - houses,Dublin,Houses,130.9,0.8,2.5,16.9
2006-01-01,2006-01,National - all residential properties,National,All residential,141.4,0.5,2.4,13.2
2006-01-01,2006-01,National - apartments,National,Apartments,167.8,0.8,4.0,9.3
2006-01-01,2006-01,National - houses,National,Houses,137.3,0.6,2.4,13.7
2006-01-01,2006-01,National excluding Dublin - all residential properties,National excluding Dublin,All residential,159.0,0.5,2.4,11.9
2006-01-01,2006-01,National excluding Dublin - apartments,National excluding Dublin,Apartments,216.3,1.5,5.5,8.0
2006-01-01,2006-01,National excluding Dublin - houses,National excluding Dublin,Houses,156.0,0.5,2.3,12.2
2006-02-01,2006-02,Dublin - all residential properties,Dublin,All residential,137.9,0.8,1.9,14.0
2006-02-01,2006-02,Dublin - apartments,Dublin,Apartments,160.7,0.5,1.8,8.0
2006-02-01,2006-02,Dublin - houses,Dublin,Houses,132.3,1.0,2.2,16.1
2006-02-01,2006-02,National - all residential properties,National,All residential,141.7,0.3,1.7,12.5
2006-02-01,2006-02,National - apartments,National,Apartments,169.0,0.7,3.4,9.9
2006-02-01,2006-02,National - houses,National,Houses,137.7,0.3,1.8,13.0
2006-02-01,2006-02,National excluding Dublin - all residential properties,National excluding Dublin,All residential,158.9,-0.1,1.7,11.7
2006-02-01,2006-02,National excluding Dublin - apartments,National excluding Dublin,Apartments,216.2,-0.1,4.0,14.6
2006-02-01,2006-02,National excluding Dublin - houses,National excluding Dublin,Houses,155.9,0.0,1.6,11.6
2006-03-01,2006-03,Dublin - all residential properties,Dublin,All residential,138.7,0.6,1.9,13.8
2006-03-01,2006-03,Dublin - apartments,Dublin,Apartments,161.4,0.5,0.8,7.6
2006-03-01,2006-03,Dublin - houses,Dublin,Houses,133.1,0.6,2.5,15.8
2006-03-01,2006-03,National - all residential properties,National,All residential,142.5,0.5,1.3,12.5
2006-03-01,2006-03,National - apartments,National,Apartments,170.1,0.6,2.2,10.7
2006-03-01,2006-03,National - houses,National,Houses,138.5,0.6,1.5,12.9
2006-03-01,2006-03,National excluding Dublin - all residential properties,National excluding Dublin,All residential,159.7,0.5,0.9,11.8
2006-03-01,2006-03,National excluding Dublin - apartments,National excluding Dublin,Apartments,216.0,-0.1,1.4,17.2
2006-03-01,2006-03,National excluding Dublin - houses,National excluding Dublin,Houses,156.8,0.6,1.0,11.6
2006-04-01,2006-04,Dublin - all residential properties,Dublin,All residential,141.3,1.8,3.3,15.1
2006-04-01,2006-04,Dublin - apartments,Dublin,Apartments,164.8,2.1,3.1,9.8
2006-04-01,2006-04,Dublin - houses,Dublin,Houses,135.2,1.6,3.3,16.4
2006-04-01,2006-04,National - all residential properties,National,All residential,144.6,1.5,2.3,13.4
2006-04-01,2006-04,National - apartments,National,Apartments,172.7,1.5,2.9,12.5
2006-04-01,2006-04,National - houses,National,Houses,140.5,1.4,2.3,13.6
2006-04-01,2006-04,National excluding Dublin - all residential properties,National excluding Dublin,All residential,161.8,1.3,1.7,12.5
2006-04-01,2006-04,National excluding Dublin - apartments,National excluding Dublin,Apartments,217.3,0.6,0.5,18.9
2006-04-01,2006-04,National excluding Dublin - houses,National excluding Dublin,Houses,158.9,1.3,1.9,12.3
2006-05-01,2006-05,Dublin - all residential properties,Dublin,All residential,145.0,2.6,5.1,17.2
2006-05-01,2006-05,Dublin - apartments,Dublin,Apartments,167.5,1.6,4.2,11.6
2006-05-01,2006-05,Dublin - houses,Dublin,Houses,139.1,2.9,5.2,18.5
2006-05-01,2006-05,National - all residential properties,National,All residential,147.6,2.1,4.1,15.0
2006-05-01,2006-05,National - apartments,National,Apartments,175.0,1.3,3.5,13.8
2006-05-01,2006-05,National - houses,National,Houses,143.4,2.1,4.2,15.1
2006-05-01,2006-05,National excluding Dublin - all residential properties,National excluding Dublin,All residential,164.6,1.7,3.6,13.7
2006-05-01,2006-05,National excluding Dublin - apartments,National excluding Dublin,Apartments,219.3,0.9,1.4,19.2
2006-05-01,2006-05,National excluding Dublin - houses,National excluding Dublin,Houses,161.7,1.8,3.7,13.5
2006-06-01,2006-06,Dublin - all residential properties,Dublin,All residential,148.7,2.5,7.2,20.1
2006-06-01,2006-06,Dublin - apartments,Dublin,Apartments,169.8,1.4,5.2,13.7
2006-06-01,2006-06,Dublin - houses,Dublin,Houses,143.1,2.9,7.5,21.6
2006-06-01,2006-06,National - all residential properties,National,All residential,150.3,1.8,5.5,16.0
2006-06-01,2006-06,National - apartments,National,Apartments,176.9,1.1,4.0,15.4
2006-06-01,2006-06,National - houses,National,Houses,146.2,1.9,5.6,16.0
2006-06-01,2006-06,National excluding Dublin - all residential properties,National excluding Dublin,All residential,166.9,1.4,4.5,13.7
2006-06-01,2006-06,National excluding Dublin - apartments,National excluding Dublin,Apartments,220.2,0.4,1.9,20.0
2006-06-01,2006-06,National excluding Dublin - houses,National excluding Dublin,Houses,164.0,1.5,4.6,13.5
2006-07-01,2006-07,Dublin - all residential properties,Dublin,All residential,153.4,3.2,8.6,22.5
2006-07-01,2006-07,Dublin - apartments,Dublin,Apartments,172.0,1.3,4.4,15.6
2006-07-01,2006-07,Dublin - houses,Dublin,Houses,148.6,3.8,9.9,24.1
2006-07-01,2006-07,National - all residential properties,National,All residential,153.7,2.3,6.3,16.8
2006-07-01,2006-07,National - apartments,National,Apartments,179.1,1.2,3.7,16.6
2006-07-01,2006-07,National - houses,National,Houses,149.7,2.4,6.6,16.8
2006-07-01,2006-07,National excluding Dublin - all residential properties,National excluding Dublin,All residential,169.7,1.7,4.9,13.7
2006-07-01,2006-07,National excluding Dublin - apartments,National excluding Dublin,Apartments,223.2,1.3,2.7,19.2
2006-07-01,2006-07,National excluding Dublin - houses,National excluding Dublin,Houses,166.8,1.7,5.0,13.4
2006-08-01,2006-08,Dublin - all residential properties,Dublin,All residential,157.9,2.9,8.9,23.6
2006-08-01,2006-08,Dublin - apartments,Dublin,Apartments,176.7,2.7,5.5,17.3
2006-08-01,2006-08,Dublin - houses,Dublin,Houses,152.9,2.9,9.9,25.4
2006-08-01,2006-08,National - all residential properties,National,All residential,157.1,2.2,6.4,17.4
2006-08-01,2006-08,National - apartments,National,Apartments,182.5,1.9,4.3,17.2
2006-08-01,2006-08,National - houses,National,Houses,153.0,2.2,6.7,17.5
2006-08-01,2006-08,National excluding Dublin - all residential properties,National excluding Dublin,All residential,172.8,1.8,5.0,13.9
2006-08-01,2006-08,National excluding Dublin - apartments,National excluding Dublin,Apartments,225.7,1.1,2.9,16.5
2006-08-01,2006-08,National excluding Dublin - houses,National excluding Dublin,Houses,169.9,1.8,5.1,13.9
2006-09-01,2006-09,Dublin - all residential properties,Dublin,All residential,158.2,0.2,6.4,21.7
2006-09-01,2006-09,Dublin - apartments,Dublin,Apartments,179.7,1.7,5.8,16.8
2006-09-01,2006-09,Dublin - houses,Dublin,Houses,152.6,-0.2,6.6,23.3
2006-09-01,2006-09,National - all residential properties,National,All residential,158.4,0.8,5.4,17.2
2006-09-01,2006-09,National - apartments,National,Apartments,185.5,1.6,4.9,17.2
2006-09-01,2006-09,National - houses,National,Houses,154.1,0.7,5.4,17.3
2006-09-01,2006-09,National excluding Dublin - all residential properties,National excluding Dublin,All residential,174.9,1.2,4.8,14.6
2006-09-01,2006-09,National excluding Dublin - apartments,National excluding Dublin,Apartments,229.7,1.8,4.3,16.5
2006-09-01,2006-09,National excluding Dublin - houses,National excluding Dublin,Houses,171.9,1.2,4.8,14.5
2006-10-01,2006-10,Dublin - all residential properties,Dublin,All residential,159.3,0.6,3.8,19.1
2006-10-01,2006-10,Dublin - apartments,Dublin,Apartments,179.6,-0.1,4.4,15.0
2006-10-01,2006-10,Dublin - houses,Dublin,Houses,154.2,1.0,3.8,20.7
2006-10-01,2006-10,National - all residential properties,National,All residential,159.4,0.6,3.7,15.4
2006-10-01,2006-10,National - apartments,National,Apartments,186.9,0.8,4.4,15.8
2006-10-01,2006-10,National - houses,National,Houses,155.1,0.7,3.6,15.7
2006-10-01,2006-10,National excluding Dublin - all residential properties,National excluding Dublin,All residential,176.0,0.6,3.7,13.3
2006-10-01,2006-10,National excluding Dublin - apartments,National excluding Dublin,Apartments,233.5,1.7,4.6,13.9
2006-10-01,2006-10,National excluding Dublin - houses,National excluding Dublin,Houses,172.8,0.5,3.6,13.3
2006-11-01,2006-11,Dublin - all residential properties,Dublin,All residential,158.7,-0.4,0.5,17.2
2006-11-01,2006-11,Dublin - apartments,Dublin,Apartments,180.4,0.5,2.1,14.3
2006-11-01,2006-11,Dublin - houses,Dublin,Houses,153.4,-0.5,0.3,18.5
2006-11-01,2006-11,National - all residential properties,National,All residential,159.4,0.0,1.5,14.4
2006-11-01,2006-11,National - apartments,National,Apartments,187.8,0.5,2.9,14.9
2006-11-01,2006-11,National - houses,National,Houses,155.2,0.0,1.4,14.7
2006-11-01,2006-11,National excluding Dublin - all residential properties,National excluding Dublin,All residential,176.3,0.2,2.1,12.8
2006-11-01,2006-11,National excluding Dublin - apartments,National excluding Dublin,Apartments,232.5,-0.4,3.0,11.9
2006-11-01,2006-11,National excluding Dublin - houses,National excluding Dublin,Houses,173.3,0.3,2.0,12.9
2006-12-01,2006-12,Dublin - all residential properties,Dublin,All residential,158.9,0.1,0.4,16.7
2006-12-01,2006-12,Dublin - apartments,Dublin,Apartments,181.3,0.5,0.9,13.3
2006-12-01,2006-12,Dublin - houses,Dublin,Houses,153.4,0.0,0.5,18.1
2006-12-01,2006-12,National - all residential properties,National,All residential,160.6,0.8,1.4,14.2
2006-12-01,2006-12,National - apartments,National,Apartments,189.0,0.6,1.9,13.6
2006-12-01,2006-12,National - houses,National,Houses,156.5,0.8,1.6,14.6
2006-12-01,2006-12,National excluding Dublin - all residential properties,National excluding Dublin,All residential,178.4,1.2,2.0,12.7
2006-12-01,2006-12,National excluding Dublin - apartments,National excluding Dublin,Apartments,233.1,0.3,1.5,9.4
2006-12-01,2006-12,National excluding Dublin - houses,National excluding Dublin,Houses,175.4,1.2,2.1,13.0
2007-01-01,2007-01,Dublin - all residential properties,Dublin,All residential,159.2,0.2,-0.1,16.4
2007-01-01,2007-01,Dublin - apartments,Dublin,Apartments,183.4,1.1,2.1,14.7
2007-01-01,2007-01,Dublin - houses,Dublin,Houses,153.0,-0.3,-0.8,16.8
2007-01-01,2007-01,National - all residential properties,National,All residential,162.0,0.9,1.6,14.6
2007-01-01,2007-01,National - apartments,National,Apartments,190.9,1.0,2.2,13.8
2007-01-01,2007-01,National - houses,National,Houses,157.7,0.8,1.6,14.9
2007-01-01,2007-01,National excluding Dublin - all residential properties,National excluding Dublin,All residential,180.6,1.3,2.6,13.6
2007-01-01,2007-01,National excluding Dublin - apartments,National excluding Dublin,Apartments,235.6,1.1,0.9,8.9
2007-01-01,2007-01,National excluding Dublin - houses,National excluding Dublin,Houses,177.6,1.3,2.8,13.9
2007-02-01,2007-02,Dublin - all residential properties,Dublin,All residential,160.0,0.5,0.8,16.0
2007-02-01,2007-02,Dublin - apartments,Dublin,Apartments,185.1,0.9,2.6,15.2
2007-02-01,2007-02,Dublin - houses,Dublin,Houses,153.4,0.3,0.0,16.0
2007-02-01,2007-02,National - all residential properties,National,All residential,162.7,0.5,2.1,14.8
2007-02-01,2007-02,National - apartments,National,Apartments,192.3,0.7,2.4,13.8
2007-02-01,2007-02,National - houses,National,Houses,158.3,0.4,2.0,15.0
2007-02-01,2007-02,National excluding Dublin - all residential properties,National excluding Dublin,All residential,181.4,0.5,2.9,14.2
2007-02-01,2007-02,National excluding Dublin - apartments,National excluding Dublin,Apartments,236.1,0.2,1.5,9.2
2007-02-01,2007-02,National excluding Dublin - houses,National excluding Dublin,Houses,178.5,0.5,3.0,14.5
2007-03-01,2007-03,Dublin - all residential properties,Dublin,All residential,158.5,-0.9,-0.3,14.2
2007-03-01,2007-03,Dublin - apartments,Dublin,Apartments,181.7,-1.8,0.2,12.6
2007-03-01,2007-03,Dublin - houses,Dublin,Houses,152.8,-0.4,-0.4,14.8
2007-03-01,2007-03,National - all residential properties,National,All residential,162.9,0.1,1.5,14.4
2007-03-01,2007-03,National - apartments,National,Apartments,191.0,-0.7,1.1,12.3
2007-03-01,2007-03,National - houses,National,Houses,158.9,0.4,1.6,14.8
2007-03-01,2007-03,National excluding Dublin - all residential properties,National excluding Dublin,All residential,182.7,0.7,2.5,14.4
2007-03-01,2007-03,National excluding Dublin - apartments,National excluding Dublin,Apartments,236.8,0.3,1.6,9.6
2007-03-01,2007-03,National excluding Dublin - houses,National excluding Dublin,Houses,179.8,0.8,2.5,14.7
2007-04-01,2007-04,Dublin - all residential properties,Dublin,All residential,158.8,0.2,-0.2,12.4
2007-04-01,2007-04,Dublin - apartments,Dublin,Apartments,178.0,-2.1,-2.9,8.0
2007-04-01,2007-04,Dublin - houses,Dublin,Houses,154.7,1.2,1.1,14.4
2007-04-01,2007-04,National - all residential properties,National,All residential,163.6,0.4,1.0,13.1
2007-04-01,2007-04,National - apartments,National,Apartments,189.4,-0.8,-0.8,9.7
2007-04-01,2007-04,National - houses,National,Houses,160.0,0.7,1.5,13.9
2007-04-01,2007-04,National excluding Dublin - all residential properties,National excluding Dublin,All residential,183.6,0.5,1.7,13.5
2007-04-01,2007-04,National excluding Dublin - apartments,National excluding Dublin,Apartments,238.6,0.7,1.2,9.8
2007-04-01,2007-04,National excluding Dublin - houses,National excluding Dublin,Houses,180.6,0.4,1.7,13.7
2007-05-01,2007-05,Dublin - all residential properties,Dublin,All residential,157.2,-1.0,-1.7,8.4
2007-05-01,2007-05,Dublin - apartments,Dublin,Apartments,179.6,0.9,-2.9,7.3
2007-05-01,2007-05,Dublin - houses,Dublin,Houses,151.7,-1.9,-1.1,9.1
2007-05-01,2007-05,National - all residential properties,National,All residential,163.1,-0.3,0.2,10.5
2007-05-01,2007-05,National - apartments,National,Apartments,190.3,0.4,-1.1,8.7
2007-05-01,2007-05,National - houses,National,Houses,159.2,-0.6,0.5,11.0
2007-05-01,2007-05,National excluding Dublin - all residential properties,National excluding Dublin,All residential,183.7,0.1,1.3,11.6
2007-05-01,2007-05,National excluding Dublin - apartments,National excluding Dublin,Apartments,239.4,0.3,1.4,9.2
2007-05-01,2007-05,National excluding Dublin - houses,National excluding Dublin,Houses,180.7,0.0,1.3,11.8
2007-06-01,2007-06,Dublin - all residential properties,Dublin,All residential,157.6,0.2,-0.5,6.0
2007-06-01,2007-06,Dublin - apartments,Dublin,Apartments,178.6,-0.6,-1.7,5.2
2007-06-01,2007-06,Dublin - houses,Dublin,Houses,152.4,0.4,-0.3,6.4
2007-06-01,2007-06,National - all residential properties,National,All residential,162.7,-0.2,-0.1,8.3
2007-06-01,2007-06,National - apartments,National,Apartments,189.7,-0.3,-0.7,7.2
2007-06-01,2007-06,National - houses,National,Houses,158.8,-0.2,-0.1,8.6
2007-06-01,2007-06,National excluding Dublin - all residential properties,National excluding Dublin,All residential,182.9,-0.4,0.1,9.6
2007-06-01,2007-06,National excluding Dublin - apartments,National excluding Dublin,Apartments,240.3,0.4,1.5,9.1
2007-06-01,2007-06,National excluding Dublin - houses,National excluding Dublin,Houses,179.8,-0.5,0.0,9.6
2007-07-01,2007-07,Dublin - all residential properties,Dublin,All residential,158.5,0.6,-0.2,3.3
2007-07-01,2007-07,Dublin - apartments,Dublin,Apartments,178.6,0.0,0.4,3.8
2007-07-01,2007-07,Dublin - houses,Dublin,Houses,153.4,0.7,-0.9,3.2
2007-07-01,2007-07,National - all residential properties,National,All residential,163.2,0.3,-0.3,6.2
2007-07-01,2007-07,National - apartments,National,Apartments,188.7,-0.5,-0.4,5.4
2007-07-01,2007-07,National - houses,National,Houses,159.4,0.4,-0.4,6.5
2007-07-01,2007-07,National excluding Dublin - all residential properties,National excluding Dublin,All residential,183.1,0.1,-0.3,7.9
2007-07-01,2007-07,National excluding Dublin - apartments,National excluding Dublin,Apartments,237.3,-1.2,-0.5,6.3
2007-07-01,2007-07,National excluding Dublin - houses,National excluding Dublin,Houses,180.2,0.2,-0.2,8.0
2007-08-01,2007-08,Dublin - all residential properties,Dublin,All residential,157.7,-0.5,0.3,-0.2
2007-08-01,2007-08,Dublin - apartments,Dublin,Apartments,178.5,0.0,-0.6,1.0
2007-08-01,2007-08,Dublin - houses,Dublin,Houses,152.3,-0.7,0.4,-0.4
2007-08-01,2007-08,National - all residential properties,National,All residential,162.8,-0.2,-0.1,3.7
2007-08-01,2007-08,National - apartments,National,Apartments,188.3,-0.2,-1.0,3.2
2007-08-01,2007-08,National - houses,National,Houses,159.0,-0.2,-0.1,3.9
2007-08-01,2007-08,National excluding Dublin - all residential properties,National excluding Dublin,All residential,183.0,0.0,-0.4,5.9
2007-08-01,2007-08,National excluding Dublin - apartments,National excluding Dublin,Apartments,237.3,0.0,-0.9,5.2
2007-08-01,2007-08,National excluding Dublin - houses,National excluding Dublin,Houses,180.2,0.0,-0.3,6.0
2007-09-01,2007-09,Dublin - all residential properties,Dublin,All residential,157.9,0.2,0.2,-0.2
2007-09-01,2007-09,Dublin - apartments,Dublin,Apartments,176.9,-0.9,-1.0,-1.6
2007-09-01,2007-09,Dublin - houses,Dublin,Houses,153.3,0.7,0.6,0.4
2007-09-01,2007-09,National - all residential properties,National,All residential,162.9,0.0,0.1,2.8
2007-09-01,2007-09,National - apartments,National,Apartments,187.1,-0.7,-1.4,0.8
2007-09-01,2007-09,National - houses,National,Houses,159.2,0.1,0.3,3.3
2007-09-01,2007-09,National excluding Dublin - all residential properties,National excluding Dublin,All residential,182.9,-0.1,0.0,4.6
2007-09-01,2007-09,National excluding Dublin - apartments,National excluding Dublin,Apartments,237.3,0.0,-1.2,3.3
2007-09-01,2007-09,National excluding Dublin - houses,National excluding Dublin,Houses,180.0,-0.1,0.1,4.7
2007-10-01,2007-10,Dublin - all residential properties,Dublin,All residential,158.0,0.0,-0.3,-0.8
2007-10-01,2007-10,Dublin - apartments,Dublin,Apartments,176.0,-0.5,-1.4,-2.0
2007-10-01,2007-10,Dublin - houses,Dublin,Houses,153.7,0.2,0.2,-0.3
2007-10-01,2007-10,National - all residential properties,National,All residential,162.4,-0.3,-0.5,1.9
2007-10-01,2007-10,National - apartments,National,Apartments,186.5,-0.3,-1.2,-0.2
2007-10-01,2007-10,National - houses,National,Houses,158.7,-0.3,-0.4,2.3
2007-10-01,2007-10,National excluding Dublin - all residential properties,National excluding Dublin,All residential,182.1,-0.5,-0.5,3.5
2007-10-01,2007-10,National excluding Dublin - apartments,National excluding Dublin,Apartments,238.3,0.4,0.4,2.1
2007-10-01,2007-10,National excluding Dublin - houses,National excluding Dublin,Houses,179.0,-0.6,-0.7,3.6
2007-11-01,2007-11,Dublin - all residential properties,Dublin,All residential,156.6,-0.9,-0.7,-1.3
2007-11-01,2007-11,Dublin - apartments,Dublin,Apartments,174.3,-1.0,-2.3,-3.4
2007-11-01,2007-11,Dublin - houses,Dublin,Houses,152.4,-0.8,0.1,-0.6
2007-11-01,2007-11,National - all residential properties,National,All residential,162.3,0.0,-0.3,1.9
2007-11-01,2007-11,National - apartments,National,Apartments,185.4,-0.6,-1.5,-1.3
2007-11-01,2007-11,National - houses,National,Houses,158.8,0.0,-0.1,2.3
2007-11-01,2007-11,National excluding Dublin - all residential properties,National excluding Dublin,All residential,182.8,0.4,-0.1,3.7
2007-11-01,2007-11,National excluding Dublin - apartments,National excluding Dublin,Apartments,239.3,0.4,0.8,2.9
2007-11-01,2007-11,National excluding Dublin - houses,National excluding Dublin,Houses,179.7,0.4,-0.2,3.7
2007-12-01,2007-12,Dublin - all residential properties,Dublin,All residential,154.6,-1.3,-2.1,-2.7
2007-12-01,2007-12,Dublin - apartments,Dublin,Apartments,176.1,1.0,-0.4,-2.9
2007-12-01,2007-12,Dublin - houses,Dublin,Houses,149.0,-2.2,-2.8,-2.9
2007-12-01,2007-12,National - all residential properties,National,All residential,161.4,-0.6,-0.9,0.5
2007-12-01,2007-12,National - apartments,National,Apartments,185.6,0.1,-0.8,-1.8
2007-12-01,2007-12,National - houses,National,Houses,157.6,-0.7,-1.0,0.7
2007-12-01,2007-12,National excluding Dublin - all residential properties,National excluding Dublin,All residential,182.5,-0.2,-0.3,2.3
2007-12-01,2007-12,National excluding Dublin - apartments,National excluding Dublin,Apartments,237.0,-1.0,-0.1,1.7
2007-12-01,2007-12,National excluding Dublin - houses,National excluding Dublin,Houses,179.5,-0.1,-0.3,2.3
2008-01-01,2008-01,Dublin - all residential properties,Dublin,All residential,151.1,-2.3,-4.4,-5.1
2008-01-01,2008-01,Dublin - apartments,Dublin,Apartments,175.6,-0.3,-0.3,-4.2
2008-01-01,2008-01,Dublin - houses,Dublin,Houses,144.5,-3.0,-6.0,-5.5
2008-01-01,2008-01,National - all residential properties,National,All residential,160.0,-0.9,-1.5,-1.2
2008-01-01,2008-01,National - apartments,National,Apartments,184.1,-0.8,-1.3,-3.6
2008-01-01,2008-01,National - houses,National,Houses,156.3,-0.8,-1.5,-0.9
2008-01-01,2008-01,National excluding Dublin - all residential properties,National excluding Dublin,All residential,182.2,-0.2,0.0,0.9
2008-01-01,2008-01,National excluding Dublin - apartments,National excluding Dublin,Apartments,232.3,-2.0,-2.6,-1.4
2008-01-01,2008-01,National excluding Dublin - houses,National excluding Dublin,Houses,179.6,0.0,0.3,1.1
2008-02-01,2008-02,Dublin - all residential properties,Dublin,All residential,150.2,-0.6,-4.1,-6.1
2008-02-01,2008-02,Dublin - apartments,Dublin,Apartments,176.4,0.5,1.2,-4.7
2008-02-01,2008-02,Dublin - houses,Dublin,Houses,143.1,-1.0,-6.1,-6.7
2008-02-01,2008-02,National - all residential properties,National,All residential,158.6,-0.9,-2.3,-2.5
2008-02-01,2008-02,National - apartments,National,Apartments,183.4,-0.4,-1.1,-4.6
2008-02-01,2008-02,National - houses,National,Houses,154.8,-1.0,-2.5,-2.2
2008-02-01,2008-02,National excluding Dublin - all residential properties,National excluding Dublin,All residential,180.3,-1.0,-1.4,-0.6
2008-02-01,2008-02,National excluding Dublin - apartments,National excluding Dublin,Apartments,227.7,-2.0,-4.9,-3.6
2008-02-01,2008-02,National excluding Dublin - houses,National excluding Dublin,Houses,178.0,-0.9,-1.0,-0.3
2008-03-01,2008-03,Dublin - all residential properties,Dublin,All residential,149.5,-0.5,-3.3,-5.7
2008-03-01,2008-03,Dublin - apartments,Dublin,Apartments,176.0,-0.2,0.0,-3.1
2008-03-01,2008-03,Dublin - houses,Dublin,Houses,142.4,-0.5,-4.5,-6.8
2008-03-01,2008-03,National - all residential properties,National,All residential,157.3,-0.8,-2.6,-3.5
2008-03-01,2008-03,National - apartments,National,Apartments,183.3,0.0,-1.2,-4.0
2008-03-01,2008-03,National - houses,National,Houses,153.2,-1.1,-2.8,-3.6
2008-03-01,2008-03,National excluding Dublin - all residential properties,National excluding Dublin,All residential,178.5,-1.0,-2.2,-2.3
2008-03-01,2008-03,National excluding Dublin - apartments,National excluding Dublin,Apartments,229.1,0.6,-3.4,-3.3
2008-03-01,2008-03,National excluding Dublin - houses,National excluding Dublin,Houses,175.8,-1.2,-2.1,-2.2
2008-04-01,2008-04,Dublin - all residential properties,Dublin,All residential,149.5,0.0,-1.1,-5.9
2008-04-01,2008-04,Dublin - apartments,Dublin,Apartments,173.6,-1.4,-1.1,-2.5
2008-04-01,2008-04,Dublin - houses,Dublin,Houses,143.6,0.9,-0.6,-7.2
2008-04-01,2008-04,National - all residential properties,National,All residential,155.9,-0.9,-2.6,-4.7
2008-04-01,2008-04,National - apartments,National,Apartments,181.1,-1.2,-1.6,-4.4
2008-04-01,2008-04,National - houses,National,Houses,152.1,-0.7,-2.7,-4.9
2008-04-01,2008-04,National excluding Dublin - all residential properties,National excluding Dublin,All residential,176.3,-1.3,-3.2,-4.0
2008-04-01,2008-04,National excluding Dublin - apartments,National excluding Dublin,Apartments,225.4,-1.6,-3.0,-5.5
2008-04-01,2008-04,National excluding Dublin - houses,National excluding Dublin,Houses,173.7,-1.2,-3.3,-3.9
2008-05-01,2008-05,Dublin - all residential properties,Dublin,All residential,149.5,0.0,-0.5,-4.9
2008-05-01,2008-05,Dublin - apartments,Dublin,Apartments,169.0,-2.6,-4.2,-5.9
2008-05-01,2008-05,Dublin - houses,Dublin,Houses,145.9,1.6,2.0,-3.8
2008-05-01,2008-05,National - all residential properties,National,All residential,154.2,-1.1,-2.8,-5.4
2008-05-01,2008-05,National - apartments,National,Apartments,177.6,-2.0,-3.2,-6.7
2008-05-01,2008-05,National - houses,National,Houses,151.0,-0.7,-2.5,-5.1
2008-05-01,2008-05,National excluding Dublin - all residential properties,National excluding Dublin,All residential,173.4,-1.6,-3.8,-5.6
2008-05-01,2008-05,National excluding Dublin - apartments,National excluding Dublin,Apartments,220.4,-2.2,-3.2,-7.9
2008-05-01,2008-05,National excluding Dublin - houses,National excluding Dublin,Houses,171.0,-1.5,-3.9,-5.4
2008-06-01,2008-06,Dublin - all residential properties,Dublin,All residential,148.1,-1.0,-1.0,-6.0
2008-06-01,2008-06,Dublin - apartments,Dublin,Apartments,164.8,-2.5,-6.4,-7.8
2008-06-01,2008-06,Dublin - houses,Dublin,Houses,145.6,-0.2,2.3,-4.4
2008-06-01,2008-06,National - all residential properties,National,All residential,152.7,-1.0,-2.9,-6.1
2008-06-01,2008-06,National - apartments,National,Apartments,175.0,-1.4,-4.5,-7.7
2008-06-01,2008-06,National - houses,National,Houses,149.7,-0.9,-2.3,-5.7
2008-06-01,2008-06,National excluding Dublin - all residential properties,National excluding Dublin,All residential,171.8,-1.0,-3.8,-6.1
2008-06-01,2008-06,National excluding Dublin - apartments,National excluding Dublin,Apartments,220.8,0.2,-3.6,-8.1
2008-06-01,2008-06,National excluding Dublin - houses,National excluding Dublin,Houses,169.1,-1.1,-3.8,-6.0
2008-07-01,2008-07,Dublin - all residential properties,Dublin,All residential,146.2,-1.2,-2.2,-7.7
2008-07-01,2008-07,Dublin - apartments,Dublin,Apartments,161.8,-1.8,-6.8,-9.4
2008-07-01,2008-07,Dublin - houses,Dublin,Houses,144.0,-1.2,0.2,-6.1
2008-07-01,2008-07,National - all residential properties,National,All residential,151.8,-0.6,-2.6,-6.9
2008-07-01,2008-07,National - apartments,National,Apartments,172.9,-1.2,-4.6,-8.4
2008-07-01,2008-07,National - houses,National,Houses,148.9,-0.5,-2.1,-6.6
2008-07-01,2008-07,National excluding Dublin - all residential properties,National excluding Dublin,All residential,171.3,-0.3,-2.8,-6.4
2008-07-01,2008-07,National excluding Dublin - apartments,National excluding Dublin,Apartments,220.7,-0.1,-2.1,-7.0
2008-07-01,2008-07,National excluding Dublin - houses,National excluding Dublin,Houses,168.5,-0.3,-3.0,-6.5
2008-08-01,2008-08,Dublin - all residential properties,Dublin,All residential,144.2,-1.4,-3.6,-8.6
2008-08-01,2008-08,Dublin - apartments,Dublin,Apartments,158.7,-1.9,-6.1,-11.1
2008-08-01,2008-08,Dublin - houses,Dublin,Houses,142.1,-1.3,-2.6,-6.7
2008-08-01,2008-08,National - all residential properties,National,All residential,150.3,-1.0,-2.5,-7.7
2008-08-01,2008-08,National - apartments,National,Apartments,170.0,-1.7,-4.2,-9.7
2008-08-01,2008-08,National - houses,National,Houses,147.5,-0.9,-2.3,-7.2
2008-08-01,2008-08,National excluding Dublin - all residential properties,National excluding Dublin,All residential,169.9,-0.8,-2.1,-7.2
2008-08-01,2008-08,National excluding Dublin - apartments,National excluding Dublin,Apartments,218.2,-1.2,-1.0,-8.1
2008-08-01,2008-08,National excluding Dublin - houses,National excluding Dublin,Houses,167.2,-0.8,-2.2,-7.2
2008-09-01,2008-09,Dublin - all residential properties,Dublin,All residential,139.3,-3.4,-5.9,-11.8
2008-09-01,2008-09,Dublin - apartments,Dublin,Apartments,153.6,-3.2,-6.8,-13.1
2008-09-01,2008-09,Dublin - houses,Dublin,Houses,137.1,-3.5,-5.9,-10.5
2008-09-01,2008-09,National - all residential properties,National,All residential,148.3,-1.3,-2.9,-8.9
2008-09-01,2008-09,National - apartments,National,Apartments,166.9,-1.8,-4.6,-10.8
2008-09-01,2008-09,National - houses,National,Houses,145.7,-1.2,-2.7,-8.5
2008-09-01,2008-09,National excluding Dublin - all residential properties,National excluding Dublin,All residential,169.3,-0.3,-1.5,-7.5
2008-09-01,2008-09,National excluding Dublin - apartments,National excluding Dublin,Apartments,219.8,0.8,-0.5,-7.4
2008-09-01,2008-09,National excluding Dublin - houses,National excluding Dublin,Houses,166.4,-0.5,-1.6,-7.5
2008-10-01,2008-10,Dublin - all residential properties,Dublin,All residential,134.4,-3.5,-8.1,-14.9
2008-10-01,2008-10,Dublin - apartments,Dublin,Apartments,145.2,-5.5,-10.3,-17.5
2008-10-01,2008-10,Dublin - houses,Dublin,Houses,133.9,-2.4,-7.0,-12.9
2008-10-01,2008-10,National - all residential properties,National,All residential,145.1,-2.2,-4.5,-10.7
2008-10-01,2008-10,National - apartments,National,Apartments,160.6,-3.8,-7.1,-13.9
2008-10-01,2008-10,National - houses,National,Houses,143.3,-1.7,-3.8,-9.7
2008-10-01,2008-10,National excluding Dublin - all residential properties,National excluding Dublin,All residential,166.6,-1.6,-2.7,-8.5
2008-10-01,2008-10,National excluding Dublin - apartments,National excluding Dublin,Apartments,213.9,-2.7,-3.1,-10.3
2008-10-01,2008-10,National excluding Dublin - houses,National excluding Dublin,Houses,164.1,-1.4,-2.7,-8.4
2008-11-01,2008-11,Dublin - all residential properties,Dublin,All residential,130.6,-2.8,-9.4,-16.6
2008-11-01,2008-11,Dublin - apartments,Dublin,Apartments,139.9,-3.6,-11.8,-19.7
2008-11-01,2008-11,Dublin - houses,Dublin,Houses,130.5,-2.6,-8.1,-14.4
2008-11-01,2008-11,National - all residential properties,National,All residential,142.5,-1.8,-5.2,-12.2
2008-11-01,2008-11,National - apartments,National,Apartments,155.8,-3.0,-8.4,-16.0
2008-11-01,2008-11,National - houses,National,Houses,141.1,-1.6,-4.4,-11.2
2008-11-01,2008-11,National excluding Dublin - all residential properties,National excluding Dublin,All residential,164.4,-1.3,-3.2,-10.1
2008-11-01,2008-11,National excluding Dublin - apartments,National excluding Dublin,Apartments,209.3,-2.1,-4.0,-12.5
2008-11-01,2008-11,National excluding Dublin - houses,National excluding Dublin,Houses,162.1,-1.2,-3.1,-9.8
2008-12-01,2008-12,Dublin - all residential properties,Dublin,All residential,128.0,-2.0,-8.1,-17.2
2008-12-01,2008-12,Dublin - apartments,Dublin,Apartments,136.6,-2.4,-11.1,-22.4
2008-12-01,2008-12,Dublin - houses,Dublin,Houses,127.6,-2.2,-6.9,-14.4
2008-12-01,2008-12,National - all residential properties,National,All residential,139.8,-1.9,-5.8,-13.4
2008-12-01,2008-12,National - apartments,National,Apartments,152.0,-2.4,-9.0,-18.1
2008-12-01,2008-12,National - houses,National,Houses,138.3,-2.0,-5.1,-12.2
2008-12-01,2008-12,National excluding Dublin - all residential properties,National excluding Dublin,All residential,161.3,-1.8,-4.7,-11.6
2008-12-01,2008-12,National excluding Dublin - apartments,National excluding Dublin,Apartments,206.0,-1.6,-6.3,-13.1
2008-12-01,2008-12,National excluding Dublin - houses,National excluding Dublin,Houses,159.0,-1.9,-4.4,-11.4
2009-01-01,2009-01,Dublin - all residential properties,Dublin,All residential,124.4,-2.8,-7.5,-17.7
2009-01-01,2009-01,Dublin - apartments,Dublin,Apartments,133.8,-2.0,-7.9,-23.8
2009-01-01,2009-01,Dublin - houses,Dublin,Houses,123.3,-3.4,-7.9,-14.7
2009-01-01,2009-01,National - all residential properties,National,All residential,136.2,-2.6,-6.1,-14.9
2009-01-01,2009-01,National - apartments,National,Apartments,146.9,-3.3,-8.5,-20.2
2009-01-01,2009-01,National - houses,National,Houses,134.9,-2.5,-5.9,-13.7
2009-01-01,2009-01,National excluding Dublin - all residential properties,National excluding Dublin,All residential,157.4,-2.4,-5.5,-13.6
2009-01-01,2009-01,National excluding Dublin - apartments,National excluding Dublin,Apartments,194.0,-5.8,-9.3,-16.5
2009-01-01,2009-01,National excluding Dublin - houses,National excluding Dublin,Houses,155.7,-2.1,-5.1,-13.3
2009-02-01,2009-02,Dublin - all residential properties,Dublin,All residential,118.9,-4.4,-9.0,-20.9
2009-02-01,2009-02,Dublin - apartments,Dublin,Apartments,128.4,-4.1,-8.3,-27.2
2009-02-01,2009-02,Dublin - houses,Dublin,Houses,117.7,-4.5,-9.8,-17.8
2009-02-01,2009-02,National - all residential properties,National,All residential,132.3,-2.8,-7.1,-16.6
2009-02-01,2009-02,National - apartments,National,Apartments,141.7,-3.6,-9.1,-22.8
2009-02-01,2009-02,National - houses,National,Houses,131.2,-2.7,-7.0,-15.2
2009-02-01,2009-02,National excluding Dublin - all residential properties,National excluding Dublin,All residential,154.2,-2.1,-6.2,-14.5
2009-02-01,2009-02,National excluding Dublin - apartments,National excluding Dublin,Apartments,189.5,-2.3,-9.4,-16.7
2009-02-01,2009-02,National excluding Dublin - houses,National excluding Dublin,Houses,152.4,-2.1,-6.0,-14.4
2009-03-01,2009-03,Dublin - all residential properties,Dublin,All residential,114.5,-3.7,-10.5,-23.4
2009-03-01,2009-03,Dublin - apartments,Dublin,Apartments,124.5,-3.0,-8.8,-29.3
2009-03-01,2009-03,Dublin - houses,Dublin,Houses,113.0,-4.0,-11.5,-20.7
2009-03-01,2009-03,National - all residential properties,National,All residential,128.9,-2.6,-7.8,-18.0
2009-03-01,2009-03,National - apartments,National,Apartments,137.7,-2.8,-9.4,-24.9
2009-03-01,2009-03,National - houses,National,Houses,127.7,-2.7,-7.7,-16.6
2009-03-01,2009-03,National excluding Dublin - all residential properties,National excluding Dublin,All residential,151.0,-2.0,-6.4,-15.4
2009-03-01,2009-03,National excluding Dublin - apartments,National excluding Dublin,Apartments,188.2,-0.7,-8.6,-17.8
2009-03-01,2009-03,National excluding Dublin - houses,National excluding Dublin,Houses,149.0,-2.2,-6.3,-15.2
2009-04-01,2009-04,Dublin - all residential properties,Dublin,All residential,110.1,-3.8,-11.4,-26.3
2009-04-01,2009-04,Dublin - apartments,Dublin,Apartments,121.0,-2.8,-9.6,-30.3
2009-04-01,2009-04,Dublin - houses,Dublin,Houses,108.2,-4.2,-12.2,-24.7
2009-04-01,2009-04,National - all residential properties,National,All residential,126.0,-2.3,-7.5,-19.2
2009-04-01,2009-04,National - apartments,National,Apartments,132.7,-3.6,-9.7,-26.7
2009-04-01,2009-04,National - houses,National,Houses,125.1,-2.1,-7.3,-17.8
2009-04-01,2009-04,National excluding Dublin - all residential properties,National excluding Dublin,All residential,148.6,-1.6,-5.6,-15.7
2009-04-01,2009-04,National excluding Dublin - apartments,National excluding Dublin,Apartments,179.1,-4.9,-7.7,-20.5
2009-04-01,2009-04,National excluding Dublin - houses,National excluding Dublin,Houses,147.0,-1.3,-5.5,-15.3
2009-05-01,2009-05,Dublin - all residential properties,Dublin,All residential,107.7,-2.2,-9.4,-28.0
2009-05-01,2009-05,Dublin - apartments,Dublin,Apartments,119.6,-1.2,-6.9,-29.3
2009-05-01,2009-05,Dublin - houses,Dublin,Houses,105.0,-2.9,-10.8,-28.0
2009-05-01,2009-05,National - all residential properties,National,All residential,123.1,-2.3,-7.0,-20.2
2009-05-01,2009-05,National - apartments,National,Apartments,129.3,-2.6,-8.7,-27.2
2009-05-01,2009-05,National - houses,National,Houses,122.1,-2.4,-7.0,-19.2
2009-05-01,2009-05,National excluding Dublin - all residential properties,National excluding Dublin,All residential,145.1,-2.3,-5.9,-16.3
2009-05-01,2009-05,National excluding Dublin - apartments,National excluding Dublin,Apartments,171.9,-4.0,-9.3,-22.0
2009-05-01,2009-05,National excluding Dublin - houses,National excluding Dublin,Houses,143.8,-2.2,-5.7,-15.9
2009-06-01,2009-06,Dublin - all residential properties,Dublin,All residential,106.4,-1.2,-7.0,-28.1
2009-06-01,2009-06,Dublin - apartments,Dublin,Apartments,117.9,-1.4,-5.3,-28.4
2009-06-01,2009-06,Dublin - houses,Dublin,Houses,103.8,-1.1,-8.1,-28.7
2009-06-01,2009-06,National - all residential properties,National,All residential,121.0,-1.7,-6.1,-20.8
2009-06-01,2009-06,National - apartments,National,Apartments,126.0,-2.6,-8.6,-28.0
2009-06-01,2009-06,National - houses,National,Houses,120.1,-1.6,-5.9,-19.8
2009-06-01,2009-06,National excluding Dublin - all residential properties,National excluding Dublin,All residential,142.4,-1.9,-5.7,-17.1
2009-06-01,2009-06,National excluding Dublin - apartments,National excluding Dublin,Apartments,165.0,-4.0,-12.4,-25.3
2009-06-01,2009-06,National excluding Dublin - houses,National excluding Dublin,Houses,141.3,-1.8,-5.2,-16.5
2009-07-01,2009-07,Dublin - all residential properties,Dublin,All residential,105.4,-1.0,-4.3,-27.9
2009-07-01,2009-07,Dublin - apartments,Dublin,Apartments,115.8,-1.8,-4.3,-28.5
2009-07-01,2009-07,Dublin - houses,Dublin,Houses,103.3,-0.5,-4.5,-28.2
2009-07-01,2009-07,National - all residential properties,National,All residential,119.3,-1.5,-5.3,-21.5
2009-07-01,2009-07,National - apartments,National,Apartments,123.2,-2.2,-7.2,-28.7
2009-07-01,2009-07,National - houses,National,Houses,118.4,-1.4,-5.3,-20.5
2009-07-01,2009-07,National excluding Dublin - all residential properties,National excluding Dublin,All residential,140.0,-1.7,-5.8,-18.3
2009-07-01,2009-07,National excluding Dublin - apartments,National excluding Dublin,Apartments,162.3,-1.6,-9.4,-26.5
2009-07-01,2009-07,National excluding Dublin - houses,National excluding Dublin,Houses,138.8,-1.7,-5.6,-17.6
2009-08-01,2009-08,Dublin - all residential properties,Dublin,All residential,105.5,0.2,-2.0,-26.8
2009-08-01,2009-08,Dublin - apartments,Dublin,Apartments,113.4,-2.0,-5.1,-28.5
2009-08-01,2009-08,Dublin - houses,Dublin,Houses,104.7,1.3,-0.3,-26.3
2009-08-01,2009-08,National - all residential properties,National,All residential,117.7,-1.3,-4.3,-21.7
2009-08-01,2009-08,National - apartments,National,Apartments,120.0,-2.7,-7.2,-29.4
2009-08-01,2009-08,National - houses,National,Houses,117.2,-1.0,-4.0,-20.6
2009-08-01,2009-08,National excluding Dublin - all residential properties,National excluding Dublin,All residential,137.3,-1.9,-5.4,-19.2
2009-08-01,2009-08,National excluding Dublin - apartments,National excluding Dublin,Apartments,155.9,-3.9,-9.3,-28.5
2009-08-01,2009-08,National excluding Dublin - houses,National excluding Dublin,Houses,136.3,-1.8,-5.2,-18.5
2009-09-01,2009-09,Dublin - all residential properties,Dublin,All residential,105.0,-0.5,-1.3,-24.6
2009-09-01,2009-09,Dublin - apartments,Dublin,Apartments,109.8,-3.2,-6.9,-28.5
2009-09-01,2009-09,Dublin - houses,Dublin,Houses,105.7,1.0,1.8,-22.9
2009-09-01,2009-09,National - all residential properties,National,All residential,117.7,0.0,-2.7,-20.6
2009-09-01,2009-09,National - apartments,National,Apartments,116.6,-2.8,-7.4,-30.2
2009-09-01,2009-09,National - houses,National,Houses,117.8,0.5,-1.9,-19.2
2009-09-01,2009-09,National excluding Dublin - all residential properties,National excluding Dublin,All residential,137.6,0.2,-3.4,-18.7
2009-09-01,2009-09,National excluding Dublin - apartments,National excluding Dublin,Apartments,152.3,-2.3,-7.7,-30.7
2009-09-01,2009-09,National excluding Dublin - houses,National excluding Dublin,Houses,136.8,0.3,-3.2,-17.8
2009-10-01,2009-10,Dublin - all residential properties,Dublin,All residential,102.7,-2.2,-2.6,-23.6
2009-10-01,2009-10,Dublin - apartments,Dublin,Apartments,107.7,-1.9,-6.9,-25.8
2009-10-01,2009-10,Dublin - houses,Dublin,Houses,103.2,-2.4,-0.1,-22.9
2009-10-01,2009-10,National - all residential properties,National,All residential,116.3,-1.2,-2.4,-19.8
2009-10-01,2009-10,National - apartments,National,Apartments,114.5,-1.8,-7.1,-28.7
2009-10-01,2009-10,National - houses,National,Houses,116.5,-1.1,-1.6,-18.7
2009-10-01,2009-10,National excluding Dublin - all residential properties,National excluding Dublin,All residential,136.7,-0.7,-2.4,-18.0
2009-10-01,2009-10,National excluding Dublin - apartments,National excluding Dublin,Apartments,150.5,-1.2,-7.2,-29.6
2009-10-01,2009-10,National excluding Dublin - houses,National excluding Dublin,Houses,135.9,-0.7,-2.1,-17.2
2009-11-01,2009-11,Dublin - all residential properties,Dublin,All residential,100.7,-1.9,-4.5,-22.9
2009-11-01,2009-11,Dublin - apartments,Dublin,Apartments,107.3,-0.4,-5.4,-23.3
2009-11-01,2009-11,Dublin - houses,Dublin,Houses,100.3,-2.8,-4.1,-23.1
2009-11-01,2009-11,National - all residential properties,National,All residential,115.9,-0.4,-1.6,-18.7
2009-11-01,2009-11,National - apartments,National,Apartments,113.5,-0.9,-5.4,-27.1
2009-11-01,2009-11,National - houses,National,Houses,116.0,-0.5,-1.1,-17.8
2009-11-01,2009-11,National excluding Dublin - all residential properties,National excluding Dublin,All residential,137.0,0.3,-0.2,-16.7
2009-11-01,2009-11,National excluding Dublin - apartments,National excluding Dublin,Apartments,149.2,-0.9,-4.3,-28.7
2009-11-01,2009-11,National excluding Dublin - houses,National excluding Dublin,Houses,136.3,0.3,0.0,-15.9
2009-12-01,2009-12,Dublin - all residential properties,Dublin,All residential,98.5,-2.2,-6.2,-23.0
2009-12-01,2009-12,Dublin - apartments,Dublin,Apartments,105.5,-1.7,-3.9,-22.7
2009-12-01,2009-12,Dublin - houses,Dublin,Houses,98.0,-2.4,-7.3,-23.2
2009-12-01,2009-12,National - all residential properties,National,All residential,114.3,-1.3,-2.9,-18.2
2009-12-01,2009-12,National - apartments,National,Apartments,112.0,-1.3,-4.0,-26.3
2009-12-01,2009-12,National - houses,National,Houses,114.4,-1.3,-2.8,-17.3
2009-12-01,2009-12,National excluding Dublin - all residential properties,National excluding Dublin,All residential,135.7,-0.9,-1.4,-15.9
2009-12-01,2009-12,National excluding Dublin - apartments,National excluding Dublin,Apartments,148.6,-0.4,-2.5,-27.9
2009-12-01,2009-12,National excluding Dublin - houses,National excluding Dublin,Houses,135.0,-1.0,-1.3,-15.1
2010-01-01,2010-01,Border - houses,Border,Houses,172.3,,,
2010-01-01,2010-01,Dublin - all residential properties,Dublin,All residential,96.1,-2.5,-6.4,-22.7
2010-01-01,2010-01,Dublin - apartments,Dublin,Apartments,104.0,-1.4,-3.5,-22.3
2010-01-01,2010-01,Dublin - houses,Dublin,Houses,95.2,-2.8,-7.7,-22.8
2010-01-01,2010-01,Dublin City - houses,Dublin City,Houses,94.4,,,
2010-01-01,2010-01,Dun Laoghaire-Rathdown - houses,Dun Laoghaire-Rathdown,Houses,95.4,,,
2010-01-01,2010-01,Fingal - houses,Fingal,Houses,98.9,,,
2010-01-01,2010-01,Mid-East - houses,Mid-East,Houses,114.4,,,
2010-01-01,2010-01,Mid-West - houses,Mid-West,Houses,152.6,,,
2010-01-01,2010-01,Midland - houses,Midland,Houses,159.3,,,
2010-01-01,2010-01,National - all residential properties,National,All residential,113.2,-1.0,-2.7,-16.9
2010-01-01,2010-01,National - apartments,National,Apartments,110.8,-1.0,-3.2,-24.6
2010-01-01,2010-01,National - houses,National,Houses,113.3,-1.0,-2.8,-16.0
2010-01-01,2010-01,National excluding Dublin - all residential properties,National excluding Dublin,All residential,135.3,-0.3,-1.0,-14.1
2010-01-01,2010-01,National excluding Dublin - apartments,National excluding Dublin,Apartments,148.5,-0.1,-1.4,-23.5
2010-01-01,2010-01,National excluding Dublin - houses,National excluding Dublin,Houses,134.5,-0.3,-1.0,-13.6
2010-01-01,2010-01,South Dublin - houses,South Dublin,Houses,93.7,,,
2010-01-01,2010-01,South-East - houses,South-East,Houses,139.8,,,
2010-01-01,2010-01,South-West - houses,South-West,Houses,125.6,,,
2010-01-01,2010-01,West - houses,West,Houses,153.8,,,
2010-02-01,2010-02,Border - houses,Border,Houses,170.0,-1.3,,
2010-02-01,2010-02,Dublin - all residential properties,Dublin,All residential,93.9,-2.3,-6.8,-21.0
2010-02-01,2010-02,Dublin - apartments,Dublin,Apartments,103.1,-0.9,-4.0,-19.7
2010-02-01,2010-02,Dublin - houses,Dublin,Houses,92.7,-2.7,-7.6,-21.3
2010-02-01,2010-02,Dublin City - houses,Dublin City,Houses,91.0,-3.6,,
2010-02-01,2010-02,Dun Laoghaire-Rathdown - houses,Dun Laoghaire-Rathdown,Houses,93.2,-2.3,,
2010-02-01,2010-02,Fingal - houses,Fingal,Houses,96.7,-2.2,,
2010-02-01,2010-02,Mid-East - houses,Mid-East,Houses,112.7,-1.5,,
2010-02-01,2010-02,Mid-West - houses,Mid-West,Houses,154.2,1.0,,
2010-02-01,2010-02,Midland - houses,Midland,Houses,157.3,-1.3,,
2010-02-01,2010-02,National - all residential properties,National,All residential,111.4,-1.5,-3.8,-15.8
2010-02-01,2010-02,National - apartments,National,Apartments,109.7,-1.0,-3.3,-22.5
2010-02-01,2010-02,National - houses,National,Houses,111.5,-1.6,-3.9,-15.0
2010-02-01,2010-02,National excluding Dublin - all residential properties,National excluding Dublin,All residential,133.7,-1.2,-2.4,-13.3
2010-02-01,2010-02,National excluding Dublin - apartments,National excluding Dublin,Apartments,145.7,-1.9,-2.4,-23.2
2010-02-01,2010-02,National excluding Dublin - houses,National excluding Dublin,Houses,133.0,-1.1,-2.4,-12.7
2010-02-01,2010-02,South Dublin - houses,South Dublin,Houses,92.5,-1.2,,
2010-02-01,2010-02,South-East - houses,South-East,Houses,139.5,-0.2,,
2010-02-01,2010-02,South-West - houses,South-West,Houses,124.5,-0.9,,
2010-02-01,2010-02,West - houses,West,Houses,151.5,-1.5,,
2010-03-01,2010-03,Border - houses,Border,Houses,169.1,-0.6,,
2010-03-01,2010-03,Dublin - all residential properties,Dublin,All residential,91.8,-2.2,-6.8,-19.8
2010-03-01,2010-03,Dublin - apartments,Dublin,Apartments,101.0,-2.0,-4.2,-18.9
2010-03-01,2010-03,Dublin - houses,Dublin,Houses,90.6,-2.2,-7.5,-19.8
2010-03-01,2010-03,Dublin City - houses,Dublin City,Houses,88.4,-2.8,,
2010-03-01,2010-03,Dun Laoghaire-Rathdown - houses,Dun Laoghaire-Rathdown,Houses,90.6,-2.7,,
2010-03-01,2010-03,Fingal - houses,Fingal,Houses,94.7,-2.0,,
2010-03-01,2010-03,Mid-East - houses,Mid-East,Houses,112.0,-0.7,,
2010-03-01,2010-03,Mid-West - houses,Mid-West,Houses,154.4,0.1,,
2010-03-01,2010-03,Midland - houses,Midland,Houses,155.5,-1.1,,
2010-03-01,2010-03,National - all residential properties,National,All residential,110.0,-1.3,-3.8,-14.7
2010-03-01,2010-03,National - apartments,National,Apartments,107.9,-1.7,-3.6,-21.7
2010-03-01,2010-03,National - houses,National,Houses,110.2,-1.1,-3.7,-13.7
2010-03-01,2010-03,National excluding Dublin - all residential properties,National excluding Dublin,All residential,132.9,-0.5,-2.0,-12.0
2010-03-01,2010-03,National excluding Dublin - apartments,National excluding Dublin,Apartments,142.0,-2.5,-4.4,-24.5
2010-03-01,2010-03,National excluding Dublin - houses,National excluding Dublin,Houses,132.5,-0.4,-1.9,-11.1
2010-03-01,2010-03,South Dublin - houses,South Dublin,Houses,91.2,-1.5,,
2010-03-01,2010-03,South-East - houses,South-East,Houses,137.5,-1.4,,
2010-03-01,2010-03,South-West - houses,South-West,Houses,124.7,0.2,,
2010-03-01,2010-03,West - houses,West,Houses,150.3,-0.8,,
2010-04-01,2010-04,Border - houses,Border,Houses,164.3,-2.8,-4.6,
2010-04-01,2010-04,Dublin - all residential properties,Dublin,All residential,91.6,-0.3,-4.7,-16.9
2010-04-01,2010-04,Dublin - apartments,Dublin,Apartments,102.0,0.9,-2.0,-15.7
2010-04-01,2010-04,Dublin - houses,Dublin,Houses,90.1,-0.6,-5.4,-16.7
2010-04-01,2010-04,Dublin City - houses,Dublin City,Houses,87.3,-1.2,-7.4,
2010-04-01,2010-04,Dun Laoghaire-Rathdown - houses,Dun Laoghaire-Rathdown,Houses,89.2,-1.6,-6.5,
2010-04-01,2010-04,Fingal - houses,Fingal,Houses,93.2,-1.6,-5.7,
2010-04-01,2010-04,Mid-East - houses,Mid-East,Houses,111.4,-0.5,-2.7,
2010-04-01,2010-04,Mid-West - houses,Mid-West,Houses,152.9,-1.0,0.1,
2010-04-01,2010-04,Midland - houses,Midland,Houses,153.7,-1.2,-3.6,
2010-04-01,2010-04,National - all residential properties,National,All residential,109.4,-0.6,-3.3,-13.2
2010-04-01,2010-04,National - apartments,National,Apartments,108.6,0.7,-2.0,-18.2
2010-04-01,2010-04,National - houses,National,Houses,109.3,-0.8,-3.5,-12.6
2010-04-01,2010-04,National excluding Dublin - all residential properties,National excluding Dublin,All residential,131.8,-0.9,-2.6,-11.3
2010-04-01,2010-04,National excluding Dublin - apartments,National excluding Dublin,Apartments,143.9,1.3,-3.1,-19.7
2010-04-01,2010-04,National excluding Dublin - houses,National excluding Dublin,Houses,131.1,-1.0,-2.5,-10.8
2010-04-01,2010-04,South Dublin - houses,South Dublin,Houses,89.9,-1.4,-4.1,
2010-04-01,2010-04,South-East - houses,South-East,Houses,136.6,-0.7,-2.3,
2010-04-01,2010-04,South-West - houses,South-West,Houses,123.1,-1.2,-2.0,
2010-04-01,2010-04,West - houses,West,Houses,151.5,0.8,-1.5,
2010-05-01,2010-05,Border - houses,Border,Houses,159.8,-2.7,-6.0,
2010-05-01,2010-05,Dublin - all residential properties,Dublin,All residential,90.7,-1.0,-3.4,-15.8
2010-05-01,2010-05,Dublin - apartments,Dublin,Apartments,99.9,-2.0,-3.0,-16.4
2010-05-01,2010-05,Dublin - houses,Dublin,Houses,89.5,-0.7,-3.5,-14.8
2010-05-01,2010-05,Dublin City - houses,Dublin City,Houses,85.4,-2.2,-6.1,
2010-05-01,2010-05,Dun Laoghaire-Rathdown - houses,Dun Laoghaire-Rathdown,Houses,88.6,-0.7,-4.9,
2010-05-01,2010-05,Fingal - houses,Fingal,Houses,92.1,-1.2,-4.8,
2010-05-01,2010-05,Mid-East - houses,Mid-East,Houses,110.0,-1.3,-2.5,
2010-05-01,2010-05,Mid-West - houses,Mid-West,Houses,152.7,-0.1,-1.0,
2010-05-01,2010-05,Midland - houses,Midland,Houses,153.1,-0.3,-2.7,
2010-05-01,2010-05,National - all residential properties,National,All residential,107.5,-1.7,-3.5,-12.7
2010-05-01,2010-05,National - apartments,National,Apartments,106.5,-2.0,-2.9,-17.7
2010-05-01,2010-05,National - houses,National,Houses,107.6,-1.6,-3.5,-11.9
2010-05-01,2010-05,National excluding Dublin - all residential properties,National excluding Dublin,All residential,128.8,-2.3,-3.6,-11.2
2010-05-01,2010-05,National excluding Dublin - apartments,National excluding Dublin,Apartments,137.8,-4.2,-5.4,-19.9
2010-05-01,2010-05,National excluding Dublin - houses,National excluding Dublin,Houses,128.4,-2.1,-3.5,-10.7
2010-05-01,2010-05,South Dublin - houses,South Dublin,Houses,89.4,-0.5,-3.3,
2010-05-01,2010-05,South-East - houses,South-East,Houses,134.4,-1.6,-3.7,
2010-05-01,2010-05,South-West - houses,South-West,Houses,121.3,-1.5,-2.6,
2010-05-01,2010-05,West - houses,West,Houses,146.0,-3.6,-3.6,
2010-06-01,2010-06,Border - houses,Border,Houses,156.5,-2.1,-7.5,
2010-06-01,2010-06,Dublin - all residential properties,Dublin,All residential,89.5,-1.3,-2.5,-15.9
2010-06-01,2010-06,Dublin - apartments,Dublin,Apartments,97.1,-2.8,-3.9,-17.7
2010-06-01,2010-06,Dublin - houses,Dublin,Houses,88.7,-0.9,-2.1,-14.6
2010-06-01,2010-06,Dublin City - houses,Dublin City,Houses,84.3,-1.3,-4.7,
2010-06-01,2010-06,Dun Laoghaire-Rathdown - houses,Dun Laoghaire-Rathdown,Houses,88.2,-0.5,-2.7,
2010-06-01,2010-06,Fingal - houses,Fingal,Houses,89.9,-2.4,-5.1,
2010-06-01,2010-06,Mid-East - houses,Mid-East,Houses,108.3,-1.5,-3.3,
2010-06-01,2010-06,Mid-West - houses,Mid-West,Houses,150.1,-1.7,-2.8,
2010-06-01,2010-06,Midland - houses,Midland,Houses,151.7,-0.9,-2.5,
2010-06-01,2010-06,National - all residential properties,National,All residential,106.3,-1.1,-3.4,-12.2
2010-06-01,2010-06,National - apartments,National,Apartments,104.6,-1.8,-3.1,-17.0
2010-06-01,2010-06,National - houses,National,Houses,106.6,-0.9,-3.3,-11.2
2010-06-01,2010-06,National excluding Dublin - all residential properties,National excluding Dublin,All residential,127.8,-0.8,-3.9,-10.3
2010-06-01,2010-06,National excluding Dublin - apartments,National excluding Dublin,Apartments,136.9,-0.6,-3.6,-17.0
2010-06-01,2010-06,National excluding Dublin - houses,National excluding Dublin,Houses,127.3,-0.8,-3.9,-9.9
2010-06-01,2010-06,South Dublin - houses,South Dublin,Houses,88.9,-0.6,-2.5,
2010-06-01,2010-06,South-East - houses,South-East,Houses,133.5,-0.7,-2.9,
2010-06-01,2010-06,South-West - houses,South-West,Houses,120.9,-0.3,-3.0,
2010-06-01,2010-06,West - houses,West,Houses,146.7,0.5,-2.4,
2010-07-01,2010-07,Border - houses,Border,Houses,156.0,-0.3,-5.1,
2010-07-01,2010-07,Dublin - all residential properties,Dublin,All residential,88.8,-0.7,-3.0,-15.7
2010-07-01,2010-07,Dublin - apartments,Dublin,Apartments,95.0,-2.2,-6.8,-18.0
2010-07-01,2010-07,Dublin - houses,Dublin,Houses,88.4,-0.3,-1.9,-14.4
2010-07-01,2010-07,Dublin City - houses,Dublin City,Houses,83.5,-1.0,-4.5,
2010-07-01,2010-07,Dun Laoghaire-Rathdown - houses,Dun Laoghaire-Rathdown,Houses,88.0,-0.2,-1.3,
2010-07-01,2010-07,Fingal - houses,Fingal,Houses,89.0,-1.1,-4.6,
2010-07-01,2010-07,Mid-East - houses,Mid-East,Houses,106.7,-1.5,-4.2,
2010-07-01,2010-07,Mid-West - houses,Mid-West,Houses,149.0,-0.8,-2.5,
2010-07-01,2010-07,Midland - houses,Midland,Houses,146.6,-3.3,-4.6,
2010-07-01,2010-07,National - all residential properties,National,All residential,105.2,-1.0,-3.8,-11.8
2010-07-01,2010-07,National - apartments,National,Apartments,102.8,-1.7,-5.4,-16.6
2010-07-01,2010-07,National - houses,National,Houses,105.7,-0.9,-3.3,-10.8
2010-07-01,2010-07,National excluding Dublin - all residential properties,National excluding Dublin,All residential,126.2,-1.3,-4.3,-9.9
2010-07-01,2010-07,National excluding Dublin - apartments,National excluding Dublin,Apartments,134.5,-1.7,-6.5,-17.1
2010-07-01,2010-07,National excluding Dublin - houses,National excluding Dublin,Houses,125.8,-1.2,-4.1,-9.4
2010-07-01,2010-07,South Dublin - houses,South Dublin,Houses,88.7,-0.2,-1.3,
2010-07-01,2010-07,South-East - houses,South-East,Houses,130.5,-2.2,-4.4,
2010-07-01,2010-07,South-West - houses,South-West,Houses,119.9,-0.8,-2.6,
2010-07-01,2010-07,West - houses,West,Houses,145.8,-0.7,-3.8,
2010-08-01,2010-08,Border - houses,Border,Houses,155.7,-0.2,-2.6,
2010-08-01,2010-08,Dublin - all residential properties,Dublin,All residential,89.3,0.5,-1.5,-15.4
2010-08-01,2010-08,Dublin - apartments,Dublin,Apartments,95.1,0.1,-4.8,-16.2
2010-08-01,2010-08,Dublin - houses,Dublin,Houses,88.8,0.5,-0.7,-15.1
2010-08-01,2010-08,Dublin City - houses,Dublin City,Houses,83.0,-0.6,-2.8,
2010-08-01,2010-08,Dun Laoghaire-Rathdown - houses,Dun Laoghaire-Rathdown,Houses,89.2,1.3,0.6,
2010-08-01,2010-08,Fingal - houses,Fingal,Houses,88.5,-0.5,-3.9,
2010-08-01,2010-08,Mid-East - houses,Mid-East,Houses,106.3,-0.4,-3.3,
2010-08-01,2010-08,Mid-West - houses,Mid-West,Houses,147.4,-1.1,-3.5,
2010-08-01,2010-08,Midland - houses,Midland,Houses,145.5,-0.8,-5.0,
2010-08-01,2010-08,National - all residential properties,National,All residential,104.9,-0.3,-2.4,-10.9
2010-08-01,2010-08,National - apartments,National,Apartments,102.4,-0.4,-3.9,-14.7
2010-08-01,2010-08,National - houses,National,Houses,105.3,-0.4,-2.2,-10.2
2010-08-01,2010-08,National excluding Dublin - all residential properties,National excluding Dublin,All residential,125.0,-1.0,-3.0,-9.0
2010-08-01,2010-08,National excluding Dublin - apartments,National excluding Dublin,Apartments,133.4,-0.8,-3.2,-14.4
2010-08-01,2010-08,National excluding Dublin - houses,National excluding Dublin,Houses,124.5,-1.0,-3.0,-8.7
2010-08-01,2010-08,South Dublin - houses,South Dublin,Houses,88.8,0.2,-0.7,
2010-08-01,2010-08,South-East - houses,South-East,Houses,127.6,-2.3,-5.1,
2010-08-01,2010-08,South-West - houses,South-West,Houses,117.7,-1.9,-3.0,
2010-08-01,2010-08,West - houses,West,Houses,143.6,-1.5,-1.6,
2010-09-01,2010-09,Border - houses,Border,Houses,154.6,-0.7,-1.2,
2010-09-01,2010-09,Dublin - all residential properties,Dublin,All residential,89.1,-0.2,-0.4,-15.1
2010-09-01,2010-09,Dublin - apartments,Dublin,Apartments,92.3,-2.9,-4.9,-15.9
2010-09-01,2010-09,Dublin - houses,Dublin,Houses,89.2,0.4,0.6,-15.6
2010-09-01,2010-09,Dublin City - houses,Dublin City,Houses,83.6,0.8,-0.8,
2010-09-01,2010-09,Dun Laoghaire-Rathdown - houses,Dun Laoghaire-Rathdown,Houses,90.3,1.3,2.4,
2010-09-01,2010-09,Fingal - houses,Fingal,Houses,87.7,-0.9,-2.5,
2010-09-01,2010-09,Mid-East - houses,Mid-East,Houses,104.7,-1.5,-3.3,
2010-09-01,2010-09,Mid-West - houses,Mid-West,Houses,145.6,-1.2,-3.0,
2010-09-01,2010-09,Midland - houses,Midland,Houses,142.5,-2.0,-6.0,
2010-09-01,2010-09,National - all residential properties,National,All residential,103.6,-1.2,-2.5,-11.9
2010-09-01,2010-09,National - apartments,National,Apartments,100.4,-2.0,-4.0,-13.9
2010-09-01,2010-09,National - houses,National,Houses,104.1,-1.1,-2.3,-11.6
2010-09-01,2010-09,National excluding Dublin - all residential properties,National excluding Dublin,All residential,122.4,-2.0,-4.2,-11.0
2010-09-01,2010-09,National excluding Dublin - apartments,National excluding Dublin,Apartments,133.2,-0.2,-2.7,-12.6
2010-09-01,2010-09,National excluding Dublin - houses,National excluding Dublin,Houses,121.8,-2.1,-4.3,-10.9
2010-09-01,2010-09,South Dublin - houses,South Dublin,Houses,88.2,-0.7,-0.8,
2010-09-01,2010-09,South-East - houses,South-East,Houses,124.5,-2.4,-6.8,
2010-09-01,2010-09,South-West - houses,South-West,Houses,114.0,-3.2,-5.8,
2010-09-01,2010-09,West - houses,West,Houses,142.6,-0.7,-2.8,
2010-10-01,2010-10,Border - houses,Border,Houses,151.5,-2.1,-2.9,
2010-10-01,2010-10,Dublin - all residential properties,Dublin,All residential,87.7,-1.6,-1.2,-14.5
2010-10-01,2010-10,Dublin - apartments,Dublin,Apartments,90.9,-1.6,-4.3,-15.6
2010-10-01,2010-10,Dublin - houses,Dublin,Houses,87.8,-1.6,-0.7,-14.9
2010-10-01,2010-10,Dublin City - houses,Dublin City,Houses,82.7,-1.2,-1.0,
2010-10-01,2010-10,Dun Laoghaire-Rathdown - houses,Dun Laoghaire-Rathdown,Houses,89.6,-0.9,1.7,
2010-10-01,2010-10,Fingal - houses,Fingal,Houses,88.5,0.9,-0.5,
2010-10-01,2010-10,Mid-East - houses,Mid-East,Houses,103.1,-1.5,-3.3,
2010-10-01,2010-10,Mid-West - houses,Mid-West,Houses,144.3,-0.9,-3.2,
2010-10-01,2010-10,Midland - houses,Midland,Houses,140.3,-1.6,-4.3,
2010-10-01,2010-10,National - all residential properties,National,All residential,101.9,-1.7,-3.2,-12.4
2010-10-01,2010-10,National - apartments,National,Apartments,98.8,-1.6,-3.9,-13.7
2010-10-01,2010-10,National - houses,National,Houses,102.3,-1.7,-3.1,-12.2
2010-10-01,2010-10,National excluding Dublin - all residential properties,National excluding Dublin,All residential,120.2,-1.8,-4.8,-12.0
2010-10-01,2010-10,National excluding Dublin - apartments,National excluding Dublin,Apartments,130.9,-1.7,-2.7,-13.0
2010-10-01,2010-10,National excluding Dublin - houses,National excluding Dublin,Houses,119.6,-1.8,-4.9,-12.0
2010-10-01,2010-10,South Dublin - houses,South Dublin,Houses,87.0,-1.4,-1.9,
2010-10-01,2010-10,South-East - houses,South-East,Houses,121.4,-2.4,-7.0,
2010-10-01,2010-10,South-West - houses,South-West,Houses,111.9,-1.8,-6.7,
2010-10-01,2010-10,West - houses,West,Houses,139.0,-2.6,-4.7,
2010-11-01,2010-11,Border - houses,Border,Houses,148.7,-1.8,-4.5,
2010-11-01,2010-11,Dublin - all residential properties,Dublin,All residential,85.9,-2.1,-3.9,-14.7
2010-11-01,2010-11,Dublin - apartments,Dublin,Apartments,88.8,-2.3,-6.6,-17.3
2010-11-01,2010-11,Dublin - houses,Dublin,Houses,85.9,-2.1,-3.3,-14.3
2010-11-01,2010-11,Dublin City - houses,Dublin City,Houses,82.1,-0.6,-1.0,
2010-11-01,2010-11,Dun Laoghaire-Rathdown - houses,Dun Laoghaire-Rathdown,Houses,87.8,-2.0,-1.5,
2010-11-01,2010-11,Fingal - houses,Fingal,Houses,87.8,-0.8,-0.8,
2010-11-01,2010-11,Mid-East - houses,Mid-East,Houses,101.8,-1.3,-4.2,
2010-11-01,2010-11,Mid-West - houses,Mid-West,Houses,141.4,-2.0,-4.1,
2010-11-01,2010-11,Midland - houses,Midland,Houses,133.4,-4.9,-8.3,
2010-11-01,2010-11,National - all residential properties,National,All residential,99.8,-2.1,-4.9,-13.9
2010-11-01,2010-11,National - apartments,National,Apartments,96.8,-2.1,-5.5,-14.7
2010-11-01,2010-11,National - houses,National,Houses,100.2,-2.1,-4.8,-13.6
2010-11-01,2010-11,National excluding Dublin - all residential properties,National excluding Dublin,All residential,117.7,-2.0,-5.8,-14.1
2010-11-01,2010-11,National excluding Dublin - apartments,National excluding Dublin,Apartments,128.5,-1.9,-3.7,-13.9
2010-11-01,2010-11,National excluding Dublin - houses,National excluding Dublin,Houses,117.2,-2.0,-5.9,-14.0
2010-11-01,2010-11,South Dublin - houses,South Dublin,Houses,86.4,-0.7,-2.7,
2010-11-01,2010-11,South-East - houses,South-East,Houses,118.1,-2.8,-7.4,
2010-11-01,2010-11,South-West - houses,South-West,Houses,110.0,-1.7,-6.5,
2010-11-01,2010-11,West - houses,West,Houses,136.3,-1.9,-5.1,
2010-12-01,2010-12,Border - houses,Border,Houses,147.8,-0.6,-4.4,
2010-12-01,2010-12,Dublin - all residential properties,Dublin,All residential,84.4,-1.7,-5.3,-14.3
2010-12-01,2010-12,Dublin - apartments,Dublin,Apartments,88.4,-0.5,-4.3,-16.3
2010-12-01,2010-12,Dublin - houses,Dublin,Houses,84.2,-2.0,-5.6,-14.0
2010-12-01,2010-12,Dublin City - houses,Dublin City,Houses,81.6,-0.7,-2.4,
2010-12-01,2010-12,Dun Laoghaire-Rathdown - houses,Dun Laoghaire-Rathdown,Houses,86.2,-1.9,-4.6,
2010-12-01,2010-12,Fingal - houses,Fingal,Houses,86.7,-1.2,-1.1,
2010-12-01,2010-12,Mid-East - houses,Mid-East,Houses,99.5,-2.3,-4.9,
2010-12-01,2010-12,Mid-West - houses,Mid-West,Houses,142.3,0.6,-2.3,
2010-12-01,2010-12,Midland - houses,Midland,Houses,131.8,-1.2,-7.5,
2010-12-01,2010-12,National - all residential properties,National,All residential,98.3,-1.5,-5.2,-14.0
2010-12-01,2010-12,National - apartments,National,Apartments,95.8,-0.9,-4.5,-14.4
2010-12-01,2010-12,National - houses,National,Houses,98.6,-1.6,-5.3,-13.8
2010-12-01,2010-12,National excluding Dublin - all residential properties,National excluding Dublin,All residential,116.3,-1.2,-5.0,-14.3
2010-12-01,2010-12,National excluding Dublin - apartments,National excluding Dublin,Apartments,127.2,-1.0,-4.5,-14.4
2010-12-01,2010-12,National excluding Dublin - houses,National excluding Dublin,Houses,115.7,-1.3,-5.1,-14.3
2010-12-01,2010-12,South Dublin - houses,South Dublin,Houses,85.5,-1.0,-3.1,
2010-12-01,2010-12,South-East - houses,South-East,Houses,116.1,-1.6,-6.7,
2010-12-01,2010-12,South-West - houses,South-West,Houses,107.6,-2.2,-5.6,
2010-12-01,2010-12,West - houses,West,Houses,133.4,-2.1,-6.4,
2011-01-01,2011-01,Border - houses,Border,Houses,149.8,1.3,-1.1,-13.1
2011-01-01,2011-01,Dublin - all residential properties,Dublin,All residential,83.5,-1.1,-4.8,-13.1
2011-01-01,2011-01,Dublin - apartments,Dublin,Apartments,89.1,0.8,-2.0,-14.3
2011-01-01,2011-01,Dublin - houses,Dublin,Houses,82.9,-1.6,-5.6,-12.9
2011-01-01,2011-01,Dublin City - houses,Dublin City,Houses,81.8,0.3,-1.0,-13.3
2011-01-01,2011-01,Dun Laoghaire-Rathdown - houses,Dun Laoghaire-Rathdown,Houses,82.8,-3.9,-7.6,-13.3
2011-01-01,2011-01,Fingal - houses,Fingal,Houses,87.1,0.5,-1.6,-12.0
2011-01-01,2011-01,Mid-East - houses,Mid-East,Houses,99.1,-0.4,-3.9,-13.4
2011-01-01,2011-01,Mid-West - houses,Mid-West,Houses,137.3,-3.5,-4.8,-10.0
2011-01-01,2011-01,Midland - houses,Midland,Houses,127.6,-3.2,-9.1,-19.9
2011-01-01,2011-01,National - all residential properties,National,All residential,97.5,-0.8,-4.3,-13.9
2011-01-01,2011-01,National - apartments,National,Apartments,96.0,0.1,-2.9,-13.4
2011-01-01,2011-01,National - houses,National,Houses,97.6,-1.1,-4.7,-13.9
2011-01-01,2011-01,National excluding Dublin - all residential properties,National excluding Dublin,All residential,115.5,-0.7,-3.9,-14.6
2011-01-01,2011-01,National excluding Dublin - apartments,National excluding Dublin,Apartments,127.9,0.5,-2.3,-13.9
2011-01-01,2011-01,National excluding Dublin - houses,National excluding Dublin,Houses,114.8,-0.7,-4.0,-14.6
2011-01-01,2011-01,South Dublin - houses,South Dublin,Houses,84.1,-1.6,-3.3,-10.2
2011-01-01,2011-01,South-East - houses,South-East,Houses,115.4,-0.6,-4.9,-17.4
2011-01-01,2011-01,South-West - houses,South-West,Houses,105.7,-1.7,-5.5,-15.9
2011-01-01,2011-01,West - houses,West,Houses,130.2,-2.4,-6.3,-15.4
2011-02-01,2011-02,Border - houses,Border,Houses,149.6,-0.1,0.6,-12.0
2011-02-01,2011-02,Dublin - all residential properties,Dublin,All residential,81.8,-2.1,-4.8,-12.9
2011-02-01,2011-02,Dublin - apartments,Dublin,Apartments,88.0,-1.3,-0.9,-14.6
2011-02-01,2011-02,Dublin - houses,Dublin,Houses,81.1,-2.2,-5.7,-12.5
2011-02-01,2011-02,Dublin City - houses,Dublin City,Houses,79.8,-2.5,-2.9,-12.3
2011-02-01,2011-02,Dun Laoghaire-Rathdown - houses,Dun Laoghaire-Rathdown,Houses,79.9,-3.5,-9.0,-14.3
2011-02-01,2011-02,Fingal - houses,Fingal,Houses,87.6,0.6,-0.2,-9.4
2011-02-01,2011-02,Mid-East - houses,Mid-East,Houses,97.8,-1.3,-4.0,-13.3
2011-02-01,2011-02,Mid-West - houses,Mid-West,Houses,134.7,-2.0,-4.7,-12.7
2011-02-01,2011-02,Midland - houses,Midland,Houses,124.1,-2.8,-7.0,-21.2
2011-02-01,2011-02,National - all residential properties,National,All residential,95.6,-1.9,-4.2,-14.2
2011-02-01,2011-02,National - apartments,National,Apartments,94.4,-1.6,-2.5,-14.0
2011-02-01,2011-02,National - houses,National,Houses,95.7,-1.9,-4.5,-14.1
2011-02-01,2011-02,National excluding Dublin - all residential properties,National excluding Dublin,All residential,113.4,-1.8,-3.6,-15.1
2011-02-01,2011-02,National excluding Dublin - apartments,National excluding Dublin,Apartments,123.8,-3.1,-3.6,-15.0
2011-02-01,2011-02,National excluding Dublin - houses,National excluding Dublin,Houses,112.9,-1.7,-3.6,-15.1
2011-02-01,2011-02,South Dublin - houses,South Dublin,Houses,83.6,-0.6,-3.2,-9.6
2011-02-01,2011-02,South-East - houses,South-East,Houses,112.8,-2.3,-4.5,-19.2
2011-02-01,2011-02,South-West - houses,South-West,Houses,104.1,-1.6,-5.4,-16.4
2011-02-01,2011-02,West - houses,West,Houses,125.8,-3.4,-7.7,-17.0
2011-03-01,2011-03,Border - houses,Border,Houses,147.4,-1.5,-0.2,-12.8
2011-03-01,2011-03,Dublin - all residential properties,Dublin,All residential,79.5,-2.7,-5.8,-13.4
2011-03-01,2011-03,Dublin - apartments,Dublin,Apartments,86.1,-2.2,-2.6,-14.8
2011-03-01,2011-03,Dublin - houses,Dublin,Houses,78.8,-2.7,-6.4,-13.0
2011-03-01,2011-03,Dublin City - houses,Dublin City,Houses,77.9,-2.4,-4.5,-11.9
2011-03-01,2011-03,Dun Laoghaire-Rathdown - houses,Dun Laoghaire-Rathdown,Houses,76.9,-3.8,-10.8,-15.2
2011-03-01,2011-03,Fingal - houses,Fingal,Houses,86.2,-1.5,-0.5,-9.0
2011-03-01,2011-03,Mid-East - houses,Mid-East,Houses,95.2,-2.6,-4.3,-14.9
2011-03-01,2011-03,Mid-West - houses,Mid-West,Houses,133.7,-0.7,-6.0,-13.4
2011-03-01,2011-03,Midland - houses,Midland,Houses,119.9,-3.3,-9.0,-22.9
2011-03-01,2011-03,National - all residential properties,National,All residential,93.3,-2.4,-5.1,-15.2
2011-03-01,2011-03,National - apartments,National,Apartments,92.5,-2.0,-3.5,-14.3
2011-03-01,2011-03,National - houses,National,Houses,93.4,-2.4,-5.3,-15.3
2011-03-01,2011-03,National excluding Dublin - all residential properties,National excluding Dublin,All residential,110.9,-2.2,-4.6,-16.5
2011-03-01,2011-03,National excluding Dublin - apartments,National excluding Dublin,Apartments,120.4,-2.8,-5.3,-15.2
2011-03-01,2011-03,National excluding Dublin - houses,National excluding Dublin,Houses,110.5,-2.1,-4.5,-16.6
2011-03-01,2011-03,South Dublin - houses,South Dublin,Houses,82.9,-0.9,-3.1,-9.1
2011-03-01,2011-03,South-East - houses,South-East,Houses,112.2,-0.5,-3.4,-18.4
2011-03-01,2011-03,South-West - houses,South-West,Houses,102.2,-1.8,-5.0,-18.1
2011-03-01,2011-03,West - houses,West,Houses,121.4,-3.5,-9.0,-19.2
2011-04-01,2011-04,Border - houses,Border,Houses,147.5,0.1,-1.5,-10.2
2011-04-01,2011-04,Dublin - all residential properties,Dublin,All residential,78.9,-0.8,-5.5,-13.8
2011-04-01,2011-04,Dublin - apartments,Dublin,Apartments,85.9,-0.2,-3.6,-15.7
2011-04-01,2011-04,Dublin - houses,Dublin,Houses,78.1,-0.9,-5.7,-13.3
2011-04-01,2011-04,Dublin City - houses,Dublin City,Houses,76.4,-2.0,-6.7,-12.6
2011-04-01,2011-04,Dun Laoghaire-Rathdown - houses,Dun Laoghaire-Rathdown,Houses,75.9,-1.3,-8.3,-14.9
2011-04-01,2011-04,Fingal - houses,Fingal,Houses,85.4,-1.0,-1.9,-8.4
2011-04-01,2011-04,Mid-East - houses,Mid-East,Houses,93.1,-2.3,-6.1,-16.5
2011-04-01,2011-04,Mid-West - houses,Mid-West,Houses,130.9,-2.1,-4.7,-14.3
2011-04-01,2011-04,Midland - houses,Midland,Houses,115.3,-3.8,-9.6,-25.0
2011-04-01,2011-04,National - all residential properties,National,All residential,92.0,-1.3,-5.6,-15.9
2011-04-01,2011-04,National - apartments,National,Apartments,92.0,-0.5,-4.1,-15.3
2011-04-01,2011-04,National - houses,National,Houses,92.0,-1.5,-5.7,-15.8
2011-04-01,2011-04,National excluding Dublin - all residential properties,National excluding Dublin,All residential,108.9,-1.8,-5.7,-17.4
2011-04-01,2011-04,National excluding Dublin - apartments,National excluding Dublin,Apartments,119.7,-0.6,-6.4,-16.8
2011-04-01,2011-04,National excluding Dublin - houses,National excluding Dublin,Houses,108.4,-1.9,-5.6,-17.4
2011-04-01,2011-04,South Dublin - houses,South Dublin,Houses,81.9,-1.2,-2.6,-8.9
2011-04-01,2011-04,South-East - houses,South-East,Houses,106.5,-5.1,-7.8,-22.1
2011-04-01,2011-04,South-West - houses,South-West,Houses,100.4,-1.7,-5.0,-18.5
2011-04-01,2011-04,West - houses,West,Houses,123.7,1.9,-5.0,-18.4
2011-05-01,2011-05,Border - houses,Border,Houses,144.4,-2.1,-3.5,-9.6
2011-05-01,2011-05,Dublin - all residential properties,Dublin,All residential,77.6,-1.6,-5.1,-14.4
2011-05-01,2011-05,Dublin - apartments,Dublin,Apartments,84.5,-1.7,-4.0,-15.5
2011-05-01,2011-05,Dublin - houses,Dublin,Houses,76.9,-1.6,-5.1,-14.1
2011-05-01,2011-05,Dublin City - houses,Dublin City,Houses,74.8,-2.0,-6.2,-12.4
2011-05-01,2011-05,Dun Laoghaire-Rathdown - houses,Dun Laoghaire-Rathdown,Houses,75.0,-1.2,-6.1,-15.3
2011-05-01,2011-05,Fingal - houses,Fingal,Houses,83.4,-2.3,-4.8,-9.4
2011-05-01,2011-05,Mid-East - houses,Mid-East,Houses,91.7,-1.5,-6.2,-16.6
2011-05-01,2011-05,Mid-West - houses,Mid-West,Houses,126.6,-3.3,-6.0,-17.1
2011-05-01,2011-05,Midland - houses,Midland,Houses,110.7,-4.0,-10.7,-27.7
2011-05-01,2011-05,National - all residential properties,National,All residential,90.4,-1.7,-5.4,-15.9
2011-05-01,2011-05,National - apartments,National,Apartments,90.1,-2.0,-4.5,-15.4
2011-05-01,2011-05,National - houses,National,Houses,90.5,-1.6,-5.4,-15.9
2011-05-01,2011-05,National excluding Dublin - all residential properties,National excluding Dublin,All residential,106.9,-1.8,-5.8,-17.0
2011-05-01,2011-05,National excluding Dublin - apartments,National excluding Dublin,Apartments,114.7,-4.1,-7.4,-16.7
2011-05-01,2011-05,National excluding Dublin - houses,National excluding Dublin,Houses,106.5,-1.7,-5.6,-17.0
2011-05-01,2011-05,South Dublin - houses,South Dublin,Houses,80.1,-2.2,-4.3,-10.5
2011-05-01,2011-05,South-East - houses,South-East,Houses,103.6,-2.7,-8.1,-22.9
2011-05-01,2011-05,South-West - houses,South-West,Houses,99.7,-0.7,-4.2,-17.8
2011-05-01,2011-05,West - houses,West,Houses,122.6,-0.9,-2.6,-16.0
2011-06-01,2011-06,Border - houses,Border,Houses,136.5,-5.4,-7.4,-12.7
2011-06-01,2011-06,Dublin - all residential properties,Dublin,All residential,76.5,-1.4,-3.8,-14.5
2011-06-01,2011-06,Dublin - apartments,Dublin,Apartments,82.6,-2.2,-4.0,-14.9
2011-06-01,2011-06,Dublin - houses,Dublin,Houses,76.0,-1.2,-3.7,-14.4
2011-06-01,2011-06,Dublin City - houses,Dublin City,Houses,73.7,-1.6,-5.5,-12.6
2011-06-01,2011-06,Dun Laoghaire-Rathdown - houses,Dun Laoghaire-Rathdown,Houses,73.8,-1.6,-4.0,-16.3
2011-06-01,2011-06,Fingal - houses,Fingal,Houses,81.9,-1.9,-5.1,-8.9
2011-06-01,2011-06,Mid-East - houses,Mid-East,Houses,90.8,-1.0,-4.7,-16.2
2011-06-01,2011-06,Mid-West - houses,Mid-West,Houses,124.6,-1.6,-6.8,-17.0
2011-06-01,2011-06,Midland - houses,Midland,Houses,111.3,0.5,-7.1,-26.6
2011-06-01,2011-06,National - all residential properties,National,All residential,89.1,-1.5,-4.5,-16.2
2011-06-01,2011-06,National - apartments,National,Apartments,88.2,-2.2,-4.7,-15.7
2011-06-01,2011-06,National - houses,National,Houses,89.3,-1.3,-4.4,-16.2
2011-06-01,2011-06,National excluding Dublin - all residential properties,National excluding Dublin,All residential,105.3,-1.5,-5.1,-17.6
2011-06-01,2011-06,National excluding Dublin - apartments,National excluding Dublin,Apartments,110.8,-3.5,-8.0,-19.1
2011-06-01,2011-06,National excluding Dublin - houses,National excluding Dublin,Houses,105.1,-1.4,-4.9,-17.5
2011-06-01,2011-06,South Dublin - houses,South Dublin,Houses,78.6,-1.8,-5.2,-11.6
2011-06-01,2011-06,South-East - houses,South-East,Houses,103.6,0.0,-7.7,-22.4
2011-06-01,2011-06,South-West - houses,South-West,Houses,97.5,-2.2,-4.6,-19.4
2011-06-01,2011-06,West - houses,West,Houses,120.9,-1.3,-0.4,-17.6
2011-07-01,2011-07,Border - houses,Border,Houses,134.2,-1.7,-9.0,-14.0
2011-07-01,2011-07,Dublin - all residential properties,Dublin,All residential,75.4,-1.5,-4.5,-15.2
2011-07-01,2011-07,Dublin - apartments,Dublin,Apartments,81.2,-1.7,-5.5,-14.5
2011-07-01,2011-07,Dublin - houses,Dublin,Houses,74.8,-1.5,-4.2,-15.3
2011-07-01,2011-07,Dublin City - houses,Dublin City,Houses,71.9,-2.4,-5.9,-13.9
2011-07-01,2011-07,Dun Laoghaire-Rathdown - houses,Dun Laoghaire-Rathdown,Houses,72.5,-1.8,-4.5,-17.7
2011-07-01,2011-07,Fingal - houses,Fingal,Houses,80.4,-1.8,-5.8,-9.6
2011-07-01,2011-07,Mid-East - houses,Mid-East,Houses,88.2,-2.9,-5.3,-17.4
2011-07-01,2011-07,Mid-West - houses,Mid-West,Houses,120.3,-3.5,-8.2,-19.3
2011-07-01,2011-07,Midland - houses,Midland,Houses,108.7,-2.4,-5.8,-25.9
2011-07-01,2011-07,National - all residential properties,National,All residential,87.2,-2.1,-5.2,-17.1
2011-07-01,2011-07,National - apartments,National,Apartments,86.0,-2.5,-6.5,-16.3
2011-07-01,2011-07,National - houses,National,Houses,87.5,-2.0,-4.9,-17.2
2011-07-01,2011-07,National excluding Dublin - all residential properties,National excluding Dublin,All residential,102.5,-2.6,-5.9,-18.7
2011-07-01,2011-07,National excluding Dublin - apartments,National excluding Dublin,Apartments,104.3,-5.8,-12.8,-22.4
2011-07-01,2011-07,National excluding Dublin - houses,National excluding Dublin,Houses,102.5,-2.4,-5.4,-18.5
2011-07-01,2011-07,South Dublin - houses,South Dublin,Houses,78.3,-0.4,-4.4,-11.8
2011-07-01,2011-07,South-East - houses,South-East,Houses,101.0,-2.5,-5.1,-22.6
2011-07-01,2011-07,South-West - houses,South-West,Houses,96.1,-1.5,-4.3,-19.9
2011-07-01,2011-07,West - houses,West,Houses,120.1,-0.7,-2.9,-17.6
2011-08-01,2011-08,Border - houses,Border,Houses,125.8,-6.3,-12.9,-19.2
2011-08-01,2011-08,Dublin - all residential properties,Dublin,All residential,73.9,-2.0,-4.8,-17.3
2011-08-01,2011-08,Dublin - apartments,Dublin,Apartments,80.7,-0.6,-4.4,-15.1
2011-08-01,2011-08,Dublin - houses,Dublin,Houses,73.1,-2.3,-4.9,-17.7
2011-08-01,2011-08,Dublin City - houses,Dublin City,Houses,70.6,-1.8,-5.6,-14.9
2011-08-01,2011-08,Dun Laoghaire-Rathdown - houses,Dun Laoghaire-Rathdown,Houses,70.5,-2.7,-6.0,-20.9
2011-08-01,2011-08,Fingal - houses,Fingal,Houses,78.3,-2.7,-6.2,-11.6
2011-08-01,2011-08,Mid-East - houses,Mid-East,Houses,86.0,-2.4,-6.2,-19.1
2011-08-01,2011-08,Mid-West - houses,Mid-West,Houses,116.3,-3.3,-8.2,-21.2
2011-08-01,2011-08,Midland - houses,Midland,Houses,106.7,-1.8,-3.6,-26.6
2011-08-01,2011-08,National - all residential properties,National,All residential,85.0,-2.5,-6.0,-19.0
2011-08-01,2011-08,National - apartments,National,Apartments,83.4,-3.0,-7.5,-18.5
2011-08-01,2011-08,National - houses,National,Houses,85.4,-2.4,-5.7,-18.9
2011-08-01,2011-08,National excluding Dublin - all residential properties,National excluding Dublin,All residential,99.4,-3.0,-7.0,-20.4
2011-08-01,2011-08,National excluding Dublin - apartments,National excluding Dublin,Apartments,92.3,-11.6,-19.6,-30.8
2011-08-01,2011-08,National excluding Dublin - houses,National excluding Dublin,Houses,99.9,-2.5,-6.2,-19.7
2011-08-01,2011-08,South Dublin - houses,South Dublin,Houses,76.8,-1.9,-4.1,-13.5
2011-08-01,2011-08,South-East - houses,South-East,Houses,98.5,-2.5,-5.0,-22.8
2011-08-01,2011-08,South-West - houses,South-West,Houses,95.8,-0.3,-3.9,-18.6
2011-08-01,2011-08,West - houses,West,Houses,117.9,-1.8,-3.8,-17.9
2011-09-01,2011-09,Border - houses,Border,Houses,120.2,-4.4,-11.9,-22.2
2011-09-01,2011-09,Dublin - all residential properties,Dublin,All residential,71.8,-2.8,-6.1,-19.4
2011-09-01,2011-09,Dublin - apartments,Dublin,Apartments,78.3,-3.0,-5.3,-15.2
2011-09-01,2011-09,Dublin - houses,Dublin,Houses,71.2,-2.6,-6.3,-20.2
2011-09-01,2011-09,Dublin City - houses,Dublin City,Houses,68.9,-2.4,-6.4,-17.6
2011-09-01,2011-09,Dun Laoghaire-Rathdown - houses,Dun Laoghaire-Rathdown,Houses,68.9,-2.2,-6.6,-23.7
2011-09-01,2011-09,Fingal - houses,Fingal,Houses,75.9,-3.0,-7.3,-13.4
2011-09-01,2011-09,Mid-East - houses,Mid-East,Houses,84.0,-2.3,-7.5,-19.7
2011-09-01,2011-09,Mid-West - houses,Mid-West,Houses,114.8,-1.3,-7.8,-21.2
2011-09-01,2011-09,Midland - houses,Midland,Houses,105.0,-1.6,-5.7,-26.3
2011-09-01,2011-09,National - all residential properties,National,All residential,83.2,-2.1,-6.6,-19.8
2011-09-01,2011-09,National - apartments,National,Apartments,80.4,-3.6,-8.8,-19.9
2011-09-01,2011-09,National - houses,National,Houses,83.8,-1.9,-6.3,-19.6
2011-09-01,2011-09,National excluding Dublin - all residential properties,National excluding Dublin,All residential,97.8,-1.6,-7.1,-20.1
2011-09-01,2011-09,National excluding Dublin - apartments,National excluding Dublin,Apartments,85.7,-7.1,-22.6,-35.7
2011-09-01,2011-09,National excluding Dublin - houses,National excluding Dublin,Houses,98.5,-1.4,-6.2,-19.1
2011-09-01,2011-09,South Dublin - houses,South Dublin,Houses,75.2,-2.1,-4.3,-14.7
2011-09-01,2011-09,South-East - houses,South-East,Houses,96.1,-2.4,-7.3,-22.8
2011-09-01,2011-09,South-West - houses,South-West,Houses,94.6,-1.2,-3.0,-17.0
2011-09-01,2011-09,West - houses,West,Houses,119.3,1.2,-1.3,-16.3
2011-10-01,2011-10,Border - houses,Border,Houses,114.4,-4.8,-14.7,-24.4
2011-10-01,2011-10,Dublin - all residential properties,Dublin,All residential,70.4,-2.0,-6.5,-19.7
2011-10-01,2011-10,Dublin - apartments,Dublin,Apartments,77.0,-1.7,-5.2,-15.3
2011-10-01,2011-10,Dublin - houses,Dublin,Houses,69.7,-2.0,-6.8,-20.6
2011-10-01,2011-10,Dublin City - houses,Dublin City,Houses,67.2,-2.5,-6.5,-18.7
2011-10-01,2011-10,Dun Laoghaire-Rathdown - houses,Dun Laoghaire-Rathdown,Houses,67.0,-2.8,-7.6,-25.2
2011-10-01,2011-10,Fingal - houses,Fingal,Houses,75.3,-0.7,-6.3,-14.8
2011-10-01,2011-10,Mid-East - houses,Mid-East,Houses,81.2,-3.3,-7.9,-21.2
2011-10-01,2011-10,Mid-West - houses,Mid-West,Houses,114.2,-0.6,-5.1,-20.9
2011-10-01,2011-10,Midland - houses,Midland,Houses,103.2,-1.7,-5.0,-26.4
2011-10-01,2011-10,National - all residential properties,National,All residential,81.7,-1.8,-6.3,-19.8
2011-10-01,2011-10,National - apartments,National,Apartments,78.2,-2.7,-9.0,-20.8
2011-10-01,2011-10,National - houses,National,Houses,82.3,-1.8,-6.0,-19.6
2011-10-01,2011-10,National excluding Dublin - all residential properties,National excluding Dublin,All residential,96.3,-1.6,-6.1,-19.9
2011-10-01,2011-10,National excluding Dublin - apartments,National excluding Dublin,Apartments,81.2,-5.2,-22.1,-38.0
2011-10-01,2011-10,National excluding Dublin - houses,National excluding Dublin,Houses,97.0,-1.5,-5.3,-18.9
2011-10-01,2011-10,South Dublin - houses,South Dublin,Houses,73.5,-2.3,-6.1,-15.5
2011-10-01,2011-10,South-East - houses,South-East,Houses,95.2,-0.9,-5.8,-21.6
2011-10-01,2011-10,South-West - houses,South-West,Houses,94.9,0.3,-1.3,-15.2
2011-10-01,2011-10,West - houses,West,Houses,116.8,-2.1,-2.7,-15.9
2011-11-01,2011-11,Border - houses,Border,Houses,113.4,-0.9,-9.8,-23.7
2011-11-01,2011-11,Dublin - all residential properties,Dublin,All residential,68.9,-2.2,-6.8,-19.8
2011-11-01,2011-11,Dublin - apartments,Dublin,Apartments,75.5,-1.9,-6.5,-15.0
2011-11-01,2011-11,Dublin - houses,Dublin,Houses,68.1,-2.3,-6.8,-20.8
2011-11-01,2011-11,Dublin City - houses,Dublin City,Houses,65.5,-2.6,-7.2,-20.3
2011-11-01,2011-11,Dun Laoghaire-Rathdown - houses,Dun Laoghaire-Rathdown,Houses,65.7,-2.0,-6.9,-25.2
2011-11-01,2011-11,Fingal - houses,Fingal,Houses,73.2,-2.8,-6.4,-16.5
2011-11-01,2011-11,Mid-East - houses,Mid-East,Houses,79.9,-1.6,-7.1,-21.5
2011-11-01,2011-11,Mid-West - houses,Mid-West,Houses,110.3,-3.4,-5.2,-22.0
2011-11-01,2011-11,Midland - houses,Midland,Houses,100.8,-2.3,-5.5,-24.4
2011-11-01,2011-11,National - all residential properties,National,All residential,80.3,-1.7,-5.5,-19.5
2011-11-01,2011-11,National - apartments,National,Apartments,76.7,-2.0,-8.1,-20.8
2011-11-01,2011-11,National - houses,National,Houses,80.8,-1.8,-5.3,-19.4
2011-11-01,2011-11,National excluding Dublin - all residential properties,National excluding Dublin,All residential,95.1,-1.2,-4.3,-19.2
2011-11-01,2011-11,National excluding Dublin - apartments,National excluding Dublin,Apartments,81.7,0.6,-11.4,-36.4
2011-11-01,2011-11,National excluding Dublin - houses,National excluding Dublin,Houses,95.7,-1.4,-4.2,-18.3
2011-11-01,2011-11,South Dublin - houses,South Dublin,Houses,72.1,-1.9,-6.1,-16.6
2011-11-01,2011-11,South-East - houses,South-East,Houses,93.7,-1.6,-4.9,-20.7
2011-11-01,2011-11,South-West - houses,South-West,Houses,93.5,-1.4,-2.3,-14.9
2011-11-01,2011-11,West - houses,West,Houses,116.3,-0.4,-1.3,-14.7
2011-12-01,2011-12,Border - houses,Border,Houses,113.9,0.4,-5.2,-22.9
2011-12-01,2011-12,Dublin - all residential properties,Dublin,All residential,67.6,-1.8,-5.9,-19.9
2011-12-01,2011-12,Dublin - apartments,Dublin,Apartments,74.4,-1.4,-5.0,-15.8
2011-12-01,2011-12,Dublin - houses,Dublin,Houses,66.8,-1.9,-6.2,-20.7
2011-12-01,2011-12,Dublin City - houses,Dublin City,Houses,64.6,-1.3,-6.3,-20.8
2011-12-01,2011-12,Dun Laoghaire-Rathdown - houses,Dun Laoghaire-Rathdown,Houses,64.0,-2.6,-7.2,-25.8
2011-12-01,2011-12,Fingal - houses,Fingal,Houses,71.0,-3.0,-6.4,-18.0
2011-12-01,2011-12,Mid-East - houses,Mid-East,Houses,78.2,-2.2,-7.0,-21.4
2011-12-01,2011-12,Mid-West - houses,Mid-West,Houses,110.5,0.2,-3.8,-22.3
2011-12-01,2011-12,Midland - houses,Midland,Houses,96.7,-4.1,-7.9,-26.6
2011-12-01,2011-12,National - all residential properties,National,All residential,79.1,-1.5,-4.9,-19.5
2011-12-01,2011-12,National - apartments,National,Apartments,75.9,-1.0,-5.6,-20.8
2011-12-01,2011-12,National - houses,National,Houses,79.4,-1.7,-5.2,-19.5
2011-12-01,2011-12,National excluding Dublin - all residential properties,National excluding Dublin,All residential,93.9,-1.3,-4.0,-19.2
2011-12-01,2011-12,National excluding Dublin - apartments,National excluding Dublin,Apartments,85.4,4.5,-0.3,-32.8
2011-12-01,2011-12,National excluding Dublin - houses,National excluding Dublin,Houses,94.2,-1.6,-4.5,-18.6
2011-12-01,2011-12,South Dublin - houses,South Dublin,Houses,70.6,-2.1,-6.1,-17.5
2011-12-01,2011-12,South-East - houses,South-East,Houses,92.0,-1.8,-4.2,-20.8
2011-12-01,2011-12,South-West - houses,South-West,Houses,91.6,-2.1,-3.2,-14.8
2011-12-01,2011-12,West - houses,West,Houses,114.5,-1.6,-4.1,-14.2
2012-01-01,2012-01,Border - houses,Border,Houses,111.9,-1.8,-2.2,-25.3
2012-01-01,2012-01,Dublin - all residential properties,Dublin,All residential,66.4,-1.8,-5.8,-20.5
2012-01-01,2012-01,Dublin - apartments,Dublin,Apartments,72.5,-2.6,-5.8,-18.6
2012-01-01,2012-01,Dublin - houses,Dublin,Houses,65.7,-1.7,-5.8,-20.8
2012-01-01,2012-01,Dublin City - houses,Dublin City,Houses,62.6,-3.2,-6.9,-23.5
2012-01-01,2012-01,Dun Laoghaire-Rathdown - houses,Dun Laoghaire-Rathdown,Houses,64.0,0.0,-4.5,-22.8
2012-01-01,2012-01,Fingal - houses,Fingal,Houses,69.9,-1.6,-7.2,-19.7
2012-01-01,2012-01,Mid-East - houses,Mid-East,Houses,76.1,-2.7,-6.4,-23.2
2012-01-01,2012-01,Mid-West - houses,Mid-West,Houses,110.3,-0.2,-3.4,-19.7
2012-01-01,2012-01,Midland - houses,Midland,Houses,96.2,-0.6,-6.9,-24.6
2012-01-01,2012-01,National - all residential properties,National,All residential,77.8,-1.7,-4.8,-20.2
2012-01-01,2012-01,National - apartments,National,Apartments,74.5,-1.8,-4.7,-22.3
2012-01-01,2012-01,National - houses,National,Houses,78.1,-1.7,-5.1,-20.0
2012-01-01,2012-01,National excluding Dublin - all residential properties,National excluding Dublin,All residential,92.5,-1.5,-3.9,-19.9
2012-01-01,2012-01,National excluding Dublin - apartments,National excluding Dublin,Apartments,87.5,2.4,7.7,-31.6
2012-01-01,2012-01,National excluding Dublin - houses,National excluding Dublin,Houses,92.5,-1.7,-4.6,-19.4
2012-01-01,2012-01,South Dublin - houses,South Dublin,Houses,68.5,-2.9,-6.8,-18.5
2012-01-01,2012-01,South-East - houses,South-East,Houses,91.0,-1.1,-4.4,-21.2
2012-01-01,2012-01,South-West - houses,South-West,Houses,91.1,-0.6,-4.0,-13.8
2012-01-01,2012-01,West - houses,West,Houses,109.2,-4.6,-6.5,-16.1
2012-02-01,2012-02,Border - houses,Border,Houses,107.8,-3.6,-4.9,-27.9
2012-02-01,2012-02,Dublin - all residential properties,Dublin,All residential,64.6,-2.7,-6.2,-21.0
2012-02-01,2012-02,Dublin - apartments,Dublin,Apartments,69.7,-3.8,-7.6,-20.8
2012-02-01,2012-02,Dublin - houses,Dublin,Houses,64.0,-2.5,-6.0,-21.0
2012-02-01,2012-02,Dublin City - houses,Dublin City,Houses,60.6,-3.2,-7.5,-24.1
2012-02-01,2012-02,Dun Laoghaire-Rathdown - houses,Dun Laoghaire-Rathdown,Houses,63.2,-1.1,-3.7,-20.8
2012-02-01,2012-02,Fingal - houses,Fingal,Houses,68.2,-2.5,-6.9,-22.2
2012-02-01,2012-02,Mid-East - houses,Mid-East,Houses,74.4,-2.1,-6.8,-23.8
2012-02-01,2012-02,Mid-West - houses,Mid-West,Houses,108.3,-1.8,-1.8,-19.6
2012-02-01,2012-02,Midland - houses,Midland,Houses,94.6,-1.6,-6.2,-23.8
2012-02-01,2012-02,National - all residential properties,National,All residential,76.0,-2.3,-5.3,-20.5
2012-02-01,2012-02,National - apartments,National,Apartments,72.9,-2.1,-4.9,-22.7
2012-02-01,2012-02,National - houses,National,Houses,76.3,-2.3,-5.6,-20.3
2012-02-01,2012-02,National excluding Dublin - all residential properties,National excluding Dublin,All residential,90.8,-1.9,-4.6,-20.0
2012-02-01,2012-02,National excluding Dublin - apartments,National excluding Dublin,Apartments,90.1,3.0,10.2,-27.3
2012-02-01,2012-02,National excluding Dublin - houses,National excluding Dublin,Houses,90.6,-2.1,-5.3,-19.8
2012-02-01,2012-02,South Dublin - houses,South Dublin,Houses,66.8,-2.5,-7.3,-20.1
2012-02-01,2012-02,South-East - houses,South-East,Houses,88.3,-2.9,-5.7,-21.7
2012-02-01,2012-02,South-West - houses,South-West,Houses,90.2,-1.0,-3.6,-13.3
2012-02-01,2012-02,West - houses,West,Houses,107.7,-1.4,-7.4,-14.4
2012-03-01,2012-03,Border - houses,Border,Houses,112.3,4.1,-1.5,-23.8
2012-03-01,2012-03,Dublin - all residential properties,Dublin,All residential,65.1,0.7,-3.8,-18.2
2012-03-01,2012-03,Dublin - apartments,Dublin,Apartments,67.3,-3.5,-9.6,-21.9
2012-03-01,2012-03,Dublin - houses,Dublin,Houses,64.9,1.4,-2.8,-17.7
2012-03-01,2012-03,Dublin City - houses,Dublin City,Houses,59.8,-1.2,-7.4,-23.2
2012-03-01,2012-03,Dun Laoghaire-Rathdown - houses,Dun Laoghaire-Rathdown,Houses,63.9,1.0,-0.1,-16.9
2012-03-01,2012-03,Fingal - houses,Fingal,Houses,69.2,1.5,-2.6,-19.8
2012-03-01,2012-03,Mid-East - houses,Mid-East,Houses,73.8,-0.9,-5.6,-22.5
2012-03-01,2012-03,Mid-West - houses,Mid-West,Houses,107.3,-1.0,-2.9,-19.8
2012-03-01,2012-03,Midland - houses,Midland,Houses,96.5,2.0,-0.2,-19.5
2012-03-01,2012-03,National - all residential properties,National,All residential,76.4,0.5,-3.4,-18.0
2012-03-01,2012-03,National - apartments,National,Apartments,71.2,-2.4,-6.2,-23.0
2012-03-01,2012-03,National - houses,National,Houses,77.0,0.9,-3.1,-17.6
2012-03-01,2012-03,National excluding Dublin - all residential properties,National excluding Dublin,All residential,91.1,0.4,-3.0,-17.9
2012-03-01,2012-03,National excluding Dublin - apartments,National excluding Dublin,Apartments,90.2,0.2,5.6,-25.1
2012-03-01,2012-03,National excluding Dublin - houses,National excluding Dublin,Houses,91.1,0.5,-3.3,-17.6
2012-03-01,2012-03,South Dublin - houses,South Dublin,Houses,66.1,-1.1,-6.4,-20.3
2012-03-01,2012-03,South-East - houses,South-East,Houses,88.4,0.1,-3.9,-21.2
2012-03-01,2012-03,South-West - houses,South-West,Houses,88.7,-1.6,-3.1,-13.2
2012-03-01,2012-03,West - houses,West,Houses,107.3,-0.3,-6.2,-11.6
2012-04-01,2012-04,Border - houses,Border,Houses,111.3,-0.9,-0.5,-24.6
2012-04-01,2012-04,Dublin - all residential properties,Dublin,All residential,64.8,-0.4,-2.4,-17.9
2012-04-01,2012-04,Dublin - apartments,Dublin,Apartments,66.7,-0.8,-7.9,-22.3
2012-04-01,2012-04,Dublin - houses,Dublin,Houses,64.6,-0.4,-1.6,-17.3
2012-04-01,2012-04,Dublin City - houses,Dublin City,Houses,59.6,-0.3,-4.7,-21.9
2012-04-01,2012-04,Dun Laoghaire-Rathdown - houses,Dun Laoghaire-Rathdown,Houses,62.9,-1.6,-1.7,-17.2
2012-04-01,2012-04,Fingal - houses,Fingal,Houses,68.8,-0.5,-1.5,-19.4
2012-04-01,2012-04,Mid-East - houses,Mid-East,Houses,72.0,-2.4,-5.3,-22.6
2012-04-01,2012-04,Mid-West - houses,Mid-West,Houses,104.6,-2.5,-5.2,-20.1
2012-04-01,2012-04,Midland - houses,Midland,Houses,96.3,-0.2,0.2,-16.5
2012-04-01,2012-04,National - all residential properties,National,All residential,75.2,-1.6,-3.3,-18.2
2012-04-01,2012-04,National - apartments,National,Apartments,70.1,-1.6,-6.0,-23.8
2012-04-01,2012-04,National - houses,National,Houses,75.7,-1.6,-3.0,-17.7
2012-04-01,2012-04,National excluding Dublin - all residential properties,National excluding Dublin,All residential,88.7,-2.7,-4.1,-18.6
2012-04-01,2012-04,National excluding Dublin - apartments,National excluding Dublin,Apartments,87.6,-2.9,0.1,-26.8
2012-04-01,2012-04,National excluding Dublin - houses,National excluding Dublin,Houses,88.8,-2.5,-4.1,-18.1
2012-04-01,2012-04,South Dublin - houses,South Dublin,Houses,65.6,-0.7,-4.2,-19.9
2012-04-01,2012-04,South-East - houses,South-East,Houses,87.9,-0.6,-3.4,-17.5
2012-04-01,2012-04,South-West - houses,South-West,Houses,86.6,-2.4,-4.9,-13.7
2012-04-01,2012-04,West - houses,West,Houses,104.4,-2.7,-4.4,-15.6
2012-05-01,2012-05,Border - houses,Border,Houses,111.5,0.2,3.4,-22.8
2012-05-01,2012-05,Dublin - all residential properties,Dublin,All residential,64.8,0.0,0.3,-16.5
2012-05-01,2012-05,Dublin - apartments,Dublin,Apartments,65.9,-1.2,-5.5,-22.0
2012-05-01,2012-05,Dublin - houses,Dublin,Houses,64.7,0.1,1.0,-15.9
2012-05-01,2012-05,Dublin City - houses,Dublin City,Houses,59.9,0.5,-1.1,-19.9
2012-05-01,2012-05,Dun Laoghaire-Rathdown - houses,Dun Laoghaire-Rathdown,Houses,62.8,0.0,-0.7,-16.3
2012-05-01,2012-05,Fingal - houses,Fingal,Houses,67.8,-1.5,-0.5,-18.7
2012-05-01,2012-05,Mid-East - houses,Mid-East,Houses,71.8,-0.3,-3.5,-21.6
2012-05-01,2012-05,Mid-West - houses,Mid-West,Houses,104.9,0.3,-3.2,-17.2
2012-05-01,2012-05,Midland - houses,Midland,Houses,96.6,0.3,2.1,-12.8
2012-05-01,2012-05,National - all residential properties,National,All residential,75.0,-0.4,-1.4,-17.1
2012-05-01,2012-05,National - apartments,National,Apartments,69.1,-1.4,-5.3,-23.3
2012-05-01,2012-05,National - houses,National,Houses,75.5,-0.3,-1.0,-16.5
2012-05-01,2012-05,National excluding Dublin - all residential properties,National excluding Dublin,All residential,88.1,-0.7,-2.9,-17.6
2012-05-01,2012-05,National excluding Dublin - apartments,National excluding Dublin,Apartments,86.3,-1.4,-4.1,-24.7
2012-05-01,2012-05,National excluding Dublin - houses,National excluding Dublin,Houses,88.2,-0.6,-2.6,-17.2
2012-05-01,2012-05,South Dublin - houses,South Dublin,Houses,65.3,-0.4,-2.2,-18.4
2012-05-01,2012-05,South-East - houses,South-East,Houses,87.5,-0.4,-0.9,-15.5
2012-05-01,2012-05,South-West - houses,South-West,Houses,85.3,-1.5,-5.4,-14.5
2012-05-01,2012-05,West - houses,West,Houses,100.9,-3.4,-6.3,-17.7
2012-06-01,2012-06,Border - houses,Border,Houses,107.8,-3.3,-4.0,-21.0
2012-06-01,2012-06,Dublin - all residential properties,Dublin,All residential,65.1,0.5,0.1,-14.9
2012-06-01,2012-06,Dublin - apartments,Dublin,Apartments,65.3,-0.9,-2.9,-21.0
2012-06-01,2012-06,Dublin - houses,Dublin,Houses,65.1,0.7,0.4,-14.2
2012-06-01,2012-06,Dublin City - houses,Dublin City,Houses,60.0,0.1,0.3,-18.6
2012-06-01,2012-06,Dun Laoghaire-Rathdown - houses,Dun Laoghaire-Rathdown,Houses,63.2,0.5,-1.1,-14.4
2012-06-01,2012-06,Fingal - houses,Fingal,Houses,68.2,0.5,-1.4,-16.7
2012-06-01,2012-06,Mid-East - houses,Mid-East,Houses,71.8,0.0,-2.6,-20.9
2012-06-01,2012-06,Mid-West - houses,Mid-West,Houses,103.2,-1.6,-3.8,-17.2
2012-06-01,2012-06,Midland - houses,Midland,Houses,92.9,-3.9,-3.8,-16.6
2012-06-01,2012-06,National - all residential properties,National,All residential,74.8,-0.2,-2.1,-16.0
2012-06-01,2012-06,National - apartments,National,Apartments,68.2,-1.2,-4.1,-22.6
2012-06-01,2012-06,National - houses,National,Houses,75.5,-0.1,-2.0,-15.5
2012-06-01,2012-06,National excluding Dublin - all residential properties,National excluding Dublin,All residential,87.3,-0.9,-4.2,-17.1
2012-06-01,2012-06,National excluding Dublin - apartments,National excluding Dublin,Apartments,84.7,-1.9,-6.1,-23.5
2012-06-01,2012-06,National excluding Dublin - houses,National excluding Dublin,Houses,87.5,-0.8,-3.9,-16.7
2012-06-01,2012-06,South Dublin - houses,South Dublin,Houses,66.0,1.1,0.0,-16.0
2012-06-01,2012-06,South-East - houses,South-East,Houses,86.9,-0.7,-1.7,-16.1
2012-06-01,2012-06,South-West - houses,South-West,Houses,84.7,-0.6,-4.5,-13.1
2012-06-01,2012-06,West - houses,West,Houses,101.6,0.7,-5.3,-16.0
2012-07-01,2012-07,Border - houses,Border,Houses,106.7,-1.1,-4.1,-20.5
2012-07-01,2012-07,Dublin - all residential properties,Dublin,All residential,66.5,2.1,2.7,-11.7
2012-07-01,2012-07,Dublin - apartments,Dublin,Apartments,66.1,1.2,-1.0,-18.6
2012-07-01,2012-07,Dublin - houses,Dublin,Houses,66.6,2.2,3.0,-11.0
2012-07-01,2012-07,Dublin City - houses,Dublin City,Houses,60.8,1.4,2.0,-15.4
2012-07-01,2012-07,Dun Laoghaire-Rathdown - houses,Dun Laoghaire-Rathdown,Houses,64.7,2.4,2.9,-10.7
2012-07-01,2012-07,Fingal - houses,Fingal,Houses,69.0,1.2,0.2,-14.2
2012-07-01,2012-07,Mid-East - houses,Mid-East,Houses,72.5,0.9,0.7,-17.8
2012-07-01,2012-07,Mid-West - houses,Mid-West,Houses,102.5,-0.6,-2.0,-14.8
2012-07-01,2012-07,Midland - houses,Midland,Houses,90.5,-2.5,-6.0,-16.7
2012-07-01,2012-07,National - all residential properties,National,All residential,75.6,1.1,0.5,-13.3
2012-07-01,2012-07,National - apartments,National,Apartments,68.6,0.6,-2.0,-20.2
2012-07-01,2012-07,National - houses,National,Houses,76.2,1.0,0.6,-12.9
2012-07-01,2012-07,National excluding Dublin - all residential properties,National excluding Dublin,All residential,87.4,0.1,-1.5,-14.8
2012-07-01,2012-07,National excluding Dublin - apartments,National excluding Dublin,Apartments,85.5,0.9,-2.4,-18.0
2012-07-01,2012-07,National excluding Dublin - houses,National excluding Dublin,Houses,87.5,0.0,-1.4,-14.6
2012-07-01,2012-07,South Dublin - houses,South Dublin,Houses,66.8,1.1,1.8,-14.6
2012-07-01,2012-07,South-East - houses,South-East,Houses,85.2,-2.0,-3.1,-15.7
2012-07-01,2012-07,South-West - houses,South-West,Houses,84.6,-0.2,-2.3,-12.0
2012-07-01,2012-07,West - houses,West,Houses,102.0,0.4,-2.3,-15.1
2012-08-01,2012-08,Border - houses,Border,Houses,103.0,-3.5,-7.7,-18.1
2012-08-01,2012-08,Dublin - all residential properties,Dublin,All residential,67.4,1.2,3.9,-8.8
2012-08-01,2012-08,Dublin - apartments,Dublin,Apartments,66.7,0.9,1.2,-17.4
2012-08-01,2012-08,Dublin - houses,Dublin,Houses,67.4,1.3,4.2,-7.7
2012-08-01,2012-08,Dublin City - houses,Dublin City,Houses,61.6,1.3,2.9,-12.7
2012-08-01,2012-08,Dun Laoghaire-Rathdown - houses,Dun Laoghaire-Rathdown,Houses,66.5,2.7,5.8,-5.7
2012-08-01,2012-08,Fingal - houses,Fingal,Houses,69.5,0.8,2.5,-11.2
2012-08-01,2012-08,Mid-East - houses,Mid-East,Houses,73.3,1.1,2.0,-14.8
2012-08-01,2012-08,Mid-West - houses,Mid-West,Houses,102.0,-0.5,-2.7,-12.3
2012-08-01,2012-08,Midland - houses,Midland,Houses,90.1,-0.5,-6.8,-15.6
2012-08-01,2012-08,National - all residential properties,National,All residential,75.7,0.2,1.0,-10.9
2012-08-01,2012-08,National - apartments,National,Apartments,68.4,-0.4,-1.1,-18.0
2012-08-01,2012-08,National - houses,National,Houses,76.4,0.2,1.1,-10.5
2012-08-01,2012-08,National excluding Dublin - all residential properties,National excluding Dublin,All residential,86.6,-0.9,-1.7,-12.9
2012-08-01,2012-08,National excluding Dublin - apartments,National excluding Dublin,Apartments,82.5,-3.6,-4.5,-10.6
2012-08-01,2012-08,National excluding Dublin - houses,National excluding Dublin,Houses,86.9,-0.7,-1.5,-13.0
2012-08-01,2012-08,South Dublin - houses,South Dublin,Houses,66.6,-0.4,1.8,-13.4
2012-08-01,2012-08,South-East - houses,South-East,Houses,84.9,-0.3,-3.0,-13.7
2012-08-01,2012-08,South-West - houses,South-West,Houses,83.7,-1.0,-1.9,-12.6
2012-08-01,2012-08,West - houses,West,Houses,99.9,-2.0,-1.0,-15.3
2012-09-01,2012-09,Border - houses,Border,Houses,99.8,-3.1,-7.4,-17.0
2012-09-01,2012-09,Dublin - all residential properties,Dublin,All residential,68.1,1.2,4.6,-5.2
2012-09-01,2012-09,Dublin - apartments,Dublin,Apartments,67.5,1.2,3.4,-13.8
2012-09-01,2012-09,Dublin - houses,Dublin,Houses,68.2,1.2,4.7,-4.1
2012-09-01,2012-09,Dublin City - houses,Dublin City,Houses,63.0,2.2,5.0,-8.6
2012-09-01,2012-09,Dun Laoghaire-Rathdown - houses,Dun Laoghaire-Rathdown,Houses,67.7,1.9,7.2,-1.8
2012-09-01,2012-09,Fingal - houses,Fingal,Houses,70.3,1.1,3.1,-7.4
2012-09-01,2012-09,Mid-East - houses,Mid-East,Houses,74.0,1.0,3.0,-11.9
2012-09-01,2012-09,Mid-West - houses,Mid-West,Houses,101.8,-0.2,-1.3,-11.3
2012-09-01,2012-09,Midland - houses,Midland,Houses,91.8,1.9,-1.1,-12.6
2012-09-01,2012-09,National - all residential properties,National,All residential,76.3,0.8,2.0,-8.2
2012-09-01,2012-09,National - apartments,National,Apartments,69.2,1.2,1.4,-13.9
2012-09-01,2012-09,National - houses,National,Houses,76.9,0.7,1.9,-8.2
2012-09-01,2012-09,National excluding Dublin - all residential properties,National excluding Dublin,All residential,87.0,0.5,-0.4,-11.1
2012-09-01,2012-09,National excluding Dublin - apartments,National excluding Dublin,Apartments,84.4,2.3,-0.4,-1.5
2012-09-01,2012-09,National excluding Dublin - houses,National excluding Dublin,Houses,87.1,0.3,-0.5,-11.6
2012-09-01,2012-09,South Dublin - houses,South Dublin,Houses,66.6,0.0,0.8,-11.5
2012-09-01,2012-09,South-East - houses,South-East,Houses,83.3,-1.9,-4.1,-13.2
2012-09-01,2012-09,South-West - houses,South-West,Houses,84.3,0.8,-0.5,-10.9
2012-09-01,2012-09,West - houses,West,Houses,99.7,-0.2,-1.8,-16.4
2012-10-01,2012-10,Border - houses,Border,Houses,100.0,0.2,-6.2,-12.6
2012-10-01,2012-10,Dublin - all residential properties,Dublin,All residential,68.8,0.9,3.4,-2.3
2012-10-01,2012-10,Dublin - apartments,Dublin,Apartments,68.7,1.8,4.0,-10.7
2012-10-01,2012-10,Dublin - houses,Dublin,Houses,68.8,0.8,3.4,-1.3
2012-10-01,2012-10,Dublin City - houses,Dublin City,Houses,63.4,0.6,4.2,-5.7
2012-10-01,2012-10,Dun Laoghaire-Rathdown - houses,Dun Laoghaire-Rathdown,Houses,69.7,2.9,7.8,4.0
2012-10-01,2012-10,Fingal - houses,Fingal,Houses,70.9,1.0,2.9,-5.8
2012-10-01,2012-10,Mid-East - houses,Mid-East,Houses,74.7,0.9,3.0,-8.1
2012-10-01,2012-10,Mid-West - houses,Mid-West,Houses,100.7,-1.1,-1.8,-11.8
2012-10-01,2012-10,Midland - houses,Midland,Houses,90.0,-1.9,-0.6,-12.8
2012-10-01,2012-10,National - all residential properties,National,All residential,76.6,0.3,1.3,-6.2
2012-10-01,2012-10,National - apartments,National,Apartments,70.1,1.4,2.2,-10.3
2012-10-01,2012-10,National - houses,National,Houses,77.1,0.2,1.2,-6.3
2012-10-01,2012-10,National excluding Dublin - all residential properties,National excluding Dublin,All residential,86.8,-0.3,-0.7,-9.8
2012-10-01,2012-10,National excluding Dublin - apartments,National excluding Dublin,Apartments,85.0,0.7,-0.6,4.6
2012-10-01,2012-10,National excluding Dublin - houses,National excluding Dublin,Houses,86.8,-0.4,-0.8,-10.5
2012-10-01,2012-10,South Dublin - houses,South Dublin,Houses,67.4,1.3,1.0,-8.2
2012-10-01,2012-10,South-East - houses,South-East,Houses,83.5,0.2,-2.0,-12.3
2012-10-01,2012-10,South-West - houses,South-West,Houses,84.1,-0.3,-0.6,-11.4
2012-10-01,2012-10,West - houses,West,Houses,98.6,-1.2,-3.3,-15.6
2012-11-01,2012-11,Border - houses,Border,Houses,97.6,-2.4,-5.2,-14.0
2012-11-01,2012-11,Dublin - all residential properties,Dublin,All residential,69.2,0.6,2.7,0.5
2012-11-01,2012-11,Dublin - apartments,Dublin,Apartments,68.7,0.0,3.1,-8.9
2012-11-01,2012-11,Dublin - houses,Dublin,Houses,69.3,0.8,2.8,1.8
2012-11-01,2012-11,Dublin City - houses,Dublin City,Houses,64.3,1.5,4.3,-1.8
2012-11-01,2012-11,Dun Laoghaire-Rathdown - houses,Dun Laoghaire-Rathdown,Houses,70.9,1.7,6.6,8.0
2012-11-01,2012-11,Fingal - houses,Fingal,Houses,71.5,0.8,2.9,-2.4
2012-11-01,2012-11,Mid-East - houses,Mid-East,Houses,75.1,0.6,2.5,-6.0
2012-11-01,2012-11,Mid-West - houses,Mid-West,Houses,99.6,-1.1,-2.3,-9.6
2012-11-01,2012-11,Midland - houses,Midland,Houses,88.2,-2.0,-2.1,-12.5
2012-11-01,2012-11,National - all residential properties,National,All residential,76.3,-0.4,0.8,-5.0
2012-11-01,2012-11,National - apartments,National,Apartments,70.5,0.5,3.1,-8.1
2012-11-01,2012-11,National - houses,National,Houses,76.8,-0.4,0.5,-5.0
2012-11-01,2012-11,National excluding Dublin - all residential properties,National excluding Dublin,All residential,85.6,-1.3,-1.2,-10.0
2012-11-01,2012-11,National excluding Dublin - apartments,National excluding Dublin,Apartments,85.2,0.3,3.4,4.3
2012-11-01,2012-11,National excluding Dublin - houses,National excluding Dublin,Houses,85.6,-1.4,-1.5,-10.6
2012-11-01,2012-11,South Dublin - houses,South Dublin,Houses,68.4,1.5,2.9,-5.1
2012-11-01,2012-11,South-East - houses,South-East,Houses,82.4,-1.4,-3.0,-12.1
2012-11-01,2012-11,South-West - houses,South-West,Houses,83.5,-0.8,-0.3,-10.8
2012-11-01,2012-11,West - houses,West,Houses,97.2,-1.4,-2.7,-16.4
2012-12-01,2012-12,Border - houses,Border,Houses,96.1,-1.6,-3.8,-15.7
2012-12-01,2012-12,Dublin - all residential properties,Dublin,All residential,70.0,1.2,2.7,3.6
2012-12-01,2012-12,Dublin - apartments,Dublin,Apartments,69.0,0.3,2.1,-7.3
2012-12-01,2012-12,Dublin - houses,Dublin,Houses,70.3,1.4,3.0,5.2
2012-12-01,2012-12,Dublin City - houses,Dublin City,Houses,66.0,2.6,4.8,2.1
2012-12-01,2012-12,Dun Laoghaire-Rathdown - houses,Dun Laoghaire-Rathdown,Houses,71.9,1.5,6.2,12.5
2012-12-01,2012-12,Fingal - houses,Fingal,Houses,71.7,0.3,2.1,1.0
2012-12-01,2012-12,Mid-East - houses,Mid-East,Houses,75.9,1.1,2.6,-2.9
2012-12-01,2012-12,Mid-West - houses,Mid-West,Houses,97.5,-2.2,-4.2,-11.8
2012-12-01,2012-12,Midland - houses,Midland,Houses,87.3,-1.0,-4.9,-9.8
2012-12-01,2012-12,National - all residential properties,National,All residential,76.6,0.4,0.4,-3.2
2012-12-01,2012-12,National - apartments,National,Apartments,71.0,0.7,2.6,-6.5
2012-12-01,2012-12,National - houses,National,Houses,77.1,0.5,0.3,-2.8
2012-12-01,2012-12,National excluding Dublin - all residential properties,National excluding Dublin,All residential,85.3,-0.4,-2.0,-9.2
2012-12-01,2012-12,National excluding Dublin - apartments,National excluding Dublin,Apartments,85.6,0.4,1.5,0.2
2012-12-01,2012-12,National excluding Dublin - houses,National excluding Dublin,Houses,85.2,-0.4,-2.2,-9.5
2012-12-01,2012-12,South Dublin - houses,South Dublin,Houses,69.6,1.6,4.5,-1.5
2012-12-01,2012-12,South-East - houses,South-East,Houses,82.0,-0.4,-1.6,-10.8
2012-12-01,2012-12,South-West - houses,South-West,Houses,83.7,0.3,-0.7,-8.6
2012-12-01,2012-12,West - houses,West,Houses,96.1,-1.2,-3.6,-16.0
2013-01-01,2013-01,Border - houses,Border,Houses,90.6,-5.7,-9.4,-19.1
2013-01-01,2013-01,Dublin - all residential properties,Dublin,All residential,69.4,-0.9,0.9,4.5
2013-01-01,2013-01,Dublin - apartments,Dublin,Apartments,69.6,1.0,1.3,-3.9
2013-01-01,2013-01,Dublin - houses,Dublin,Houses,69.5,-1.2,0.9,5.8
2013-01-01,2013-01,Dublin City - houses,Dublin City,Houses,65.7,-0.4,3.7,5.1
2013-01-01,2013-01,Dun Laoghaire-Rathdown - houses,Dun Laoghaire-Rathdown,Houses,73.0,1.4,4.7,14.1
2013-01-01,2013-01,Fingal - houses,Fingal,Houses,71.1,-0.9,0.2,1.7
2013-01-01,2013-01,Mid-East - houses,Mid-East,Houses,74.7,-1.6,0.1,-1.8
2013-01-01,2013-01,Mid-West - houses,Mid-West,Houses,95.7,-1.8,-4.9,-13.2
2013-01-01,2013-01,Midland - houses,Midland,Houses,85.2,-2.4,-5.4,-11.4
2013-01-01,2013-01,National - all residential properties,National,All residential,75.2,-1.8,-1.8,-3.3
2013-01-01,2013-01,National - apartments,National,Apartments,71.9,1.3,2.5,-3.5
2013-01-01,2013-01,National - houses,National,Houses,75.5,-2.1,-2.1,-3.3
2013-01-01,2013-01,National excluding Dublin - all residential properties,National excluding Dublin,All residential,82.9,-2.8,-4.5,-10.4
2013-01-01,2013-01,National excluding Dublin - apartments,National excluding Dublin,Apartments,87.0,1.6,2.4,-0.5
2013-01-01,2013-01,National excluding Dublin - houses,National excluding Dublin,Houses,82.7,-3.0,-4.8,-10.7
2013-01-01,2013-01,South Dublin - houses,South Dublin,Houses,69.3,-0.4,2.7,1.1
2013-01-01,2013-01,South-East - houses,South-East,Houses,80.7,-1.7,-3.4,-11.3
2013-01-01,2013-01,South-West - houses,South-West,Houses,83.7,0.0,-0.5,-8.1
2013-01-01,2013-01,West - houses,West,Houses,92.3,-4.0,-6.4,-15.5
2013-02-01,2013-02,Border - houses,Border,Houses,88.8,-2.0,-9.0,-17.7
2013-02-01,2013-02,Dublin - all residential properties,Dublin,All residential,68.2,-1.7,-1.4,5.6
2013-02-01,2013-02,Dublin - apartments,Dublin,Apartments,69.4,-0.3,1.0,-0.4
2013-02-01,2013-02,Dublin - houses,Dublin,Houses,68.2,-1.9,-1.7,6.4
2013-02-01,2013-02,Dublin City - houses,Dublin City,Houses,65.2,-0.8,1.4,7.6
2013-02-01,2013-02,Dun Laoghaire-Rathdown - houses,Dun Laoghaire-Rathdown,Houses,72.4,-0.8,2.1,14.4
2013-02-01,2013-02,Fingal - houses,Fingal,Houses,70.7,-0.5,-1.1,3.7
2013-02-01,2013-02,Mid-East - houses,Mid-East,Houses,75.5,1.0,0.5,1.4
2013-02-01,2013-02,Mid-West - houses,Mid-West,Houses,95.2,-0.6,-4.5,-12.1
2013-02-01,2013-02,Midland - houses,Midland,Houses,84.9,-0.3,-3.7,-10.2
2013-02-01,2013-02,National - all residential properties,National,All residential,74.4,-1.1,-2.5,-2.2
2013-02-01,2013-02,National - apartments,National,Apartments,72.2,0.4,2.5,-1.0
2013-02-01,2013-02,National - houses,National,Houses,74.6,-1.2,-2.9,-2.2
2013-02-01,2013-02,National excluding Dublin - all residential properties,National excluding Dublin,All residential,82.5,-0.5,-3.6,-9.1
2013-02-01,2013-02,National excluding Dublin - apartments,National excluding Dublin,Apartments,87.6,0.7,2.8,-2.7
2013-02-01,2013-02,National excluding Dublin - houses,National excluding Dublin,Houses,82.2,-0.5,-3.9,-9.3
2013-02-01,2013-02,South Dublin - houses,South Dublin,Houses,69.8,0.7,1.9,4.5
2013-02-01,2013-02,South-East - houses,South-East,Houses,78.8,-2.3,-4.3,-10.8
2013-02-01,2013-02,South-West - houses,South-West,Houses,82.7,-1.2,-0.9,-8.3
2013-02-01,2013-02,West - houses,West,Houses,91.3,-1.1,-6.1,-15.2
2013-03-01,2013-03,Border - houses,Border,Houses,86.7,-2.4,-9.8,-22.8
2013-03-01,2013-03,Dublin - all residential properties,Dublin,All residential,67.8,-0.6,-3.1,4.3
2013-03-01,2013-03,Dublin - apartments,Dublin,Apartments,69.2,-0.4,0.3,2.8
2013-03-01,2013-03,Dublin - houses,Dublin,Houses,67.8,-0.6,-3.6,4.4
2013-03-01,2013-03,Dublin City - houses,Dublin City,Houses,65.6,0.7,-0.6,9.7
2013-03-01,2013-03,Dun Laoghaire-Rathdown - houses,Dun Laoghaire-Rathdown,Houses,72.0,-0.5,0.1,12.7
2013-03-01,2013-03,Fingal - houses,Fingal,Houses,69.7,-1.5,-2.9,0.7
2013-03-01,2013-03,Mid-East - houses,Mid-East,Houses,74.2,-1.7,-2.3,0.5
2013-03-01,2013-03,Mid-West - houses,Mid-West,Houses,91.3,-4.0,-6.3,-14.8
2013-03-01,2013-03,Midland - houses,Midland,Houses,81.7,-3.8,-6.4,-15.4
2013-03-01,2013-03,National - all residential properties,National,All residential,73.4,-1.3,-4.2,-4.0
2013-03-01,2013-03,National - apartments,National,Apartments,72.0,-0.2,1.5,1.2
2013-03-01,2013-03,National - houses,National,Houses,73.6,-1.4,-4.6,-4.4
2013-03-01,2013-03,National excluding Dublin - all residential properties,National excluding Dublin,All residential,80.7,-2.2,-5.4,-11.4
2013-03-01,2013-03,National excluding Dublin - apartments,National excluding Dublin,Apartments,85.6,-2.3,0.0,-5.1
2013-03-01,2013-03,National excluding Dublin - houses,National excluding Dublin,Houses,80.5,-2.1,-5.6,-11.6
2013-03-01,2013-03,South Dublin - houses,South Dublin,Houses,69.5,-0.4,-0.1,5.2
2013-03-01,2013-03,South-East - houses,South-East,Houses,78.5,-0.4,-4.3,-11.2
2013-03-01,2013-03,South-West - houses,South-West,Houses,81.1,-2.0,-3.2,-8.7
2013-03-01,2013-03,West - houses,West,Houses,92.4,1.3,-3.8,-13.9
2013-04-01,2013-04,Border - houses,Border,Houses,87.7,1.1,-3.2,-21.2
2013-04-01,2013-04,Dublin - all residential properties,Dublin,All residential,68.6,1.1,-1.2,5.8
2013-04-01,2013-04,Dublin - apartments,Dublin,Apartments,69.0,-0.2,-0.9,3.4
2013-04-01,2013-04,Dublin - houses,Dublin,Houses,68.6,1.3,-1.2,6.2
2013-04-01,2013-04,Dublin City - houses,Dublin City,Houses,65.4,-0.4,-0.6,9.6
2013-04-01,2013-04,Dun Laoghaire-Rathdown - houses,Dun Laoghaire-Rathdown,Houses,72.5,0.8,-0.6,15.4
2013-04-01,2013-04,Fingal - houses,Fingal,Houses,71.2,2.3,0.2,3.5
2013-04-01,2013-04,Mid-East - houses,Mid-East,Houses,73.4,-1.1,-1.8,1.9
2013-04-01,2013-04,Mid-West - houses,Mid-West,Houses,87.9,-3.8,-8.2,-15.9
2013-04-01,2013-04,Midland - houses,Midland,Houses,83.1,1.7,-2.5,-13.8
2013-04-01,2013-04,National - all residential properties,National,All residential,73.7,0.5,-2.0,-2.0
2013-04-01,2013-04,National - apartments,National,Apartments,71.8,-0.3,-0.1,2.5
2013-04-01,2013-04,National - houses,National,Houses,74.0,0.6,-1.9,-2.3
2013-04-01,2013-04,National excluding Dublin - all residential properties,National excluding Dublin,All residential,80.5,-0.2,-2.9,-9.2
2013-04-01,2013-04,National excluding Dublin - apartments,National excluding Dublin,Apartments,83.5,-2.5,-4.1,-4.7
2013-04-01,2013-04,National excluding Dublin - houses,National excluding Dublin,Houses,80.4,0.0,-2.7,-9.4
2013-04-01,2013-04,South Dublin - houses,South Dublin,Houses,69.9,0.6,0.9,6.5
2013-04-01,2013-04,South-East - houses,South-East,Houses,78.1,-0.4,-3.2,-11.1
2013-04-01,2013-04,South-West - houses,South-West,Houses,80.2,-1.0,-4.1,-7.4
2013-04-01,2013-04,West - houses,West,Houses,93.9,1.6,1.8,-10.1
2013-05-01,2013-05,Border - houses,Border,Houses,87.3,-0.4,-1.6,-21.7
2013-05-01,2013-05,Dublin - all residential properties,Dublin,All residential,69.1,0.7,1.3,6.6
2013-05-01,2013-05,Dublin - apartments,Dublin,Apartments,69.1,0.2,-0.5,4.9
2013-05-01,2013-05,Dublin - houses,Dublin,Houses,69.2,0.8,1.5,6.9
2013-05-01,2013-05,Dublin City - houses,Dublin City,Houses,65.4,0.0,0.3,9.1
2013-05-01,2013-05,Dun Laoghaire-Rathdown - houses,Dun Laoghaire-Rathdown,Houses,72.2,-0.5,-0.3,14.9
2013-05-01,2013-05,Fingal - houses,Fingal,Houses,71.5,0.4,1.1,5.4
2013-05-01,2013-05,Mid-East - houses,Mid-East,Houses,73.1,-0.3,-3.1,1.8
2013-05-01,2013-05,Mid-West - houses,Mid-West,Houses,86.3,-1.8,-9.3,-17.7
2013-05-01,2013-05,Midland - houses,Midland,Houses,82.7,-0.4,-2.6,-14.4
2013-05-01,2013-05,National - all residential properties,National,All residential,73.7,0.0,-0.9,-1.7
2013-05-01,2013-05,National - apartments,National,Apartments,71.9,0.2,-0.4,4.1
2013-05-01,2013-05,National - houses,National,Houses,74.0,-0.1,-0.8,-2.0
2013-05-01,2013-05,National excluding Dublin - all residential properties,National excluding Dublin,All residential,79.8,-0.9,-3.2,-9.4
2013-05-01,2013-05,National excluding Dublin - apartments,National excluding Dublin,Apartments,83.2,-0.3,-5.0,-3.6
2013-05-01,2013-05,National excluding Dublin - houses,National excluding Dublin,Houses,79.7,-0.9,-3.1,-9.7
2013-05-01,2013-05,South Dublin - houses,South Dublin,Houses,71.7,2.6,2.8,9.8
2013-05-01,2013-05,South-East - houses,South-East,Houses,77.8,-0.5,-1.3,-11.2
2013-05-01,2013-05,South-West - houses,South-West,Houses,78.4,-2.3,-5.2,-8.1
2013-05-01,2013-05,West - houses,West,Houses,92.6,-1.3,1.5,-8.2
2013-06-01,2013-06,Border - houses,Border,Houses,86.8,-0.6,0.1,-19.5
2013-06-01,2013-06,Dublin - all residential properties,Dublin,All residential,71.6,3.6,5.5,9.9
2013-06-01,2013-06,Dublin - apartments,Dublin,Apartments,69.9,1.2,1.1,7.1
2013-06-01,2013-06,Dublin - houses,Dublin,Houses,71.9,3.9,6.1,10.4
2013-06-01,2013-06,Dublin City - houses,Dublin City,Houses,66.7,2.1,1.6,11.2
2013-06-01,2013-06,Dun Laoghaire-Rathdown - houses,Dun Laoghaire-Rathdown,Houses,74.7,3.5,3.7,18.2
2013-06-01,2013-06,Fingal - houses,Fingal,Houses,72.3,1.1,3.7,6.0
2013-06-01,2013-06,Mid-East - houses,Mid-East,Houses,72.5,-0.8,-2.2,0.9
2013-06-01,2013-06,Mid-West - houses,Mid-West,Houses,84.6,-2.0,-7.4,-18.0
2013-06-01,2013-06,Midland - houses,Midland,Houses,84.3,1.9,3.2,-9.2
2013-06-01,2013-06,National - all residential properties,National,All residential,75.6,2.5,3.0,1.0
2013-06-01,2013-06,National - apartments,National,Apartments,72.2,0.4,0.2,5.8
2013-06-01,2013-06,National - houses,National,Houses,76.0,2.7,3.3,0.7
2013-06-01,2013-06,National excluding Dublin - all residential properties,National excluding Dublin,All residential,80.9,1.3,0.2,-7.4
2013-06-01,2013-06,National excluding Dublin - apartments,National excluding Dublin,Apartments,81.7,-1.8,-4.5,-3.6
2013-06-01,2013-06,National excluding Dublin - houses,National excluding Dublin,Houses,80.8,1.4,0.5,-7.6
2013-06-01,2013-06,South Dublin - houses,South Dublin,Houses,72.5,1.0,4.3,9.7
2013-06-01,2013-06,South-East - houses,South-East,Houses,77.4,-0.5,-1.4,-10.9
2013-06-01,2013-06,South-West - houses,South-West,Houses,79.8,1.8,-1.6,-5.9
2013-06-01,2013-06,West - houses,West,Houses,94.8,2.4,2.6,-6.6
2013-07-01,2013-07,Border - houses,Border,Houses,89.5,3.1,2.1,-16.1
2013-07-01,2013-07,Dublin - all residential properties,Dublin,All residential,74.2,3.7,8.2,11.6
2013-07-01,2013-07,Dublin - apartments,Dublin,Apartments,70.8,1.2,2.5,7.0
2013-07-01,2013-07,Dublin - houses,Dublin,Houses,74.8,4.1,9.0,12.4
2013-07-01,2013-07,Dublin City - houses,Dublin City,Houses,68.5,2.7,4.9,12.7
2013-07-01,2013-07,Dun Laoghaire-Rathdown - houses,Dun Laoghaire-Rathdown,Houses,77.5,3.8,6.9,19.8
2013-07-01,2013-07,Fingal - houses,Fingal,Houses,73.4,1.5,3.0,6.4
2013-07-01,2013-07,Mid-East - houses,Mid-East,Houses,72.4,-0.2,-1.3,-0.1
2013-07-01,2013-07,Mid-West - houses,Mid-West,Houses,85.0,0.4,-3.3,-17.1
2013-07-01,2013-07,Midland - houses,Midland,Houses,83.9,-0.5,0.9,-7.4
2013-07-01,2013-07,National - all residential properties,National,All residential,77.4,2.4,5.0,2.4
2013-07-01,2013-07,National - apartments,National,Apartments,72.7,0.7,1.3,6.0
2013-07-01,2013-07,National - houses,National,Houses,77.9,2.5,5.2,2.2
2013-07-01,2013-07,National excluding Dublin - all residential properties,National excluding Dublin,All residential,81.6,0.9,1.3,-6.6
2013-07-01,2013-07,National excluding Dublin - apartments,National excluding Dublin,Apartments,82.2,0.5,-1.5,-3.9
2013-07-01,2013-07,National excluding Dublin - houses,National excluding Dublin,Houses,81.6,0.9,1.4,-6.8
2013-07-01,2013-07,South Dublin - houses,South Dublin,Houses,73.4,1.3,5.0,9.9
2013-07-01,2013-07,South-East - houses,South-East,Houses,77.6,0.3,-0.7,-8.9
2013-07-01,2013-07,South-West - houses,South-West,Houses,79.9,0.1,-0.4,-5.5
2013-07-01,2013-07,West - houses,West,Houses,94.8,0.0,0.9,-7.1
2013-08-01,2013-08,Border - houses,Border,Houses,89.9,0.4,2.9,-12.7
2013-08-01,2013-08,Dublin - all residential properties,Dublin,All residential,76.0,2.5,10.1,12.9
2013-08-01,2013-08,Dublin - apartments,Dublin,Apartments,71.1,0.5,2.9,6.6
2013-08-01,2013-08,Dublin - houses,Dublin,Houses,76.9,2.8,11.1,14.0
2013-08-01,2013-08,Dublin City - houses,Dublin City,Houses,70.5,2.8,7.8,14.3
2013-08-01,2013-08,Dun Laoghaire-Rathdown - houses,Dun Laoghaire-Rathdown,Houses,79.4,2.4,10.0,19.5
2013-08-01,2013-08,Fingal - houses,Fingal,Houses,74.7,1.9,4.5,7.5
2013-08-01,2013-08,Mid-East - houses,Mid-East,Houses,72.6,0.2,-0.8,-1.0
2013-08-01,2013-08,Mid-West - houses,Mid-West,Houses,86.9,2.3,0.7,-14.8
2013-08-01,2013-08,Midland - houses,Midland,Houses,80.3,-4.2,-2.9,-10.8
2013-08-01,2013-08,National - all residential properties,National,All residential,78.5,1.4,6.5,3.6
2013-08-01,2013-08,National - apartments,National,Apartments,73.1,0.4,1.6,6.9
2013-08-01,2013-08,National - houses,National,Houses,79.1,1.5,6.8,3.5
2013-08-01,2013-08,National excluding Dublin - all residential properties,National excluding Dublin,All residential,81.8,0.2,2.4,-5.6
2013-08-01,2013-08,National excluding Dublin - apartments,National excluding Dublin,Apartments,82.9,0.9,-0.4,0.6
2013-08-01,2013-08,National excluding Dublin - houses,National excluding Dublin,Houses,81.7,0.1,2.5,-6.0
2013-08-01,2013-08,South Dublin - houses,South Dublin,Houses,74.9,2.0,4.4,12.6
2013-08-01,2013-08,South-East - houses,South-East,Houses,76.5,-1.5,-1.7,-10.0
2013-08-01,2013-08,South-West - houses,South-West,Houses,80.4,0.7,2.6,-3.9
2013-08-01,2013-08,West - houses,West,Houses,94.7,-0.1,2.2,-5.2
2013-09-01,2013-09,Border - houses,Border,Houses,91.6,1.9,5.5,-8.2
2013-09-01,2013-09,Dublin - all residential properties,Dublin,All residential,77.4,1.7,8.1,13.5
2013-09-01,2013-09,Dublin - apartments,Dublin,Apartments,71.7,0.8,2.5,6.1
2013-09-01,2013-09,Dublin - houses,Dublin,Houses,78.4,1.9,9.0,14.8
2013-09-01,2013-09,Dublin City - houses,Dublin City,Houses,72.5,2.8,8.6,15.1
2013-09-01,2013-09,Dun Laoghaire-Rathdown - houses,Dun Laoghaire-Rathdown,Houses,81.0,2.0,8.5,19.7
2013-09-01,2013-09,Fingal - houses,Fingal,Houses,76.4,2.2,5.7,8.7
2013-09-01,2013-09,Mid-East - houses,Mid-East,Houses,74.2,2.2,2.3,0.2
2013-09-01,2013-09,Mid-West - houses,Mid-West,Houses,87.5,0.7,3.4,-14.0
2013-09-01,2013-09,Midland - houses,Midland,Houses,81.0,0.8,-3.9,-11.8
2013-09-01,2013-09,National - all residential properties,National,All residential,79.7,1.6,5.5,4.4
2013-09-01,2013-09,National - apartments,National,Apartments,73.1,0.0,1.2,5.6
2013-09-01,2013-09,National - houses,National,Houses,80.4,1.7,5.8,4.6
2013-09-01,2013-09,National excluding Dublin - all residential properties,National excluding Dublin,All residential,82.9,1.4,2.5,-4.8
2013-09-01,2013-09,National excluding Dublin - apartments,National excluding Dublin,Apartments,80.8,-2.6,-1.2,-4.2
2013-09-01,2013-09,National excluding Dublin - houses,National excluding Dublin,Houses,82.9,1.6,2.6,-4.8
2013-09-01,2013-09,South Dublin - houses,South Dublin,Houses,75.9,1.3,4.7,14.0
2013-09-01,2013-09,South-East - houses,South-East,Houses,76.8,0.4,-0.8,-7.9
2013-09-01,2013-09,South-West - houses,South-West,Houses,81.6,1.4,2.3,-3.2
2013-09-01,2013-09,West - houses,West,Houses,93.7,-1.0,-1.2,-6.1
2013-10-01,2013-10,Border - houses,Border,Houses,91.5,-0.1,2.2,-8.5
2013-10-01,2013-10,Dublin - all residential properties,Dublin,All residential,77.9,0.6,4.9,13.2
2013-10-01,2013-10,Dublin - apartments,Dublin,Apartments,72.6,1.4,2.7,5.7
2013-10-01,2013-10,Dublin - houses,Dublin,Houses,78.8,0.5,5.3,14.5
2013-10-01,2013-10,Dublin City - houses,Dublin City,Houses,73.4,1.3,7.1,15.8
2013-10-01,2013-10,Dun Laoghaire-Rathdown - houses,Dun Laoghaire-Rathdown,Houses,82.8,2.2,6.8,18.7
2013-10-01,2013-10,Fingal - houses,Fingal,Houses,77.6,1.6,5.8,9.4
2013-10-01,2013-10,Mid-East - houses,Mid-East,Houses,74.8,0.9,3.3,0.2
2013-10-01,2013-10,Mid-West - houses,Mid-West,Houses,87.7,0.2,3.2,-13.0
2013-10-01,2013-10,Midland - houses,Midland,Houses,80.6,-0.5,-3.9,-10.4
2013-10-01,2013-10,National - all residential properties,National,All residential,80.2,0.6,3.6,4.7
2013-10-01,2013-10,National - apartments,National,Apartments,73.7,0.9,1.3,5.1
2013-10-01,2013-10,National - houses,National,Houses,80.9,0.6,3.8,4.9
2013-10-01,2013-10,National excluding Dublin - all residential properties,National excluding Dublin,All residential,83.4,0.6,2.2,-3.9
2013-10-01,2013-10,National excluding Dublin - apartments,National excluding Dublin,Apartments,80.9,0.2,-1.5,-4.8
2013-10-01,2013-10,National excluding Dublin - houses,National excluding Dublin,Houses,83.5,0.6,2.3,-3.9
2013-10-01,2013-10,South Dublin - houses,South Dublin,Houses,76.5,0.8,4.1,13.4
2013-10-01,2013-10,South-East - houses,South-East,Houses,78.5,2.2,1.1,-6.0
2013-10-01,2013-10,South-West - houses,South-West,Houses,82.4,1.0,3.2,-2.0
2013-10-01,2013-10,West - houses,West,Houses,94.1,0.5,-0.7,-4.5
2013-11-01,2013-11,Border - houses,Border,Houses,92.1,0.6,2.4,-5.7
2013-11-01,2013-11,Dublin - all residential properties,Dublin,All residential,78.8,1.1,3.6,13.8
2013-11-01,2013-11,Dublin - apartments,Dublin,Apartments,74.7,2.8,5.0,8.7
2013-11-01,2013-11,Dublin - houses,Dublin,Houses,79.4,0.8,3.3,14.6
2013-11-01,2013-11,Dublin City - houses,Dublin City,Houses,74.8,1.9,6.2,16.3
2013-11-01,2013-11,Dun Laoghaire-Rathdown - houses,Dun Laoghaire-Rathdown,Houses,84.8,2.4,6.7,19.6
2013-11-01,2013-11,Fingal - houses,Fingal,Houses,77.1,-0.6,3.1,7.8
2013-11-01,2013-11,Mid-East - houses,Mid-East,Houses,75.0,0.3,3.4,-0.1
2013-11-01,2013-11,Mid-West - houses,Mid-West,Houses,86.5,-1.3,-0.5,-13.2
2013-11-01,2013-11,Midland - houses,Midland,Houses,82.9,2.8,3.2,-6.0
2013-11-01,2013-11,National - all residential properties,National,All residential,80.6,0.4,2.7,5.6
2013-11-01,2013-11,National - apartments,National,Apartments,74.6,1.3,2.2,5.9
2013-11-01,2013-11,National - houses,National,Houses,81.1,0.3,2.6,5.7
2013-11-01,2013-11,National excluding Dublin - all residential properties,National excluding Dublin,All residential,83.0,-0.4,1.6,-3.0
2013-11-01,2013-11,National excluding Dublin - apartments,National excluding Dublin,Apartments,78.5,-2.9,-5.3,-7.9
2013-11-01,2013-11,National excluding Dublin - houses,National excluding Dublin,Houses,83.2,-0.3,1.9,-2.7
2013-11-01,2013-11,South Dublin - houses,South Dublin,Houses,77.9,1.9,4.0,13.8
2013-11-01,2013-11,South-East - houses,South-East,Houses,79.1,0.8,3.5,-3.9
2013-11-01,2013-11,South-West - houses,South-West,Houses,82.6,0.2,2.7,-1.0
2013-11-01,2013-11,West - houses,West,Houses,94.9,0.9,0.3,-2.4
2013-12-01,2013-12,Border - houses,Border,Houses,91.0,-1.2,-0.7,-5.3
2013-12-01,2013-12,Dublin - all residential properties,Dublin,All residential,79.8,1.3,3.1,14.0
2013-12-01,2013-12,Dublin - apartments,Dublin,Apartments,75.8,1.6,5.8,10.0
2013-12-01,2013-12,Dublin - houses,Dublin,Houses,80.5,1.3,2.7,14.5
2013-12-01,2013-12,Dublin City - houses,Dublin City,Houses,76.9,2.7,6.1,16.4
2013-12-01,2013-12,Dun Laoghaire-Rathdown - houses,Dun Laoghaire-Rathdown,Houses,85.7,1.1,5.8,19.2
2013-12-01,2013-12,Fingal - houses,Fingal,Houses,77.9,1.1,2.0,8.6
2013-12-01,2013-12,Mid-East - houses,Mid-East,Houses,76.2,1.6,2.8,0.4
2013-12-01,2013-12,Mid-West - houses,Mid-West,Houses,87.7,1.4,0.3,-10.0
2013-12-01,2013-12,Midland - houses,Midland,Houses,84.2,1.6,4.0,-3.5
2013-12-01,2013-12,National - all residential properties,National,All residential,81.5,1.2,2.3,6.4
2013-12-01,2013-12,National - apartments,National,Apartments,75.8,1.6,3.7,6.8
2013-12-01,2013-12,National - houses,National,Houses,82.1,1.1,2.0,6.4
2013-12-01,2013-12,National excluding Dublin - all residential properties,National excluding Dublin,All residential,84.0,1.1,1.3,-1.6
2013-12-01,2013-12,National excluding Dublin - apartments,National excluding Dublin,Apartments,80.9,3.1,0.2,-5.4
2013-12-01,2013-12,National excluding Dublin - houses,National excluding Dublin,Houses,84.1,1.0,1.3,-1.4
2013-12-01,2013-12,South Dublin - houses,South Dublin,Houses,78.9,1.2,3.9,13.4
2013-12-01,2013-12,South-East - houses,South-East,Houses,79.4,0.3,3.4,-3.2
2013-12-01,2013-12,South-West - houses,South-West,Houses,84.4,2.1,3.4,0.8
2013-12-01,2013-12,West - houses,West,Houses,94.4,-0.6,0.8,-1.8
2014-01-01,2014-01,Border - houses,Border,Houses,88.0,-3.3,-3.8,-2.8
2014-01-01,2014-01,Dublin - all residential properties,Dublin,All residential,80.1,0.4,2.9,15.5
2014-01-01,2014-01,Dublin - apartments,Dublin,Apartments,78.3,3.3,7.8,12.5
2014-01-01,2014-01,Dublin - houses,Dublin,Houses,80.4,-0.1,2.0,15.7
2014-01-01,2014-01,Dublin City - houses,Dublin City,Houses,77.5,0.8,5.5,17.8
2014-01-01,2014-01,Dun Laoghaire-Rathdown - houses,Dun Laoghaire-Rathdown,Houses,87.2,1.7,5.3,19.5
2014-01-01,2014-01,Fingal - houses,Fingal,Houses,76.7,-1.6,-1.1,7.9
2014-01-01,2014-01,Mid-East - houses,Mid-East,Houses,77.1,1.1,3.1,3.2
2014-01-01,2014-01,Mid-West - houses,Mid-West,Houses,89.4,1.9,1.9,-6.7
2014-01-01,2014-01,Midland - houses,Midland,Houses,83.2,-1.2,3.2,-2.3
2014-01-01,2014-01,National - all residential properties,National,All residential,81.6,0.1,1.8,8.5
2014-01-01,2014-01,National - apartments,National,Apartments,77.3,2.0,4.9,7.6
2014-01-01,2014-01,National - houses,National,Houses,81.9,-0.2,1.3,8.5
2014-01-01,2014-01,National excluding Dublin - all residential properties,National excluding Dublin,All residential,83.7,-0.3,0.4,1.0
2014-01-01,2014-01,National excluding Dublin - apartments,National excluding Dublin,Apartments,80.2,-1.0,-1.0,-7.9
2014-01-01,2014-01,National excluding Dublin - houses,National excluding Dublin,Houses,83.9,-0.2,0.5,1.5
2014-01-01,2014-01,South Dublin - houses,South Dublin,Houses,79.8,1.2,4.4,15.2
2014-01-01,2014-01,South-East - houses,South-East,Houses,79.8,0.5,1.7,-1.1
2014-01-01,2014-01,South-West - houses,South-West,Houses,84.5,0.2,2.6,1.0
2014-01-01,2014-01,West - houses,West,Houses,94.8,0.5,0.8,2.8
2014-02-01,2014-02,Border - houses,Border,Houses,87.9,-0.1,-4.5,-1.0
2014-02-01,2014-02,Dublin - all residential properties,Dublin,All residential,80.5,0.5,2.3,18.1
2014-02-01,2014-02,Dublin - apartments,Dublin,Apartments,78.5,0.2,5.1,13.1
2014-02-01,2014-02,Dublin - houses,Dublin,Houses,80.9,0.7,1.8,18.7
2014-02-01,2014-02,Dublin City - houses,Dublin City,Houses,78.9,1.9,5.5,21.1
2014-02-01,2014-02,Dun Laoghaire-Rathdown - houses,Dun Laoghaire-Rathdown,Houses,87.9,0.8,3.7,21.5
2014-02-01,2014-02,Fingal - houses,Fingal,Houses,76.2,-0.7,-1.2,7.7
2014-02-01,2014-02,Mid-East - houses,Mid-East,Houses,78.0,1.2,4.0,3.4
2014-02-01,2014-02,Mid-West - houses,Mid-West,Houses,89.3,-0.1,3.2,-6.2
2014-02-01,2014-02,Midland - houses,Midland,Houses,83.6,0.5,0.9,-1.5
2014-02-01,2014-02,National - all residential properties,National,All residential,82.0,0.4,1.8,10.2
2014-02-01,2014-02,National - apartments,National,Apartments,78.2,1.1,4.8,8.3
2014-02-01,2014-02,National - houses,National,Houses,82.3,0.4,1.4,10.3
2014-02-01,2014-02,National excluding Dublin - all residential properties,National excluding Dublin,All residential,84.0,0.4,1.2,1.8
2014-02-01,2014-02,National excluding Dublin - apartments,National excluding Dublin,Apartments,83.0,3.5,5.7,-5.3
2014-02-01,2014-02,National excluding Dublin - houses,National excluding Dublin,Houses,84.0,0.1,0.9,2.2
2014-02-01,2014-02,South Dublin - houses,South Dublin,Houses,80.5,0.8,3.3,15.3
2014-02-01,2014-02,South-East - houses,South-East,Houses,81.2,1.7,2.6,3.0
2014-02-01,2014-02,South-West - houses,South-West,Houses,84.9,0.4,2.7,2.6
2014-02-01,2014-02,West - houses,West,Houses,93.6,-1.3,-1.4,2.6
2014-03-01,2014-03,Border - houses,Border,Houses,86.5,-1.7,-5.0,-0.2
2014-03-01,2014-03,Dublin - all residential properties,Dublin,All residential,81.8,1.6,2.5,20.6
2014-03-01,2014-03,Dublin - apartments,Dublin,Apartments,79.8,1.6,5.2,15.4
2014-03-01,2014-03,Dublin - houses,Dublin,Houses,82.2,1.6,2.1,21.3
2014-03-01,2014-03,Dublin City - houses,Dublin City,Houses,79.5,0.7,3.4,21.1
2014-03-01,2014-03,Dun Laoghaire-Rathdown - houses,Dun Laoghaire-Rathdown,Houses,88.5,0.6,3.2,22.9
2014-03-01,2014-03,Fingal - houses,Fingal,Houses,78.3,2.7,0.5,12.3
2014-03-01,2014-03,Mid-East - houses,Mid-East,Houses,78.6,0.8,3.2,6.0
2014-03-01,2014-03,Mid-West - houses,Mid-West,Houses,88.3,-1.1,0.6,-3.4
2014-03-01,2014-03,Midland - houses,Midland,Houses,83.9,0.4,-0.3,2.8
2014-03-01,2014-03,National - all residential properties,National,All residential,82.5,0.7,1.2,12.5
2014-03-01,2014-03,National - apartments,National,Apartments,79.5,1.6,4.8,10.3
2014-03-01,2014-03,National - houses,National,Houses,82.7,0.6,0.8,12.5
2014-03-01,2014-03,National excluding Dublin - all residential properties,National excluding Dublin,All residential,83.6,-0.4,-0.4,3.6
2014-03-01,2014-03,National excluding Dublin - apartments,National excluding Dublin,Apartments,84.1,1.3,3.9,-1.8
2014-03-01,2014-03,National excluding Dublin - houses,National excluding Dublin,Houses,83.6,-0.5,-0.6,3.9
2014-03-01,2014-03,South Dublin - houses,South Dublin,Houses,82.4,2.3,4.4,18.5
2014-03-01,2014-03,South-East - houses,South-East,Houses,82.6,1.7,4.0,5.2
2014-03-01,2014-03,South-West - houses,South-West,Houses,84.9,0.1,0.7,4.8
2014-03-01,2014-03,West - houses,West,Houses,91.8,-1.9,-2.7,-0.7
2014-04-01,2014-04,Border - houses,Border,Houses,88.4,2.3,0.5,0.9
2014-04-01,2014-04,Dublin - all residential properties,Dublin,All residential,84.2,2.9,5.0,22.8
2014-04-01,2014-04,Dublin - apartments,Dublin,Apartments,81.4,2.0,3.8,17.9
2014-04-01,2014-04,Dublin - houses,Dublin,Houses,84.7,3.1,5.4,23.4
2014-04-01,2014-04,Dublin City - houses,Dublin City,Houses,81.8,2.9,5.6,25.1
2014-04-01,2014-04,Dun Laoghaire-Rathdown - houses,Dun Laoghaire-Rathdown,Houses,89.1,0.7,2.1,22.8
2014-04-01,2014-04,Fingal - houses,Fingal,Houses,79.7,1.9,3.9,11.9
2014-04-01,2014-04,Mid-East - houses,Mid-East,Houses,79.3,0.8,2.8,8.0
2014-04-01,2014-04,Mid-West - houses,Mid-West,Houses,87.6,-0.7,-2.0,-0.3
2014-04-01,2014-04,Midland - houses,Midland,Houses,85.6,1.9,2.8,3.0
2014-04-01,2014-04,National - all residential properties,National,All residential,84.3,2.1,3.2,14.3
2014-04-01,2014-04,National - apartments,National,Apartments,80.9,1.8,4.6,12.7
2014-04-01,2014-04,National - houses,National,Houses,84.5,2.2,3.2,14.2
2014-04-01,2014-04,National excluding Dublin - all residential properties,National excluding Dublin,All residential,84.6,1.2,1.1,5.0
2014-04-01,2014-04,National excluding Dublin - apartments,National excluding Dublin,Apartments,85.1,1.2,6.1,1.9
2014-04-01,2014-04,National excluding Dublin - houses,National excluding Dublin,Houses,84.6,1.2,0.8,5.1
2014-04-01,2014-04,South Dublin - houses,South Dublin,Houses,85.4,3.7,7.0,22.2
2014-04-01,2014-04,South-East - houses,South-East,Houses,83.0,0.6,4.0,6.2
2014-04-01,2014-04,South-West - houses,South-West,Houses,85.3,0.4,0.9,6.3
2014-04-01,2014-04,West - houses,West,Houses,93.5,1.9,-1.4,-0.4
2014-05-01,2014-05,Border - houses,Border,Houses,90.8,2.6,3.2,3.9
2014-05-01,2014-05,Dublin - all residential properties,Dublin,All residential,87.2,3.5,8.2,26.2
2014-05-01,2014-05,Dublin - apartments,Dublin,Apartments,84.6,4.0,7.7,22.4
2014-05-01,2014-05,Dublin - houses,Dublin,Houses,87.5,3.3,8.2,26.5
2014-05-01,2014-05,Dublin City - houses,Dublin City,Houses,84.5,3.3,7.1,29.3
2014-05-01,2014-05,Dun Laoghaire-Rathdown - houses,Dun Laoghaire-Rathdown,Houses,89.2,0.2,1.5,23.6
2014-05-01,2014-05,Fingal - houses,Fingal,Houses,83.0,4.1,9.0,16.1
2014-05-01,2014-05,Mid-East - houses,Mid-East,Houses,80.7,1.8,3.4,10.3
2014-05-01,2014-05,Mid-West - houses,Mid-West,Houses,88.7,1.3,-0.6,2.8
2014-05-01,2014-05,Midland - houses,Midland,Houses,86.3,0.8,3.1,4.2
2014-05-01,2014-05,National - all residential properties,National,All residential,86.5,2.7,5.6,17.4
2014-05-01,2014-05,National - apartments,National,Apartments,83.2,2.9,6.5,15.7
2014-05-01,2014-05,National - houses,National,Houses,86.7,2.6,5.4,17.2
2014-05-01,2014-05,National excluding Dublin - all residential properties,National excluding Dublin,All residential,86.0,1.6,2.3,7.7
2014-05-01,2014-05,National excluding Dublin - apartments,National excluding Dublin,Apartments,85.3,0.2,2.7,2.4
2014-05-01,2014-05,National excluding Dublin - houses,National excluding Dublin,Houses,86.0,1.7,2.4,7.9
2014-05-01,2014-05,South Dublin - houses,South Dublin,Houses,88.1,3.1,9.5,22.8
2014-05-01,2014-05,South-East - houses,South-East,Houses,84.4,1.6,4.0,8.5
2014-05-01,2014-05,South-West - houses,South-West,Houses,85.2,-0.1,0.4,8.7
2014-05-01,2014-05,West - houses,West,Houses,94.3,0.8,0.8,1.8
2014-06-01,2014-06,Border - houses,Border,Houses,87.7,-3.4,1.4,1.0
2014-06-01,2014-06,Dublin - all residential properties,Dublin,All residential,90.8,4.2,11.0,26.9
2014-06-01,2014-06,Dublin - apartments,Dublin,Apartments,87.1,3.0,9.2,24.6
2014-06-01,2014-06,Dublin - houses,Dublin,Houses,91.4,4.4,11.2,27.1
2014-06-01,2014-06,Dublin City - houses,Dublin City,Houses,87.7,3.8,10.4,31.5
2014-06-01,2014-06,Dun Laoghaire-Rathdown - houses,Dun Laoghaire-Rathdown,Houses,91.9,2.9,3.8,23.0
2014-06-01,2014-06,Fingal - houses,Fingal,Houses,86.4,4.1,10.4,19.6
2014-06-01,2014-06,Mid-East - houses,Mid-East,Houses,82.6,2.4,5.0,13.9
2014-06-01,2014-06,Mid-West - houses,Mid-West,Houses,90.3,1.8,2.3,6.7
2014-06-01,2014-06,Midland - houses,Midland,Houses,88.5,2.6,5.5,5.0
2014-06-01,2014-06,National - all residential properties,National,All residential,89.0,2.9,7.9,17.8
2014-06-01,2014-06,National - apartments,National,Apartments,85.5,2.7,7.6,18.4
2014-06-01,2014-06,National - houses,National,Houses,89.2,2.9,7.8,17.4
2014-06-01,2014-06,National excluding Dublin - all residential properties,National excluding Dublin,All residential,87.0,1.2,4.1,7.6
2014-06-01,2014-06,National excluding Dublin - apartments,National excluding Dublin,Apartments,86.9,1.9,3.4,6.4
2014-06-01,2014-06,National excluding Dublin - houses,National excluding Dublin,Houses,87.0,1.2,4.1,7.7
2014-06-01,2014-06,South Dublin - houses,South Dublin,Houses,90.0,2.2,9.3,24.2
2014-06-01,2014-06,South-East - houses,South-East,Houses,84.8,0.5,2.7,9.5
2014-06-01,2014-06,South-West - houses,South-West,Houses,85.4,0.3,0.6,7.1
2014-06-01,2014-06,West - houses,West,Houses,95.1,0.9,3.6,0.3
2014-07-01,2014-07,Border - houses,Border,Houses,87.8,0.2,-0.7,-1.9
2014-07-01,2014-07,Dublin - all residential properties,Dublin,All residential,94.5,4.1,12.2,27.3
2014-07-01,2014-07,Dublin - apartments,Dublin,Apartments,89.4,2.6,9.9,26.3
2014-07-01,2014-07,Dublin - houses,Dublin,Houses,95.4,4.4,12.6,27.4
2014-07-01,2014-07,Dublin City - houses,Dublin City,Houses,91.7,4.5,12.1,33.8
2014-07-01,2014-07,Dun Laoghaire-Rathdown - houses,Dun Laoghaire-Rathdown,Houses,94.8,3.2,6.4,22.2
2014-07-01,2014-07,Fingal - houses,Fingal,Houses,89.5,3.6,12.2,22.0
2014-07-01,2014-07,Mid-East - houses,Mid-East,Houses,84.5,2.3,6.6,16.7
2014-07-01,2014-07,Mid-West - houses,Mid-West,Houses,90.4,0.1,3.2,6.4
2014-07-01,2014-07,Midland - houses,Midland,Houses,88.4,-0.2,3.3,5.4
2014-07-01,2014-07,National - all residential properties,National,All residential,91.7,3.0,8.9,18.6
2014-07-01,2014-07,National - apartments,National,Apartments,88.0,2.9,8.7,20.9
2014-07-01,2014-07,National - houses,National,Houses,92.0,3.1,8.8,18.0
2014-07-01,2014-07,National excluding Dublin - all residential properties,National excluding Dublin,All residential,88.5,1.7,4.6,8.4
2014-07-01,2014-07,National excluding Dublin - apartments,National excluding Dublin,Apartments,90.5,4.1,6.4,10.1
2014-07-01,2014-07,National excluding Dublin - houses,National excluding Dublin,Houses,88.4,1.5,4.5,8.3
2014-07-01,2014-07,South Dublin - houses,South Dublin,Houses,92.9,3.2,8.7,26.5
2014-07-01,2014-07,South-East - houses,South-East,Houses,84.7,-0.1,2.1,9.1
2014-07-01,2014-07,South-West - houses,South-West,Houses,87.4,2.4,2.5,9.5
2014-07-01,2014-07,West - houses,West,Houses,95.6,0.5,2.2,0.9
2014-08-01,2014-08,Border - houses,Border,Houses,90.3,2.8,-0.5,0.5
2014-08-01,2014-08,Dublin - all residential properties,Dublin,All residential,96.6,2.2,10.8,27.0
2014-08-01,2014-08,Dublin - apartments,Dublin,Apartments,93.7,4.8,10.8,31.8
2014-08-01,2014-08,Dublin - houses,Dublin,Houses,97.0,1.7,10.8,26.1
2014-08-01,2014-08,Dublin City - houses,Dublin City,Houses,94.0,2.5,11.3,33.4
2014-08-01,2014-08,Dun Laoghaire-Rathdown - houses,Dun Laoghaire-Rathdown,Houses,97.0,2.4,8.7,22.1
2014-08-01,2014-08,Fingal - houses,Fingal,Houses,91.4,2.1,10.1,22.3
2014-08-01,2014-08,Mid-East - houses,Mid-East,Houses,86.7,2.5,7.4,19.4
2014-08-01,2014-08,Mid-West - houses,Mid-West,Houses,89.5,-1.0,0.9,3.0
2014-08-01,2014-08,Midland - houses,Midland,Houses,88.9,0.6,3.1,10.7
2014-08-01,2014-08,National - all residential properties,National,All residential,93.6,2.0,8.1,19.3
2014-08-01,2014-08,National - apartments,National,Apartments,91.3,3.8,9.7,25.0
2014-08-01,2014-08,National - houses,National,Houses,93.5,1.7,7.8,18.3
2014-08-01,2014-08,National excluding Dublin - all residential properties,National excluding Dublin,All residential,90.0,1.7,4.7,10.1
2014-08-01,2014-08,National excluding Dublin - apartments,National excluding Dublin,Apartments,91.7,1.3,7.5,10.6
2014-08-01,2014-08,National excluding Dublin - houses,National excluding Dublin,Houses,89.9,1.7,4.5,10.1
2014-08-01,2014-08,South Dublin - houses,South Dublin,Houses,95.5,2.8,8.4,27.5
2014-08-01,2014-08,South-East - houses,South-East,Houses,85.6,1.0,1.4,11.9
2014-08-01,2014-08,South-West - houses,South-West,Houses,88.8,1.6,4.3,10.4
2014-08-01,2014-08,West - houses,West,Houses,96.6,1.0,2.4,2.0
2014-09-01,2014-09,Border - houses,Border,Houses,90.9,0.6,3.6,-0.8
2014-09-01,2014-09,Dublin - all residential properties,Dublin,All residential,99.0,2.4,9.0,27.9
2014-09-01,2014-09,Dublin - apartments,Dublin,Apartments,98.9,5.6,13.6,38.1
2014-09-01,2014-09,Dublin - houses,Dublin,Houses,98.7,1.8,8.0,25.9
2014-09-01,2014-09,Dublin City - houses,Dublin City,Houses,97.0,3.1,10.5,33.8
2014-09-01,2014-09,Dun Laoghaire-Rathdown - houses,Dun Laoghaire-Rathdown,Houses,99.2,2.3,8.0,22.4
2014-09-01,2014-09,Fingal - houses,Fingal,Houses,93.4,2.2,8.1,22.4
2014-09-01,2014-09,Mid-East - houses,Mid-East,Houses,88.7,2.4,7.4,19.6
2014-09-01,2014-09,Mid-West - houses,Mid-West,Houses,90.2,0.8,-0.1,3.1
2014-09-01,2014-09,Midland - houses,Midland,Houses,90.1,1.3,1.8,11.3
2014-09-01,2014-09,National - all residential properties,National,All residential,95.6,2.1,7.3,19.9
2014-09-01,2014-09,National - apartments,National,Apartments,95.2,4.2,11.3,30.3
2014-09-01,2014-09,National - houses,National,Houses,95.2,1.8,6.7,18.3
2014-09-01,2014-09,National excluding Dublin - all residential properties,National excluding Dublin,All residential,91.5,1.7,5.1,10.4
2014-09-01,2014-09,National excluding Dublin - apartments,National excluding Dublin,Apartments,91.9,0.3,5.8,13.8
2014-09-01,2014-09,National excluding Dublin - houses,National excluding Dublin,Houses,91.5,1.8,5.1,10.3
2014-09-01,2014-09,South Dublin - houses,South Dublin,Houses,97.3,1.9,8.1,28.3
2014-09-01,2014-09,South-East - houses,South-East,Houses,87.6,2.4,3.3,14.1
2014-09-01,2014-09,South-West - houses,South-West,Houses,89.9,1.2,5.2,10.2
2014-09-01,2014-09,West - houses,West,Houses,98.4,1.8,3.4,5.0
2014-10-01,2014-10,Border - houses,Border,Houses,93.2,2.6,6.1,1.8
2014-10-01,2014-10,Dublin - all residential properties,Dublin,All residential,99.5,0.6,5.3,27.8
2014-10-01,2014-10,Dublin - apartments,Dublin,Apartments,101.0,2.0,12.9,39.0
2014-10-01,2014-10,Dublin - houses,Dublin,Houses,99.1,0.4,3.9,25.8
2014-10-01,2014-10,Dublin City - houses,Dublin City,Houses,98.8,1.9,7.8,34.7
2014-10-01,2014-10,Dun Laoghaire-Rathdown - houses,Dun Laoghaire-Rathdown,Houses,100.5,1.3,6.1,21.4
2014-10-01,2014-10,Fingal - houses,Fingal,Houses,94.6,1.3,5.7,22.0
2014-10-01,2014-10,Mid-East - houses,Mid-East,Houses,90.5,2.1,7.1,21.0
2014-10-01,2014-10,Mid-West - houses,Mid-West,Houses,92.0,2.0,1.8,5.0
2014-10-01,2014-10,Midland - houses,Midland,Houses,91.5,1.5,3.5,13.5
2014-10-01,2014-10,National - all residential properties,National,All residential,96.6,1.1,5.3,20.4
2014-10-01,2014-10,National - apartments,National,Apartments,97.3,2.2,10.7,32.1
2014-10-01,2014-10,National - houses,National,Houses,96.2,1.1,4.6,18.9
2014-10-01,2014-10,National excluding Dublin - all residential properties,National excluding Dublin,All residential,93.1,1.8,5.2,11.7
2014-10-01,2014-10,National excluding Dublin - apartments,National excluding Dublin,Apartments,92.1,0.2,1.8,13.9
2014-10-01,2014-10,National excluding Dublin - houses,National excluding Dublin,Houses,93.2,1.9,5.5,11.7
2014-10-01,2014-10,South Dublin - houses,South Dublin,Houses,99.1,1.8,6.7,29.6
2014-10-01,2014-10,South-East - houses,South-East,Houses,89.6,2.3,5.8,14.2
2014-10-01,2014-10,South-West - houses,South-West,Houses,91.4,1.7,4.6,10.9
2014-10-01,2014-10,West - houses,West,Houses,99.3,1.0,3.9,5.5
2014-11-01,2014-11,Border - houses,Border,Houses,94.4,1.3,4.6,2.5
2014-11-01,2014-11,Dublin - all residential properties,Dublin,All residential,99.3,-0.2,2.8,26.1
2014-11-01,2014-11,Dublin - apartments,Dublin,Apartments,101.4,0.4,8.2,35.7
2014-11-01,2014-11,Dublin - houses,Dublin,Houses,99.0,-0.1,2.1,24.6
2014-11-01,2014-11,Dublin City - houses,Dublin City,Houses,100.5,1.7,6.9,34.3
2014-11-01,2014-11,Dun Laoghaire-Rathdown - houses,Dun Laoghaire-Rathdown,Houses,100.8,0.2,3.9,18.8
2014-11-01,2014-11,Fingal - houses,Fingal,Houses,95.7,1.1,4.7,24.1
2014-11-01,2014-11,Mid-East - houses,Mid-East,Houses,92.5,2.2,6.7,23.3
2014-11-01,2014-11,Mid-West - houses,Mid-West,Houses,92.0,0.0,2.8,6.4
2014-11-01,2014-11,Midland - houses,Midland,Houses,91.0,-0.5,2.4,9.8
2014-11-01,2014-11,National - all residential properties,National,All residential,96.9,0.3,3.6,20.3
2014-11-01,2014-11,National - apartments,National,Apartments,98.7,1.4,8.1,32.3
2014-11-01,2014-11,National - houses,National,Houses,96.6,0.4,3.3,19.1
2014-11-01,2014-11,National excluding Dublin - all residential properties,National excluding Dublin,All residential,94.2,1.1,4.6,13.4
2014-11-01,2014-11,National excluding Dublin - apartments,National excluding Dublin,Apartments,93.6,1.6,2.1,19.1
2014-11-01,2014-11,National excluding Dublin - houses,National excluding Dublin,Houses,94.2,1.1,4.8,13.2
2014-11-01,2014-11,South Dublin - houses,South Dublin,Houses,99.8,0.7,4.5,28.0
2014-11-01,2014-11,South-East - houses,South-East,Houses,91.9,2.6,7.4,16.2
2014-11-01,2014-11,South-West - houses,South-West,Houses,92.5,1.2,4.1,12.0
2014-11-01,2014-11,West - houses,West,Houses,100.4,1.1,3.9,5.7
2014-12-01,2014-12,Border - houses,Border,Houses,95.2,0.9,4.8,4.7
2014-12-01,2014-12,Dublin - all residential properties,Dublin,All residential,97.9,-1.4,-1.0,22.7
2014-12-01,2014-12,Dublin - apartments,Dublin,Apartments,100.5,-0.8,1.6,32.5
2014-12-01,2014-12,Dublin - houses,Dublin,Houses,97.7,-1.3,-1.0,21.4
2014-12-01,2014-12,Dublin City - houses,Dublin City,Houses,100.3,-0.2,3.4,30.5
2014-12-01,2014-12,Dun Laoghaire-Rathdown - houses,Dun Laoghaire-Rathdown,Houses,100.6,-0.1,1.4,17.3
2014-12-01,2014-12,Fingal - houses,Fingal,Houses,96.0,0.3,2.7,23.2
2014-12-01,2014-12,Mid-East - houses,Mid-East,Houses,93.9,1.5,5.8,23.1
2014-12-01,2014-12,Mid-West - houses,Mid-West,Houses,93.0,1.0,3.0,6.0
2014-12-01,2014-12,Midland - houses,Midland,Houses,91.5,0.5,1.6,8.7
2014-12-01,2014-12,National - all residential properties,National,All residential,96.2,-0.7,0.7,18.0
2014-12-01,2014-12,National - apartments,National,Apartments,99.1,0.4,4.1,30.7
2014-12-01,2014-12,National - houses,National,Houses,96.0,-0.6,0.9,17.0
2014-12-01,2014-12,National excluding Dublin - all residential properties,National excluding Dublin,All residential,94.3,0.2,3.1,12.4
2014-12-01,2014-12,National excluding Dublin - apartments,National excluding Dublin,Apartments,93.9,0.3,2.1,16.0
2014-12-01,2014-12,National excluding Dublin - houses,National excluding Dublin,Houses,94.4,0.2,3.2,12.3
2014-12-01,2014-12,South Dublin - houses,South Dublin,Houses,99.7,0.0,2.5,26.4
2014-12-01,2014-12,South-East - houses,South-East,Houses,93.2,1.4,6.4,17.4
2014-12-01,2014-12,South-West - houses,South-West,Houses,93.8,1.4,4.3,11.2
2014-12-01,2014-12,West - houses,West,Houses,98.6,-1.8,0.3,4.5
2015-01-01,2015-01,Border - houses,Border,Houses,94.6,-0.7,1.5,7.5
2015-01-01,2015-01,Dublin - all residential properties,Dublin,All residential,98.3,0.4,-1.2,22.7
2015-01-01,2015-01,Dublin - apartments,Dublin,Apartments,100.9,0.4,-0.1,28.8
2015-01-01,2015-01,Dublin - houses,Dublin,Houses,98.0,0.4,-1.1,22.0
2015-01-01,2015-01,Dublin City - houses,Dublin City,Houses,100.5,0.2,1.7,29.7
2015-01-01,2015-01,Dun Laoghaire-Rathdown - houses,Dun Laoghaire-Rathdown,Houses,99.8,-0.9,-0.8,14.4
2015-01-01,2015-01,Fingal - houses,Fingal,Houses,97.6,1.7,3.2,27.3
2015-01-01,2015-01,Mid-East - houses,Mid-East,Houses,95.4,1.6,5.4,23.8
2015-01-01,2015-01,Mid-West - houses,Mid-West,Houses,94.7,1.9,2.9,6.0
2015-01-01,2015-01,Midland - houses,Midland,Houses,94.6,3.4,3.4,13.7
2015-01-01,2015-01,National - all residential properties,National,All residential,96.5,0.3,-0.1,18.3
2015-01-01,2015-01,National - apartments,National,Apartments,99.9,0.8,2.6,29.2
2015-01-01,2015-01,National - houses,National,Houses,96.3,0.3,0.1,17.5
2015-01-01,2015-01,National excluding Dublin - all residential properties,National excluding Dublin,All residential,94.6,0.3,1.6,13.1
2015-01-01,2015-01,National excluding Dublin - apartments,National excluding Dublin,Apartments,94.3,0.5,2.4,17.7
2015-01-01,2015-01,National excluding Dublin - houses,National excluding Dublin,Houses,94.7,0.3,1.6,12.9
2015-01-01,2015-01,South Dublin - houses,South Dublin,Houses,101.4,1.7,2.4,27.1
2015-01-01,2015-01,South-East - houses,South-East,Houses,94.5,1.4,5.5,18.4
2015-01-01,2015-01,South-West - houses,South-West,Houses,94.0,0.3,2.8,11.2
2015-01-01,2015-01,West - houses,West,Houses,96.8,-1.9,-2.6,2.0
2015-02-01,2015-02,Border - houses,Border,Houses,95.0,0.4,0.6,8.0
2015-02-01,2015-02,Dublin - all residential properties,Dublin,All residential,97.9,-0.4,-1.4,21.5
2015-02-01,2015-02,Dublin - apartments,Dublin,Apartments,99.2,-1.7,-2.1,26.4
2015-02-01,2015-02,Dublin - houses,Dublin,Houses,97.9,-0.1,-1.1,21.0
2015-02-01,2015-02,Dublin City - houses,Dublin City,Houses,100.8,0.3,0.2,27.7
2015-02-01,2015-02,Dun Laoghaire-Rathdown - houses,Dun Laoghaire-Rathdown,Houses,98.1,-1.6,-2.6,11.6
2015-02-01,2015-02,Fingal - houses,Fingal,Houses,98.2,0.6,2.7,28.9
2015-02-01,2015-02,Mid-East - houses,Mid-East,Houses,96.1,0.7,3.9,23.1
2015-02-01,2015-02,Mid-West - houses,Mid-West,Houses,94.1,-0.6,2.3,5.4
2015-02-01,2015-02,Midland - houses,Midland,Houses,95.1,0.5,4.4,13.7
2015-02-01,2015-02,National - all residential properties,National,All residential,96.2,-0.3,-0.7,17.4
2015-02-01,2015-02,National - apartments,National,Apartments,99.1,-0.8,0.4,26.8
2015-02-01,2015-02,National - houses,National,Houses,96.2,-0.1,-0.5,16.9
2015-02-01,2015-02,National excluding Dublin - all residential properties,National excluding Dublin,All residential,94.5,-0.1,0.4,12.5
2015-02-01,2015-02,National excluding Dublin - apartments,National excluding Dublin,Apartments,93.7,-0.6,0.2,12.9
2015-02-01,2015-02,National excluding Dublin - houses,National excluding Dublin,Houses,94.6,-0.1,0.4,12.6
2015-02-01,2015-02,South Dublin - houses,South Dublin,Houses,102.0,0.6,2.3,26.8
2015-02-01,2015-02,South-East - houses,South-East,Houses,95.4,1.0,3.8,17.6
2015-02-01,2015-02,South-West - houses,South-West,Houses,94.9,1.0,2.6,11.9
2015-02-01,2015-02,West - houses,West,Houses,95.7,-1.1,-4.7,2.2
2015-03-01,2015-03,Border - houses,Border,Houses,95.7,0.8,0.5,10.7
2015-03-01,2015-03,Dublin - all residential properties,Dublin,All residential,97.8,-0.1,-0.1,19.6
2015-03-01,2015-03,Dublin - apartments,Dublin,Apartments,95.6,-3.6,-4.9,19.9
2015-03-01,2015-03,Dublin - houses,Dublin,Houses,98.7,0.8,1.0,20.1
2015-03-01,2015-03,Dublin City - houses,Dublin City,Houses,100.2,-0.6,-0.1,26.0
2015-03-01,2015-03,Dun Laoghaire-Rathdown - houses,Dun Laoghaire-Rathdown,Houses,99.3,1.2,-1.3,12.2
2015-03-01,2015-03,Fingal - houses,Fingal,Houses,98.5,0.3,2.7,25.9
2015-03-01,2015-03,Mid-East - houses,Mid-East,Houses,96.4,0.3,2.7,22.6
2015-03-01,2015-03,Mid-West - houses,Mid-West,Houses,95.5,1.5,2.7,8.2
2015-03-01,2015-03,Midland - houses,Midland,Houses,96.4,1.3,5.3,14.8
2015-03-01,2015-03,National - all residential properties,National,All residential,96.5,0.3,0.3,17.0
2015-03-01,2015-03,National - apartments,National,Apartments,98.0,-1.2,-1.1,23.3
2015-03-01,2015-03,National - houses,National,Houses,96.7,0.6,0.7,16.9
2015-03-01,2015-03,National excluding Dublin - all residential properties,National excluding Dublin,All residential,95.2,0.7,0.9,13.8
2015-03-01,2015-03,National excluding Dublin - apartments,National excluding Dublin,Apartments,97.9,4.5,4.3,16.5
2015-03-01,2015-03,National excluding Dublin - houses,National excluding Dublin,Houses,94.9,0.4,0.6,13.6
2015-03-01,2015-03,South Dublin - houses,South Dublin,Houses,102.1,0.1,2.4,24.0
2015-03-01,2015-03,South-East - houses,South-East,Houses,94.8,-0.7,1.6,14.8
2015-03-01,2015-03,South-West - houses,South-West,Houses,95.5,0.6,1.9,12.5
2015-03-01,2015-03,West - houses,West,Houses,96.0,0.3,-2.7,4.5
2015-04-01,2015-04,Border - houses,Border,Houses,95.9,0.2,1.4,8.5
2015-04-01,2015-04,Dublin - all residential properties,Dublin,All residential,97.9,0.1,-0.4,16.3
2015-04-01,2015-04,Dublin - apartments,Dublin,Apartments,95.3,-0.3,-5.5,17.2
2015-04-01,2015-04,Dublin - houses,Dublin,Houses,98.7,0.0,0.6,16.5
2015-04-01,2015-04,Dublin City - houses,Dublin City,Houses,99.2,-1.0,-1.3,21.2
2015-04-01,2015-04,Dun Laoghaire-Rathdown - houses,Dun Laoghaire-Rathdown,Houses,99.9,0.6,0.1,12.2
2015-04-01,2015-04,Fingal - houses,Fingal,Houses,98.3,-0.3,0.7,23.3
2015-04-01,2015-04,Mid-East - houses,Mid-East,Houses,97.4,1.1,2.1,22.9
2015-04-01,2015-04,Mid-West - houses,Mid-West,Houses,96.6,1.1,2.0,10.2
2015-04-01,2015-04,Midland - houses,Midland,Houses,95.5,-0.9,1.0,11.7
2015-04-01,2015-04,National - all residential properties,National,All residential,97.3,0.8,0.8,15.5
2015-04-01,2015-04,National - apartments,National,Apartments,97.4,-0.6,-2.5,20.4
2015-04-01,2015-04,National - houses,National,Houses,97.6,0.9,1.4,15.5
2015-04-01,2015-04,National excluding Dublin - all residential properties,National excluding Dublin,All residential,96.7,1.6,2.2,14.3
2015-04-01,2015-04,National excluding Dublin - apartments,National excluding Dublin,Apartments,97.2,-0.7,3.1,14.3
2015-04-01,2015-04,National excluding Dublin - houses,National excluding Dublin,Houses,96.7,1.8,2.1,14.3
2015-04-01,2015-04,South Dublin - houses,South Dublin,Houses,101.6,-0.5,0.2,19.0
2015-04-01,2015-04,South-East - houses,South-East,Houses,96.7,2.1,2.3,16.5
2015-04-01,2015-04,South-West - houses,South-West,Houses,97.4,2.0,3.6,14.3
2015-04-01,2015-04,West - houses,West,Houses,96.9,0.9,0.1,3.6
2015-05-01,2015-05,Border - houses,Border,Houses,96.6,0.7,1.7,6.4
2015-05-01,2015-05,Dublin - all residential properties,Dublin,All residential,98.5,0.6,0.7,13.0
2015-05-01,2015-05,Dublin - apartments,Dublin,Apartments,96.5,1.2,-2.8,14.1
2015-05-01,2015-05,Dublin - houses,Dublin,Houses,98.9,0.2,1.0,13.0
2015-05-01,2015-05,Dublin City - houses,Dublin City,Houses,99.1,-0.1,-1.7,17.3
2015-05-01,2015-05,Dun Laoghaire-Rathdown - houses,Dun Laoghaire-Rathdown,Houses,99.0,-0.9,0.9,10.9
2015-05-01,2015-05,Fingal - houses,Fingal,Houses,99.4,1.1,1.2,19.7
2015-05-01,2015-05,Mid-East - houses,Mid-East,Houses,98.4,1.0,2.4,22.0
2015-05-01,2015-05,Mid-West - houses,Mid-West,Houses,99.1,2.6,5.3,11.7
2015-05-01,2015-05,Midland - houses,Midland,Houses,95.8,0.2,0.7,11.0
2015-05-01,2015-05,National - all residential properties,National,All residential,98.4,1.2,2.3,13.7
2015-05-01,2015-05,National - apartments,National,Apartments,97.7,0.3,-1.5,17.3
2015-05-01,2015-05,National - houses,National,Houses,98.7,1.1,2.6,13.7
2015-05-01,2015-05,National excluding Dublin - all residential properties,National excluding Dublin,All residential,98.4,1.7,4.1,14.4
2015-05-01,2015-05,National excluding Dublin - apartments,National excluding Dublin,Apartments,97.5,0.2,4.0,14.3
2015-05-01,2015-05,National excluding Dublin - houses,National excluding Dublin,Houses,98.4,1.8,4.0,14.4
2015-05-01,2015-05,South Dublin - houses,South Dublin,Houses,100.6,-1.0,-1.4,14.2
2015-05-01,2015-05,South-East - houses,South-East,Houses,98.2,1.5,2.9,16.4
2015-05-01,2015-05,South-West - houses,South-West,Houses,98.7,1.3,4.0,15.9
2015-05-01,2015-05,West - houses,West,Houses,98.0,1.2,2.4,3.9
2015-06-01,2015-06,Border - houses,Border,Houses,98.4,1.9,2.8,12.2
2015-06-01,2015-06,Dublin - all residential properties,Dublin,All residential,99.9,1.4,2.1,10.0
2015-06-01,2015-06,Dublin - apartments,Dublin,Apartments,98.8,2.4,3.4,13.5
2015-06-01,2015-06,Dublin - houses,Dublin,Houses,99.8,0.9,1.2,9.3
2015-06-01,2015-06,Dublin City - houses,Dublin City,Houses,99.3,0.2,-0.9,13.2
2015-06-01,2015-06,Dun Laoghaire-Rathdown - houses,Dun Laoghaire-Rathdown,Houses,99.4,0.5,0.2,8.3
2015-06-01,2015-06,Fingal - houses,Fingal,Houses,99.9,0.5,1.4,15.7
2015-06-01,2015-06,Mid-East - houses,Mid-East,Houses,99.7,1.3,3.4,20.7
2015-06-01,2015-06,Mid-West - houses,Mid-West,Houses,100.7,1.6,5.5,11.5
2015-06-01,2015-06,Midland - houses,Midland,Houses,96.9,1.2,0.6,9.5
2015-06-01,2015-06,National - all residential properties,National,All residential,100.0,1.6,3.6,12.3
2015-06-01,2015-06,National - apartments,National,Apartments,98.8,1.2,0.9,15.6
2015-06-01,2015-06,National - houses,National,Houses,100.0,1.4,3.4,12.1
2015-06-01,2015-06,National excluding Dublin - all residential properties,National excluding Dublin,All residential,100.1,1.8,5.2,15.1
2015-06-01,2015-06,National excluding Dublin - apartments,National excluding Dublin,Apartments,99.0,1.6,1.1,13.9
2015-06-01,2015-06,National excluding Dublin - houses,National excluding Dublin,Houses,100.2,1.8,5.5,15.1
2015-06-01,2015-06,South Dublin - houses,South Dublin,Houses,100.0,-0.6,-2.0,11.2
2015-06-01,2015-06,South-East - houses,South-East,Houses,99.6,1.4,5.1,17.5
2015-06-01,2015-06,South-West - houses,South-West,Houses,99.4,0.7,4.0,16.3
2015-06-01,2015-06,West - houses,West,Houses,100.5,2.5,4.8,5.6
2015-07-01,2015-07,Border - houses,Border,Houses,99.8,1.5,4.1,13.7
2015-07-01,2015-07,Dublin - all residential properties,Dublin,All residential,100.4,0.5,2.6,6.3
2015-07-01,2015-07,Dublin - apartments,Dublin,Apartments,100.6,1.8,5.5,12.5
2015-07-01,2015-07,Dublin - houses,Dublin,Houses,100.0,0.2,1.4,4.9
2015-07-01,2015-07,Dublin City - houses,Dublin City,Houses,99.1,-0.2,-0.1,8.0
2015-07-01,2015-07,Dun Laoghaire-Rathdown - houses,Dun Laoghaire-Rathdown,Houses,99.6,0.1,-0.3,5.1
2015-07-01,2015-07,Fingal - houses,Fingal,Houses,100.1,0.2,1.9,11.9
2015-07-01,2015-07,Mid-East - houses,Mid-East,Houses,100.9,1.2,3.6,19.4
2015-07-01,2015-07,Mid-West - houses,Mid-West,Houses,102.1,1.4,5.8,13.0
2015-07-01,2015-07,Midland - houses,Midland,Houses,98.1,1.2,2.7,11.0
2015-07-01,2015-07,National - all residential properties,National,All residential,100.8,0.8,3.6,9.9
2015-07-01,2015-07,National - apartments,National,Apartments,99.7,0.9,2.3,13.3
2015-07-01,2015-07,National - houses,National,Houses,100.7,0.6,3.1,9.5
2015-07-01,2015-07,National excluding Dublin - all residential properties,National excluding Dublin,All residential,101.2,1.1,4.6,14.3
2015-07-01,2015-07,National excluding Dublin - apartments,National excluding Dublin,Apartments,100.0,1.0,2.8,10.4
2015-07-01,2015-07,National excluding Dublin - houses,National excluding Dublin,Houses,101.3,1.1,4.8,14.6
2015-07-01,2015-07,South Dublin - houses,South Dublin,Houses,99.5,-0.5,-2.1,7.2
2015-07-01,2015-07,South-East - houses,South-East,Houses,101.0,1.4,4.5,19.2
2015-07-01,2015-07,South-West - houses,South-West,Houses,100.0,0.6,2.6,14.4
2015-07-01,2015-07,West - houses,West,Houses,101.2,0.7,4.5,5.9
2015-08-01,2015-08,Border - houses,Border,Houses,103.0,3.2,6.7,14.1
2015-08-01,2015-08,Dublin - all residential properties,Dublin,All residential,101.4,1.0,2.9,4.9
2015-08-01,2015-08,Dublin - apartments,Dublin,Apartments,101.8,1.2,5.5,8.6
2015-08-01,2015-08,Dublin - houses,Dublin,Houses,101.0,1.0,2.1,4.2
2015-08-01,2015-08,Dublin City - houses,Dublin City,Houses,99.7,0.7,0.7,6.1
2015-08-01,2015-08,Dun Laoghaire-Rathdown - houses,Dun Laoghaire-Rathdown,Houses,99.9,0.3,1.0,3.0
2015-08-01,2015-08,Fingal - houses,Fingal,Houses,100.7,0.6,1.4,10.2
2015-08-01,2015-08,Mid-East - houses,Mid-East,Houses,101.7,0.8,3.3,17.3
2015-08-01,2015-08,Mid-West - houses,Mid-West,Houses,102.5,0.3,3.4,14.4
2015-08-01,2015-08,Midland - houses,Midland,Houses,102.0,3.9,6.4,14.6
2015-08-01,2015-08,National - all residential properties,National,All residential,102.0,1.2,3.6,9.0
2015-08-01,2015-08,National - apartments,National,Apartments,100.8,1.1,3.2,10.4
2015-08-01,2015-08,National - houses,National,Houses,101.8,1.1,3.2,8.9
2015-08-01,2015-08,National excluding Dublin - all residential properties,National excluding Dublin,All residential,102.6,1.4,4.3,14.0
2015-08-01,2015-08,National excluding Dublin - apartments,National excluding Dublin,Apartments,102.9,2.9,5.5,12.2
2015-08-01,2015-08,National excluding Dublin - houses,National excluding Dublin,Houses,102.6,1.3,4.2,14.1
2015-08-01,2015-08,South Dublin - houses,South Dublin,Houses,99.5,0.0,-1.1,4.2
2015-08-01,2015-08,South-East - houses,South-East,Houses,103.0,2.0,4.9,20.4
2015-08-01,2015-08,South-West - houses,South-West,Houses,101.2,1.2,2.5,13.9
2015-08-01,2015-08,West - houses,West,Houses,101.6,0.4,3.6,5.1
2015-09-01,2015-09,Border - houses,Border,Houses,104.5,1.5,6.2,15.0
2015-09-01,2015-09,Dublin - all residential properties,Dublin,All residential,101.4,0.0,1.5,2.4
2015-09-01,2015-09,Dublin - apartments,Dublin,Apartments,102.7,0.9,3.9,3.8
2015-09-01,2015-09,Dublin - houses,Dublin,Houses,100.9,-0.1,1.1,2.2
2015-09-01,2015-09,Dublin City - houses,Dublin City,Houses,99.3,-0.5,0.0,2.4
2015-09-01,2015-09,Dun Laoghaire-Rathdown - houses,Dun Laoghaire-Rathdown,Houses,100.3,0.4,0.9,1.1
2015-09-01,2015-09,Fingal - houses,Fingal,Houses,101.0,0.2,1.0,8.0
2015-09-01,2015-09,Mid-East - houses,Mid-East,Houses,102.5,0.8,2.8,15.5
2015-09-01,2015-09,Mid-West - houses,Mid-West,Houses,103.4,1.0,2.7,14.6
2015-09-01,2015-09,Midland - houses,Midland,Houses,104.3,2.3,7.6,15.7
2015-09-01,2015-09,National - all residential properties,National,All residential,102.4,0.4,2.3,7.1
2015-09-01,2015-09,National - apartments,National,Apartments,101.6,0.8,2.8,6.7
2015-09-01,2015-09,National - houses,National,Houses,102.2,0.3,2.1,7.3
2015-09-01,2015-09,National excluding Dublin - all residential properties,National excluding Dublin,All residential,103.4,0.8,3.3,13.0
2015-09-01,2015-09,National excluding Dublin - apartments,National excluding Dublin,Apartments,104.0,1.1,5.0,13.1
2015-09-01,2015-09,National excluding Dublin - houses,National excluding Dublin,Houses,103.3,0.7,3.1,13.0
2015-09-01,2015-09,South Dublin - houses,South Dublin,Houses,99.5,0.0,-0.5,2.3
2015-09-01,2015-09,South-East - houses,South-East,Houses,103.6,0.6,4.0,18.2
2015-09-01,2015-09,South-West - houses,South-West,Houses,102.8,1.6,3.5,14.4
2015-09-01,2015-09,West - houses,West,Houses,101.3,-0.2,0.8,3.0
2015-10-01,2015-10,Border - houses,Border,Houses,105.2,0.7,5.4,12.9
2015-10-01,2015-10,Dublin - all residential properties,Dublin,All residential,102.6,1.2,2.2,3.1
2015-10-01,2015-10,Dublin - apartments,Dublin,Apartments,105.3,2.5,4.6,4.3
2015-10-01,2015-10,Dublin - houses,Dublin,Houses,101.9,1.0,1.8,2.8
2015-10-01,2015-10,Dublin City - houses,Dublin City,Houses,100.5,1.3,1.5,1.7
2015-10-01,2015-10,Dun Laoghaire-Rathdown - houses,Dun Laoghaire-Rathdown,Houses,100.4,0.1,0.8,-0.1
2015-10-01,2015-10,Fingal - houses,Fingal,Houses,102.3,1.4,2.2,8.1
2015-10-01,2015-10,Mid-East - houses,Mid-East,Houses,103.8,1.3,2.9,14.7
2015-10-01,2015-10,Mid-West - houses,Mid-West,Houses,102.9,-0.5,0.8,11.8
2015-10-01,2015-10,Midland - houses,Midland,Houses,106.2,1.8,8.2,16.0
2015-10-01,2015-10,National - all residential properties,National,All residential,103.5,1.1,2.7,7.2
2015-10-01,2015-10,National - apartments,National,Apartments,103.3,1.7,3.6,6.1
2015-10-01,2015-10,National - houses,National,Houses,103.2,1.0,2.5,7.3
2015-10-01,2015-10,National excluding Dublin - all residential properties,National excluding Dublin,All residential,104.5,1.1,3.3,12.2
2015-10-01,2015-10,National excluding Dublin - apartments,National excluding Dublin,Apartments,104.4,0.4,4.4,13.3
2015-10-01,2015-10,National excluding Dublin - houses,National excluding Dublin,Houses,104.5,1.1,3.2,12.1
2015-10-01,2015-10,South Dublin - houses,South Dublin,Houses,98.7,-0.9,-0.9,-0.4
2015-10-01,2015-10,South-East - houses,South-East,Houses,104.4,0.8,3.3,16.5
2015-10-01,2015-10,South-West - houses,South-West,Houses,104.7,1.8,4.7,14.5
2015-10-01,2015-10,West - houses,West,Houses,103.0,1.6,1.8,3.7
2015-11-01,2015-11,Border - houses,Border,Houses,105.1,-0.2,2.0,11.3
2015-11-01,2015-11,Dublin - all residential properties,Dublin,All residential,102.2,-0.4,0.8,2.9
2015-11-01,2015-11,Dublin - apartments,Dublin,Apartments,102.1,-3.0,0.4,0.8
2015-11-01,2015-11,Dublin - houses,Dublin,Houses,102.3,0.4,1.3,3.4
2015-11-01,2015-11,Dublin City - houses,Dublin City,Houses,101.3,0.7,1.5,0.7
2015-11-01,2015-11,Dun Laoghaire-Rathdown - houses,Dun Laoghaire-Rathdown,Houses,102.0,1.6,2.1,1.3
2015-11-01,2015-11,Fingal - houses,Fingal,Houses,102.1,-0.3,1.3,6.7
2015-11-01,2015-11,Mid-East - houses,Mid-East,Houses,103.8,0.0,2.1,12.2
2015-11-01,2015-11,Mid-West - houses,Mid-West,Houses,103.6,0.7,1.1,12.6
2015-11-01,2015-11,Midland - houses,Midland,Houses,106.3,0.1,4.2,16.7
2015-11-01,2015-11,National - all residential properties,National,All residential,103.2,-0.3,1.2,6.5
2015-11-01,2015-11,National - apartments,National,Apartments,102.0,-1.3,1.2,3.3
2015-11-01,2015-11,National - houses,National,Houses,103.3,0.1,1.5,7.0
2015-11-01,2015-11,National excluding Dublin - all residential properties,National excluding Dublin,All residential,104.3,-0.2,1.6,10.7
2015-11-01,2015-11,National excluding Dublin - apartments,National excluding Dublin,Apartments,104.7,0.3,1.8,11.8
2015-11-01,2015-11,National excluding Dublin - houses,National excluding Dublin,Houses,104.3,-0.2,1.7,10.7
2015-11-01,2015-11,South Dublin - houses,South Dublin,Houses,97.3,-1.4,-2.2,-2.5
2015-11-01,2015-11,South-East - houses,South-East,Houses,104.2,-0.2,1.1,13.3
2015-11-01,2015-11,South-West - houses,South-West,Houses,105.6,0.9,4.4,14.2
2015-11-01,2015-11,West - houses,West,Houses,104.3,1.2,2.6,3.9
2015-12-01,2015-12,Border - houses,Border,Houses,106.2,1.1,1.6,11.6
2015-12-01,2015-12,Dublin - all residential properties,Dublin,All residential,101.6,-0.5,0.2,3.8
2015-12-01,2015-12,Dublin - apartments,Dublin,Apartments,101.2,-1.0,-1.5,0.6
2015-12-01,2015-12,Dublin - houses,Dublin,Houses,101.9,-0.4,1.0,4.4
2015-12-01,2015-12,Dublin City - houses,Dublin City,Houses,101.1,-0.1,1.8,0.8
2015-12-01,2015-12,Dun Laoghaire-Rathdown - houses,Dun Laoghaire-Rathdown,Houses,102.4,0.4,2.1,1.8
2015-12-01,2015-12,Fingal - houses,Fingal,Houses,101.7,-0.3,0.8,6.0
2015-12-01,2015-12,Mid-East - houses,Mid-East,Houses,103.9,0.1,1.4,10.7
2015-12-01,2015-12,Mid-West - houses,Mid-West,Houses,104.8,1.1,1.3,12.7
2015-12-01,2015-12,Midland - houses,Midland,Houses,108.9,2.5,4.4,18.9
2015-12-01,2015-12,National - all residential properties,National,All residential,103.0,-0.2,0.6,7.0
2015-12-01,2015-12,National - apartments,National,Apartments,101.7,-0.3,0.1,2.6
2015-12-01,2015-12,National - houses,National,Houses,103.3,-0.1,1.1,7.5
2015-12-01,2015-12,National excluding Dublin - all residential properties,National excluding Dublin,All residential,104.4,0.2,1.0,10.7
2015-12-01,2015-12,National excluding Dublin - apartments,National excluding Dublin,Apartments,104.5,-0.2,0.5,11.3
2015-12-01,2015-12,National excluding Dublin - houses,National excluding Dublin,Houses,104.5,0.2,1.1,10.7
2015-12-01,2015-12,South Dublin - houses,South Dublin,Houses,97.5,0.2,-2.0,-2.2
2015-12-01,2015-12,South-East - houses,South-East,Houses,104.5,0.4,0.9,12.1
2015-12-01,2015-12,South-West - houses,South-West,Houses,105.6,0.0,2.7,12.6
2015-12-01,2015-12,West - houses,West,Houses,104.8,0.5,3.4,6.3
2016-01-01,2016-01,Border - houses,Border,Houses,108.2,1.9,2.8,14.4
2016-01-01,2016-01,Dublin - all residential properties,Dublin,All residential,103.1,1.4,0.4,4.8
2016-01-01,2016-01,Dublin - apartments,Dublin,Apartments,102.2,1.1,-2.9,1.3
2016-01-01,2016-01,Dublin - houses,Dublin,Houses,103.3,1.4,1.5,5.4
2016-01-01,2016-01,Dublin City - houses,Dublin City,Houses,101.3,0.2,0.7,0.8
2016-01-01,2016-01,Dun Laoghaire-Rathdown - houses,Dun Laoghaire-Rathdown,Houses,103.8,1.3,3.4,4.0
2016-01-01,2016-01,Fingal - houses,Fingal,Houses,103.3,1.6,1.0,5.8
2016-01-01,2016-01,Mid-East - houses,Mid-East,Houses,102.9,-1.0,-0.9,7.8
2016-01-01,2016-01,Mid-West - houses,Mid-West,Houses,104.7,-0.1,1.7,10.5
2016-01-01,2016-01,Midland - houses,Midland,Houses,110.5,1.5,4.1,16.8
2016-01-01,2016-01,National - all residential properties,National,All residential,104.0,0.9,0.4,7.7
2016-01-01,2016-01,National - apartments,National,Apartments,102.6,0.9,-0.7,2.7
2016-01-01,2016-01,National - houses,National,Houses,104.1,0.9,0.9,8.2
2016-01-01,2016-01,National excluding Dublin - all residential properties,National excluding Dublin,All residential,104.9,0.5,0.4,10.9
2016-01-01,2016-01,National excluding Dublin - apartments,National excluding Dublin,Apartments,105.3,0.8,0.9,11.6
2016-01-01,2016-01,National excluding Dublin - houses,National excluding Dublin,Houses,104.9,0.4,0.4,10.8
2016-01-01,2016-01,South Dublin - houses,South Dublin,Houses,99.0,1.6,0.4,-2.4
2016-01-01,2016-01,South-East - houses,South-East,Houses,104.8,0.3,0.4,10.9
2016-01-01,2016-01,South-West - houses,South-West,Houses,108.0,2.2,3.1,14.8
2016-01-01,2016-01,West - houses,West,Houses,104.7,-0.1,1.7,8.3
2016-02-01,2016-02,Border - houses,Border,Houses,105.2,-2.8,0.1,10.8
2016-02-01,2016-02,Dublin - all residential properties,Dublin,All residential,102.3,-0.7,0.2,4.6
2016-02-01,2016-02,Dublin - apartments,Dublin,Apartments,102.2,-0.1,0.0,3.0
2016-02-01,2016-02,Dublin - houses,Dublin,Houses,102.4,-0.9,0.1,4.6
2016-02-01,2016-02,Dublin City - houses,Dublin City,Houses,100.8,-0.5,-0.4,0.1
2016-02-01,2016-02,Dun Laoghaire-Rathdown - houses,Dun Laoghaire-Rathdown,Houses,103.3,-0.4,1.3,5.3
2016-02-01,2016-02,Fingal - houses,Fingal,Houses,103.3,-0.1,1.2,5.1
2016-02-01,2016-02,Mid-East - houses,Mid-East,Houses,103.1,0.3,-0.6,7.4
2016-02-01,2016-02,Mid-West - houses,Mid-West,Houses,105.0,0.3,1.3,11.6
2016-02-01,2016-02,Midland - houses,Midland,Houses,109.5,-0.9,3.0,15.1
2016-02-01,2016-02,National - all residential properties,National,All residential,103.4,-0.6,0.2,7.4
2016-02-01,2016-02,National - apartments,National,Apartments,102.7,0.1,0.7,3.5
2016-02-01,2016-02,National - houses,National,Houses,103.4,-0.7,0.1,7.5
2016-02-01,2016-02,National excluding Dublin - all residential properties,National excluding Dublin,All residential,104.4,-0.5,0.2,10.5
2016-02-01,2016-02,National excluding Dublin - apartments,National excluding Dublin,Apartments,105.6,0.2,0.9,12.6
2016-02-01,2016-02,National excluding Dublin - houses,National excluding Dublin,Houses,104.4,-0.5,0.1,10.3
2016-02-01,2016-02,South Dublin - houses,South Dublin,Houses,98.9,-0.1,1.7,-3.0
2016-02-01,2016-02,South-East - houses,South-East,Houses,105.1,0.3,0.9,10.1
2016-02-01,2016-02,South-West - houses,South-West,Houses,107.0,-0.9,1.3,12.7
2016-02-01,2016-02,West - houses,West,Houses,106.2,1.3,1.8,10.9
2016-03-01,2016-03,Border - houses,Border,Houses,105.5,0.3,-0.7,10.2
2016-03-01,2016-03,Dublin - all residential properties,Dublin,All residential,102.6,0.2,0.9,4.9
2016-03-01,2016-03,Dublin - apartments,Dublin,Apartments,102.0,-0.1,0.8,6.7
2016-03-01,2016-03,Dublin - houses,Dublin,Houses,102.7,0.3,0.7,4.0
2016-03-01,2016-03,Dublin City - houses,Dublin City,Houses,100.6,-0.2,-0.5,0.5
2016-03-01,2016-03,Dun Laoghaire-Rathdown - houses,Dun Laoghaire-Rathdown,Houses,103.8,0.4,1.3,4.5
2016-03-01,2016-03,Fingal - houses,Fingal,Houses,104.5,1.2,2.8,6.1
2016-03-01,2016-03,Mid-East - houses,Mid-East,Houses,103.1,0.0,-0.7,7.0
2016-03-01,2016-03,Mid-West - houses,Mid-West,Houses,104.5,-0.5,-0.3,9.4
2016-03-01,2016-03,Midland - houses,Midland,Houses,110.0,0.5,1.0,14.1
2016-03-01,2016-03,National - all residential properties,National,All residential,103.7,0.3,0.7,7.4
2016-03-01,2016-03,National - apartments,National,Apartments,103.2,0.5,1.5,5.3
2016-03-01,2016-03,National - houses,National,Houses,103.6,0.2,0.4,7.1
2016-03-01,2016-03,National excluding Dublin - all residential properties,National excluding Dublin,All residential,104.8,0.4,0.4,10.1
2016-03-01,2016-03,National excluding Dublin - apartments,National excluding Dublin,Apartments,108.3,2.6,3.7,10.6
2016-03-01,2016-03,National excluding Dublin - houses,National excluding Dublin,Houses,104.6,0.2,0.1,10.1
2016-03-01,2016-03,South Dublin - houses,South Dublin,Houses,98.8,-0.1,1.4,-3.2
2016-03-01,2016-03,South-East - houses,South-East,Houses,105.7,0.6,1.2,11.6
2016-03-01,2016-03,South-West - houses,South-West,Houses,107.9,0.8,2.1,12.9
2016-03-01,2016-03,West - houses,West,Houses,104.5,-1.5,-0.2,8.9
2016-04-01,2016-04,Border - houses,Border,Houses,106.7,1.1,-1.4,11.3
2016-04-01,2016-04,Dublin - all residential properties,Dublin,All residential,103.2,0.6,0.1,5.4
2016-04-01,2016-04,Dublin - apartments,Dublin,Apartments,103.8,1.8,1.5,8.9
2016-04-01,2016-04,Dublin - houses,Dublin,Houses,102.9,0.2,-0.4,4.3
2016-04-01,2016-04,Dublin City - houses,Dublin City,Houses,101.2,0.5,-0.1,2.0
2016-04-01,2016-04,Dun Laoghaire-Rathdown - houses,Dun Laoghaire-Rathdown,Houses,104.1,0.3,0.3,4.2
2016-04-01,2016-04,Fingal - houses,Fingal,Houses,104.1,-0.4,0.8,6.0
2016-04-01,2016-04,Mid-East - houses,Mid-East,Houses,103.1,0.0,0.3,5.9
2016-04-01,2016-04,Mid-West - houses,Mid-West,Houses,104.8,0.3,0.1,8.5
2016-04-01,2016-04,Midland - houses,Midland,Houses,111.4,1.3,0.8,16.6
2016-04-01,2016-04,National - all residential properties,National,All residential,104.3,0.6,0.3,7.2
2016-04-01,2016-04,National - apartments,National,Apartments,104.3,1.1,1.7,7.1
2016-04-01,2016-04,National - houses,National,Houses,104.1,0.4,-0.1,6.6
2016-04-01,2016-04,National excluding Dublin - all residential properties,National excluding Dublin,All residential,105.5,0.6,0.5,9.0
2016-04-01,2016-04,National excluding Dublin - apartments,National excluding Dublin,Apartments,109.0,0.7,3.5,12.1
2016-04-01,2016-04,National excluding Dublin - houses,National excluding Dublin,Houses,105.2,0.6,0.2,8.8
2016-04-01,2016-04,South Dublin - houses,South Dublin,Houses,99.2,0.4,0.1,-2.4
2016-04-01,2016-04,South-East - houses,South-East,Houses,105.4,-0.3,0.5,8.9
2016-04-01,2016-04,South-West - houses,South-West,Houses,107.1,-0.7,-0.8,9.9
2016-04-01,2016-04,West - houses,West,Houses,107.0,2.3,2.1,10.4
2016-05-01,2016-05,Border - houses,Border,Houses,107.9,1.1,2.6,11.8
2016-05-01,2016-05,Dublin - all residential properties,Dublin,All residential,102.9,-0.3,0.5,4.4
2016-05-01,2016-05,Dublin - apartments,Dublin,Apartments,104.8,0.9,2.6,8.6
2016-05-01,2016-05,Dublin - houses,Dublin,Houses,102.2,-0.6,-0.1,3.4
2016-05-01,2016-05,Dublin City - houses,Dublin City,Houses,101.3,0.2,0.5,2.2
2016-05-01,2016-05,Dun Laoghaire-Rathdown - houses,Dun Laoghaire-Rathdown,Houses,103.4,-0.7,0.1,4.5
2016-05-01,2016-05,Fingal - houses,Fingal,Houses,103.5,-0.6,0.2,4.1
2016-05-01,2016-05,Mid-East - houses,Mid-East,Houses,102.9,-0.3,-0.3,4.5
2016-05-01,2016-05,Mid-West - houses,Mid-West,Houses,104.3,-0.5,-0.6,5.3
2016-05-01,2016-05,Midland - houses,Midland,Houses,112.2,0.7,2.5,17.2
2016-05-01,2016-05,National - all residential properties,National,All residential,104.5,0.2,1.1,6.1
2016-05-01,2016-05,National - apartments,National,Apartments,105.2,0.9,2.5,7.7
2016-05-01,2016-05,National - houses,National,Houses,104.1,0.0,0.7,5.5
2016-05-01,2016-05,National excluding Dublin - all residential properties,National excluding Dublin,All residential,106.2,0.7,1.7,8.0
2016-05-01,2016-05,National excluding Dublin - apartments,National excluding Dublin,Apartments,110.4,1.3,4.6,13.3
2016-05-01,2016-05,National excluding Dublin - houses,National excluding Dublin,Houses,105.8,0.6,1.4,7.5
2016-05-01,2016-05,South Dublin - houses,South Dublin,Houses,99.0,-0.2,0.0,-1.7
2016-05-01,2016-05,South-East - houses,South-East,Houses,104.7,-0.6,-0.3,6.7
2016-05-01,2016-05,South-West - houses,South-West,Houses,108.4,1.2,1.3,9.8
2016-05-01,2016-05,West - houses,West,Houses,107.4,0.4,1.2,9.6
2016-06-01,2016-06,Border - houses,Border,Houses,108.6,0.6,2.9,10.3
2016-06-01,2016-06,Dublin - all residential properties,Dublin,All residential,103.1,0.2,0.5,3.2
2016-06-01,2016-06,Dublin - apartments,Dublin,Apartments,106.0,1.1,3.9,7.2
2016-06-01,2016-06,Dublin - houses,Dublin,Houses,102.2,0.0,-0.4,2.4
2016-06-01,2016-06,Dublin City - houses,Dublin City,Houses,101.1,-0.2,0.5,1.8
2016-06-01,2016-06,Dun Laoghaire-Rathdown - houses,Dun Laoghaire-Rathdown,Houses,103.4,0.0,-0.3,4.0
2016-06-01,2016-06,Fingal - houses,Fingal,Houses,103.2,-0.3,-1.3,3.3
2016-06-01,2016-06,Mid-East - houses,Mid-East,Houses,103.5,0.6,0.3,3.9
2016-06-01,2016-06,Mid-West - houses,Mid-West,Houses,106.6,2.2,2.1,5.9
2016-06-01,2016-06,Midland - houses,Midland,Houses,113.2,0.9,2.9,16.8
2016-06-01,2016-06,National - all residential properties,National,All residential,105.6,1.0,1.8,5.6
2016-06-01,2016-06,National - apartments,National,Apartments,107.0,1.7,3.7,8.2
2016-06-01,2016-06,National - houses,National,Houses,105.0,0.9,1.3,5.0
2016-06-01,2016-06,National excluding Dublin - all residential properties,National excluding Dublin,All residential,108.2,1.9,3.2,8.0
2016-06-01,2016-06,National excluding Dublin - apartments,National excluding Dublin,Apartments,115.2,4.3,6.4,16.4
2016-06-01,2016-06,National excluding Dublin - houses,National excluding Dublin,Houses,107.6,1.6,2.9,7.3
2016-06-01,2016-06,South Dublin - houses,South Dublin,Houses,99.6,0.7,0.8,-0.4
2016-06-01,2016-06,South-East - houses,South-East,Houses,104.7,0.0,-0.9,5.1
2016-06-01,2016-06,South-West - houses,South-West,Houses,108.9,0.5,1.0,9.6
2016-06-01,2016-06,West - houses,West,Houses,110.2,2.6,5.4,9.6
2016-07-01,2016-07,Border - houses,Border,Houses,108.9,0.3,2.0,9.0
2016-07-01,2016-07,Dublin - all residential properties,Dublin,All residential,104.4,1.2,1.1,3.9
2016-07-01,2016-07,Dublin - apartments,Dublin,Apartments,105.6,-0.4,1.7,4.9
2016-07-01,2016-07,Dublin - houses,Dublin,Houses,104.0,1.8,1.1,4.0
2016-07-01,2016-07,Dublin City - houses,Dublin City,Houses,102.5,1.4,1.4,3.5
2016-07-01,2016-07,Dun Laoghaire-Rathdown - houses,Dun Laoghaire-Rathdown,Houses,104.5,1.1,0.4,5.0
2016-07-01,2016-07,Fingal - houses,Fingal,Houses,103.1,-0.1,-1.0,3.0
2016-07-01,2016-07,Mid-East - houses,Mid-East,Houses,105.2,1.6,2.0,4.2
2016-07-01,2016-07,Mid-West - houses,Mid-West,Houses,109.5,2.7,4.5,7.2
2016-07-01,2016-07,Midland - houses,Midland,Houses,115.4,1.9,3.6,17.6
2016-07-01,2016-07,National - all residential properties,National,All residential,107.9,2.2,3.4,7.0
2016-07-01,2016-07,National - apartments,National,Apartments,107.4,0.4,2.9,7.7
2016-07-01,2016-07,National - houses,National,Houses,107.7,2.6,3.5,7.0
2016-07-01,2016-07,National excluding Dublin - all residential properties,National excluding Dublin,All residential,111.5,3.1,5.7,10.2
2016-07-01,2016-07,National excluding Dublin - apartments,National excluding Dublin,Apartments,116.9,1.5,7.3,17.0
2016-07-01,2016-07,National excluding Dublin - houses,National excluding Dublin,Houses,111.1,3.3,5.6,9.7
2016-07-01,2016-07,South Dublin - houses,South Dublin,Houses,101.1,1.4,1.9,1.5
2016-07-01,2016-07,South-East - houses,South-East,Houses,107.7,2.8,2.2,6.6
2016-07-01,2016-07,South-West - houses,South-West,Houses,111.7,2.6,4.3,11.7
2016-07-01,2016-07,West - houses,West,Houses,112.7,2.3,5.4,11.4
2016-08-01,2016-08,Border - houses,Border,Houses,109.7,0.8,1.7,6.5
2016-08-01,2016-08,Dublin - all residential properties,Dublin,All residential,106.0,1.5,3.0,4.5
2016-08-01,2016-08,Dublin - apartments,Dublin,Apartments,107.2,1.6,2.3,5.3
2016-08-01,2016-08,Dublin - houses,Dublin,Houses,105.6,1.5,3.3,4.5
2016-08-01,2016-08,Dublin City - houses,Dublin City,Houses,104.3,1.7,2.9,4.5
2016-08-01,2016-08,Dun Laoghaire-Rathdown - houses,Dun Laoghaire-Rathdown,Houses,106.4,1.8,2.9,6.5
2016-08-01,2016-08,Fingal - houses,Fingal,Houses,102.3,-0.8,-1.1,1.6
2016-08-01,2016-08,Mid-East - houses,Mid-East,Houses,106.4,1.1,3.4,4.6
2016-08-01,2016-08,Mid-West - houses,Mid-West,Houses,112.0,2.2,7.3,9.3
2016-08-01,2016-08,Midland - houses,Midland,Houses,116.3,0.8,3.7,14.1
2016-08-01,2016-08,National - all residential properties,National,All residential,109.4,1.4,4.7,7.3
2016-08-01,2016-08,National - apartments,National,Apartments,108.6,1.1,3.2,7.8
2016-08-01,2016-08,National - houses,National,Houses,109.3,1.5,5.0,7.3
2016-08-01,2016-08,National excluding Dublin - all residential properties,National excluding Dublin,All residential,112.9,1.3,6.4,10.0
2016-08-01,2016-08,National excluding Dublin - apartments,National excluding Dublin,Apartments,117.0,0.1,5.9,13.7
2016-08-01,2016-08,National excluding Dublin - houses,National excluding Dublin,Houses,112.6,1.4,6.4,9.8
2016-08-01,2016-08,South Dublin - houses,South Dublin,Houses,101.6,0.5,2.6,2.1
2016-08-01,2016-08,South-East - houses,South-East,Houses,111.2,3.3,6.2,8.0
2016-08-01,2016-08,South-West - houses,South-West,Houses,112.3,0.5,3.5,11.0
2016-08-01,2016-08,West - houses,West,Houses,114.5,1.6,6.6,12.7
2016-09-01,2016-09,Border - houses,Border,Houses,110.7,0.9,1.9,5.9
2016-09-01,2016-09,Dublin - all residential properties,Dublin,All residential,107.6,1.6,4.4,6.2
2016-09-01,2016-09,Dublin - apartments,Dublin,Apartments,109.0,1.7,2.8,6.1
2016-09-01,2016-09,Dublin - houses,Dublin,Houses,107.2,1.5,4.8,6.2
2016-09-01,2016-09,Dublin City - houses,Dublin City,Houses,106.0,1.7,4.8,6.8
2016-09-01,2016-09,Dun Laoghaire-Rathdown - houses,Dun Laoghaire-Rathdown,Houses,108.2,1.7,4.6,7.9
2016-09-01,2016-09,Fingal - houses,Fingal,Houses,102.2,-0.1,-1.0,1.2
2016-09-01,2016-09,Mid-East - houses,Mid-East,Houses,107.7,1.2,4.0,5.1
2016-09-01,2016-09,Mid-West - houses,Mid-West,Houses,113.0,0.9,6.0,9.3
2016-09-01,2016-09,Midland - houses,Midland,Houses,119.1,2.4,5.2,14.2
2016-09-01,2016-09,National - all residential properties,National,All residential,110.7,1.2,4.8,8.1
2016-09-01,2016-09,National - apartments,National,Apartments,109.7,1.0,2.5,8.0
2016-09-01,2016-09,National - houses,National,Houses,110.6,1.2,5.4,8.3
2016-09-01,2016-09,National excluding Dublin - all residential properties,National excluding Dublin,All residential,113.9,0.8,5.3,10.1
2016-09-01,2016-09,National excluding Dublin - apartments,National excluding Dublin,Apartments,115.9,-0.9,0.6,11.5
2016-09-01,2016-09,National excluding Dublin - houses,National excluding Dublin,Houses,113.8,1.0,5.8,10.1
2016-09-01,2016-09,South Dublin - houses,South Dublin,Houses,102.6,1.0,2.9,3.1
2016-09-01,2016-09,South-East - houses,South-East,Houses,112.8,1.4,7.7,8.9
2016-09-01,2016-09,South-West - houses,South-West,Houses,114.2,1.8,4.9,11.1
2016-09-01,2016-09,West - houses,West,Houses,115.3,0.7,4.6,13.8
2016-10-01,2016-10,Border - houses,Border,Houses,111.2,0.5,2.2,5.7
2016-10-01,2016-10,Dublin - all residential properties,Dublin,All residential,107.9,0.2,3.3,5.1
2016-10-01,2016-10,Dublin - apartments,Dublin,Apartments,109.5,0.5,3.7,4.0
2016-10-01,2016-10,Dublin - houses,Dublin,Houses,107.4,0.2,3.3,5.4
2016-10-01,2016-10,Dublin City - houses,Dublin City,Houses,106.6,0.6,4.0,6.0
2016-10-01,2016-10,Dun Laoghaire-Rathdown - houses,Dun Laoghaire-Rathdown,Houses,109.3,1.1,4.6,8.9
2016-10-01,2016-10,Fingal - houses,Fingal,Houses,102.3,0.1,-0.8,0.0
2016-10-01,2016-10,Mid-East - houses,Mid-East,Houses,109.7,1.9,4.4,5.7
2016-10-01,2016-10,Mid-West - houses,Mid-West,Houses,112.9,-0.1,3.1,9.7
2016-10-01,2016-10,Midland - houses,Midland,Houses,121.6,2.2,5.4,14.5
2016-10-01,2016-10,National - all residential properties,National,All residential,111.2,0.5,3.1,7.4
2016-10-01,2016-10,National - apartments,National,Apartments,110.4,0.6,2.8,6.9
2016-10-01,2016-10,National - houses,National,Houses,111.2,0.5,3.3,7.7
2016-10-01,2016-10,National excluding Dublin - all residential properties,National excluding Dublin,All residential,114.7,0.7,2.9,9.8
2016-10-01,2016-10,National excluding Dublin - apartments,National excluding Dublin,Apartments,116.2,0.3,-0.6,11.3
2016-10-01,2016-10,National excluding Dublin - houses,National excluding Dublin,Houses,114.7,0.8,3.3,9.7
2016-10-01,2016-10,South Dublin - houses,South Dublin,Houses,103.0,0.5,2.0,4.4
2016-10-01,2016-10,South-East - houses,South-East,Houses,115.3,2.2,7.0,10.4
2016-10-01,2016-10,South-West - houses,South-West,Houses,114.8,0.5,2.7,9.6
2016-10-01,2016-10,West - houses,West,Houses,116.8,1.3,3.6,13.4
2016-11-01,2016-11,Border - houses,Border,Houses,112.8,1.4,2.8,7.4
2016-11-01,2016-11,Dublin - all residential properties,Dublin,All residential,109.1,1.1,3.0,6.8
2016-11-01,2016-11,Dublin - apartments,Dublin,Apartments,111.4,1.8,3.9,9.0
2016-11-01,2016-11,Dublin - houses,Dublin,Houses,108.4,1.0,2.7,6.0
2016-11-01,2016-11,Dublin City - houses,Dublin City,Houses,107.7,1.1,3.4,6.4
2016-11-01,2016-11,Dun Laoghaire-Rathdown - houses,Dun Laoghaire-Rathdown,Houses,110.6,1.2,4.0,8.4
2016-11-01,2016-11,Fingal - houses,Fingal,Houses,102.9,0.6,0.6,0.8
2016-11-01,2016-11,Mid-East - houses,Mid-East,Houses,111.5,1.6,4.9,7.5
2016-11-01,2016-11,Mid-West - houses,Mid-West,Houses,115.6,2.4,3.2,11.5
2016-11-01,2016-11,Midland - houses,Midland,Houses,121.6,0.0,4.6,14.5
2016-11-01,2016-11,National - all residential properties,National,All residential,112.7,1.3,3.0,9.2
2016-11-01,2016-11,National - apartments,National,Apartments,112.1,1.6,3.2,9.9
2016-11-01,2016-11,National - houses,National,Houses,112.6,1.2,3.0,8.9
2016-11-01,2016-11,National excluding Dublin - all residential properties,National excluding Dublin,All residential,116.4,1.5,3.1,11.7
2016-11-01,2016-11,National excluding Dublin - apartments,National excluding Dublin,Apartments,118.2,1.7,1.0,12.9
2016-11-01,2016-11,National excluding Dublin - houses,National excluding Dublin,Houses,116.3,1.4,3.3,11.5
2016-11-01,2016-11,South Dublin - houses,South Dublin,Houses,104.5,1.4,2.9,7.4
2016-11-01,2016-11,South-East - houses,South-East,Houses,115.8,0.5,4.1,11.2
2016-11-01,2016-11,South-West - houses,South-West,Houses,117.1,2.0,4.3,10.9
2016-11-01,2016-11,West - houses,West,Houses,119.0,1.9,3.9,14.2
2016-12-01,2016-12,Border - houses,Border,Houses,113.2,0.3,2.3,6.5
2016-12-01,2016-12,Dublin - all residential properties,Dublin,All residential,108.4,-0.6,0.7,6.7
2016-12-01,2016-12,Dublin - apartments,Dublin,Apartments,109.8,-1.4,0.8,8.6
2016-12-01,2016-12,Dublin - houses,Dublin,Houses,108.2,-0.3,0.9,6.1
2016-12-01,2016-12,Dublin City - houses,Dublin City,Houses,107.5,-0.3,1.4,6.3
2016-12-01,2016-12,Dun Laoghaire-Rathdown - houses,Dun Laoghaire-Rathdown,Houses,111.4,0.7,3.0,8.8
2016-12-01,2016-12,Fingal - houses,Fingal,Houses,103.1,0.2,0.9,1.4
2016-12-01,2016-12,Mid-East - houses,Mid-East,Houses,112.5,0.9,4.5,8.3
2016-12-01,2016-12,Mid-West - houses,Mid-West,Houses,115.1,-0.4,1.8,9.8
2016-12-01,2016-12,Midland - houses,Midland,Houses,122.2,0.5,2.6,12.3
2016-12-01,2016-12,National - all residential properties,National,All residential,112.2,-0.4,1.4,9.0
2016-12-01,2016-12,National - apartments,National,Apartments,111.7,-0.4,1.8,9.9
2016-12-01,2016-12,National - houses,National,Houses,112.3,-0.3,1.5,8.7
2016-12-01,2016-12,National excluding Dublin - all residential properties,National excluding Dublin,All residential,116.2,-0.2,2.0,11.2
2016-12-01,2016-12,National excluding Dublin - apartments,National excluding Dublin,Apartments,118.8,0.5,2.5,13.7
2016-12-01,2016-12,National excluding Dublin - houses,National excluding Dublin,Houses,116.0,-0.3,1.9,11.0
2016-12-01,2016-12,South Dublin - houses,South Dublin,Houses,106.0,1.4,3.4,8.7
2016-12-01,2016-12,South-East - houses,South-East,Houses,118.1,1.9,4.7,12.9
2016-12-01,2016-12,South-West - houses,South-West,Houses,116.8,-0.3,2.2,10.6
2016-12-01,2016-12,West - houses,West,Houses,120.1,0.9,4.1,14.6
2017-01-01,2017-01,Border - houses,Border,Houses,114.2,1.0,2.7,5.6
2017-01-01,2017-01,Dublin - all residential properties,Dublin,All residential,109.0,0.6,1.1,5.8
2017-01-01,2017-01,Dublin - apartments,Dublin,Apartments,110.8,0.9,1.2,8.3
2017-01-01,2017-01,Dublin - houses,Dublin,Houses,108.7,0.5,1.2,5.1
2017-01-01,2017-01,Dublin City - houses,Dublin City,Houses,108.5,0.9,1.7,7.1
2017-01-01,2017-01,Dun Laoghaire-Rathdown - houses,Dun Laoghaire-Rathdown,Houses,112.2,0.7,2.7,8.2
2017-01-01,2017-01,Fingal - houses,Fingal,Houses,103.1,0.0,0.8,-0.2
2017-01-01,2017-01,Mid-East - houses,Mid-East,Houses,113.2,0.6,3.1,10.0
2017-01-01,2017-01,Mid-West - houses,Mid-West,Houses,115.2,0.1,2.0,10.0
2017-01-01,2017-01,Midland - houses,Midland,Houses,121.9,-0.2,0.2,10.3
2017-01-01,2017-01,National - all residential properties,National,All residential,113.0,0.7,1.6,8.7
2017-01-01,2017-01,National - apartments,National,Apartments,113.1,1.2,2.5,10.3
2017-01-01,2017-01,National - houses,National,Houses,112.9,0.5,1.5,8.4
2017-01-01,2017-01,National excluding Dublin - all residential properties,National excluding Dublin,All residential,117.1,0.8,2.1,11.6
2017-01-01,2017-01,National excluding Dublin - apartments,National excluding Dublin,Apartments,122.0,2.7,5.0,15.9
2017-01-01,2017-01,National excluding Dublin - houses,National excluding Dublin,Houses,116.7,0.6,1.7,11.2
2017-01-01,2017-01,South Dublin - houses,South Dublin,Houses,106.8,0.8,3.7,7.9
2017-01-01,2017-01,South-East - houses,South-East,Houses,120.7,2.2,4.7,15.2
2017-01-01,2017-01,South-West - houses,South-West,Houses,117.9,1.0,2.7,9.2
2017-01-01,2017-01,West - houses,West,Houses,121.9,1.5,4.3,16.4
2017-02-01,2017-02,Border - houses,Border,Houses,118.1,3.3,4.7,12.2
2017-02-01,2017-02,Dublin - all residential properties,Dublin,All residential,109.3,0.2,0.1,6.8
2017-02-01,2017-02,Dublin - apartments,Dublin,Apartments,110.2,-0.5,-1.0,7.9
2017-02-01,2017-02,Dublin - houses,Dublin,Houses,109.1,0.4,0.6,6.6
2017-02-01,2017-02,Dublin City - houses,Dublin City,Houses,109.1,0.6,1.3,8.3
2017-02-01,2017-02,Dun Laoghaire-Rathdown - houses,Dun Laoghaire-Rathdown,Houses,112.3,0.1,1.5,8.7
2017-02-01,2017-02,Fingal - houses,Fingal,Houses,104.4,1.2,1.4,1.0
2017-02-01,2017-02,Mid-East - houses,Mid-East,Houses,114.4,1.1,2.6,10.9
2017-02-01,2017-02,Mid-West - houses,Mid-West,Houses,115.0,-0.2,-0.5,9.5
2017-02-01,2017-02,Midland - houses,Midland,Houses,121.4,-0.4,-0.2,10.9
2017-02-01,2017-02,National - all residential properties,National,All residential,113.3,0.3,0.5,9.6
2017-02-01,2017-02,National - apartments,National,Apartments,113.3,0.2,1.0,10.4
2017-02-01,2017-02,National - houses,National,Houses,113.2,0.3,0.6,9.5
2017-02-01,2017-02,National excluding Dublin - all residential properties,National excluding Dublin,All residential,117.5,0.3,0.9,12.4
2017-02-01,2017-02,National excluding Dublin - apartments,National excluding Dublin,Apartments,123.4,1.1,4.4,16.9
2017-02-01,2017-02,National excluding Dublin - houses,National excluding Dublin,Houses,117.0,0.3,0.6,12.1
2017-02-01,2017-02,South Dublin - houses,South Dublin,Houses,107.0,0.2,2.4,8.2
2017-02-01,2017-02,South-East - houses,South-East,Houses,121.0,0.2,4.5,15.1
2017-02-01,2017-02,South-West - houses,South-West,Houses,117.2,-0.6,0.1,9.5
2017-02-01,2017-02,West - houses,West,Houses,123.3,1.2,3.6,16.2
2017-03-01,2017-03,Border - houses,Border,Houses,117.4,-0.5,3.8,11.3
2017-03-01,2017-03,Dublin - all residential properties,Dublin,All residential,110.0,0.7,1.4,7.2
2017-03-01,2017-03,Dublin - apartments,Dublin,Apartments,110.0,-0.3,0.1,7.8
2017-03-01,2017-03,Dublin - houses,Dublin,Houses,110.1,0.9,1.7,7.2
2017-03-01,2017-03,Dublin City - houses,Dublin City,Houses,109.9,0.7,2.3,9.2
2017-03-01,2017-03,Dun Laoghaire-Rathdown - houses,Dun Laoghaire-Rathdown,Houses,112.7,0.3,1.2,8.6
2017-03-01,2017-03,Fingal - houses,Fingal,Houses,105.7,1.3,2.5,1.1
2017-03-01,2017-03,Mid-East - houses,Mid-East,Houses,114.8,0.4,2.0,11.3
2017-03-01,2017-03,Mid-West - houses,Mid-West,Houses,114.2,-0.7,-0.8,9.3
2017-03-01,2017-03,Midland - houses,Midland,Houses,124.6,2.6,1.9,13.3
2017-03-01,2017-03,National - all residential properties,National,All residential,113.8,0.4,1.4,9.8
2017-03-01,2017-03,National - apartments,National,Apartments,113.6,0.3,1.7,10.1
2017-03-01,2017-03,National - houses,National,Houses,113.8,0.5,1.3,9.8
2017-03-01,2017-03,National excluding Dublin - all residential properties,National excluding Dublin,All residential,117.7,0.2,1.3,12.2
2017-03-01,2017-03,National excluding Dublin - apartments,National excluding Dublin,Apartments,125.1,1.4,5.3,15.5
2017-03-01,2017-03,National excluding Dublin - houses,National excluding Dublin,Houses,117.1,0.1,1.0,12.0
2017-03-01,2017-03,South Dublin - houses,South Dublin,Houses,108.0,0.9,1.9,9.3
2017-03-01,2017-03,South-East - houses,South-East,Houses,120.7,-0.3,2.2,14.1
2017-03-01,2017-03,South-West - houses,South-West,Houses,118.9,1.5,1.8,10.2
2017-03-01,2017-03,West - houses,West,Houses,121.8,-1.3,1.4,16.5
2017-04-01,2017-04,Border - houses,Border,Houses,117.4,-0.1,2.7,10.0
2017-04-01,2017-04,Dublin - all residential properties,Dublin,All residential,109.2,-0.8,0.1,5.8
2017-04-01,2017-04,Dublin - apartments,Dublin,Apartments,108.9,-1.0,-1.7,4.9
2017-04-01,2017-04,Dublin - houses,Dublin,Houses,109.3,-0.7,0.6,6.3
2017-04-01,2017-04,Dublin City - houses,Dublin City,Houses,108.9,-0.9,0.4,7.7
2017-04-01,2017-04,Dun Laoghaire-Rathdown - houses,Dun Laoghaire-Rathdown,Houses,111.8,-0.8,-0.4,7.4
2017-04-01,2017-04,Fingal - houses,Fingal,Houses,106.4,0.7,3.2,2.2
2017-04-01,2017-04,Mid-East - houses,Mid-East,Houses,116.1,1.2,2.6,12.6
2017-04-01,2017-04,Mid-West - houses,Mid-West,Houses,114.7,0.4,-0.5,9.4
2017-04-01,2017-04,Midland - houses,Midland,Houses,126.8,1.8,4.0,13.9
2017-04-01,2017-04,National - all residential properties,National,All residential,114.2,0.4,1.1,9.5
2017-04-01,2017-04,National - apartments,National,Apartments,113.7,0.1,0.5,9.0
2017-04-01,2017-04,National - houses,National,Houses,114.2,0.4,1.2,9.8
2017-04-01,2017-04,National excluding Dublin - all residential properties,National excluding Dublin,All residential,119.5,1.5,2.1,13.3
2017-04-01,2017-04,National excluding Dublin - apartments,National excluding Dublin,Apartments,128.5,2.7,5.3,17.8
2017-04-01,2017-04,National excluding Dublin - houses,National excluding Dublin,Houses,118.8,1.4,1.8,12.9
2017-04-01,2017-04,South Dublin - houses,South Dublin,Houses,109.6,1.5,2.6,10.5
2017-04-01,2017-04,South-East - houses,South-East,Houses,120.7,0.0,0.0,14.5
2017-04-01,2017-04,South-West - houses,South-West,Houses,120.3,1.2,2.1,12.3
2017-04-01,2017-04,West - houses,West,Houses,123.9,1.7,1.6,15.8
2017-05-01,2017-05,Border - houses,Border,Houses,119.2,1.6,0.9,10.5
2017-05-01,2017-05,Dublin - all residential properties,Dublin,All residential,112.0,2.6,2.5,8.8
2017-05-01,2017-05,Dublin - apartments,Dublin,Apartments,112.3,3.1,1.9,7.2
2017-05-01,2017-05,Dublin - houses,Dublin,Houses,111.7,2.2,2.4,9.3
2017-05-01,2017-05,Dublin City - houses,Dublin City,Houses,110.5,1.5,1.3,9.1
2017-05-01,2017-05,Dun Laoghaire-Rathdown - houses,Dun Laoghaire-Rathdown,Houses,113.1,1.2,0.7,9.4
2017-05-01,2017-05,Fingal - houses,Fingal,Houses,108.5,2.0,4.0,4.9
2017-05-01,2017-05,Mid-East - houses,Mid-East,Houses,115.6,-0.5,1.0,12.3
2017-05-01,2017-05,Mid-West - houses,Mid-West,Houses,115.5,0.7,0.4,10.7
2017-05-01,2017-05,Midland - houses,Midland,Houses,125.4,-1.1,3.3,11.8
2017-05-01,2017-05,National - all residential properties,National,All residential,115.9,1.5,2.3,10.9
2017-05-01,2017-05,National - apartments,National,Apartments,115.8,1.8,2.2,10.0
2017-05-01,2017-05,National - houses,National,Houses,115.7,1.3,2.2,11.1
2017-05-01,2017-05,National excluding Dublin - all residential properties,National excluding Dublin,All residential,120.0,0.4,2.2,13.0
2017-05-01,2017-05,National excluding Dublin - apartments,National excluding Dublin,Apartments,129.0,0.4,4.5,16.8
2017-05-01,2017-05,National excluding Dublin - houses,National excluding Dublin,Houses,119.3,0.4,2.0,12.7
2017-05-01,2017-05,South Dublin - houses,South Dublin,Houses,110.4,0.7,3.2,11.6
2017-05-01,2017-05,South-East - houses,South-East,Houses,121.6,0.8,0.5,16.1
2017-05-01,2017-05,South-West - houses,South-West,Houses,122.0,1.4,4.1,12.5
2017-05-01,2017-05,West - houses,West,Houses,123.9,0.0,0.5,15.3
2017-06-01,2017-06,Border - houses,Border,Houses,119.0,-0.2,1.3,9.6
2017-06-01,2017-06,Dublin - all residential properties,Dublin,All residential,114.1,1.9,3.7,10.6
2017-06-01,2017-06,Dublin - apartments,Dublin,Apartments,114.0,1.6,3.7,7.6
2017-06-01,2017-06,Dublin - houses,Dublin,Houses,113.8,1.9,3.4,11.3
2017-06-01,2017-06,Dublin City - houses,Dublin City,Houses,113.1,2.3,2.9,11.8
2017-06-01,2017-06,Dun Laoghaire-Rathdown - houses,Dun Laoghaire-Rathdown,Houses,113.8,0.6,0.9,10.0
2017-06-01,2017-06,Fingal - houses,Fingal,Houses,109.3,0.8,3.5,5.9
2017-06-01,2017-06,Mid-East - houses,Mid-East,Houses,116.5,0.8,1.5,12.6
2017-06-01,2017-06,Mid-West - houses,Mid-West,Houses,116.8,1.2,2.3,9.5
2017-06-01,2017-06,Midland - houses,Midland,Houses,128.5,2.4,3.1,13.5
2017-06-01,2017-06,National - all residential properties,National,All residential,117.5,1.4,3.2,11.3
2017-06-01,2017-06,National - apartments,National,Apartments,116.5,0.7,2.6,8.9
2017-06-01,2017-06,National - houses,National,Houses,117.4,1.5,3.2,11.8
2017-06-01,2017-06,National excluding Dublin - all residential properties,National excluding Dublin,All residential,120.9,0.8,2.8,11.8
2017-06-01,2017-06,National excluding Dublin - apartments,National excluding Dublin,Apartments,127.0,-1.5,1.5,10.2
2017-06-01,2017-06,National excluding Dublin - houses,National excluding Dublin,Houses,120.6,1.0,2.9,12.1
2017-06-01,2017-06,South Dublin - houses,South Dublin,Houses,111.8,1.3,3.5,12.2
2017-06-01,2017-06,South-East - houses,South-East,Houses,121.6,0.0,0.8,16.1
2017-06-01,2017-06,South-West - houses,South-West,Houses,122.5,0.4,3.0,12.4
2017-06-01,2017-06,West - houses,West,Houses,125.8,1.5,3.3,14.1
2017-07-01,2017-07,Border - houses,Border,Houses,119.5,0.5,1.8,9.8
2017-07-01,2017-07,Dublin - all residential properties,Dublin,All residential,116.7,2.3,6.9,11.8
2017-07-01,2017-07,Dublin - apartments,Dublin,Apartments,116.9,2.5,7.3,10.7
2017-07-01,2017-07,Dublin - houses,Dublin,Houses,116.3,2.2,6.4,11.8
2017-07-01,2017-07,Dublin City - houses,Dublin City,Houses,115.6,2.2,6.1,12.8
2017-07-01,2017-07,Dun Laoghaire-Rathdown - houses,Dun Laoghaire-Rathdown,Houses,115.2,1.3,3.1,10.2
2017-07-01,2017-07,Fingal - houses,Fingal,Houses,111.0,1.5,4.3,7.6
2017-07-01,2017-07,Mid-East - houses,Mid-East,Houses,117.8,1.1,1.5,12.1
2017-07-01,2017-07,Mid-West - houses,Mid-West,Houses,119.2,2.1,4.0,8.9
2017-07-01,2017-07,Midland - houses,Midland,Houses,131.2,2.1,3.4,13.7
2017-07-01,2017-07,National - all residential properties,National,All residential,120.4,2.5,5.5,11.6
2017-07-01,2017-07,National - apartments,National,Apartments,118.8,1.9,4.5,10.6
2017-07-01,2017-07,National - houses,National,Houses,120.3,2.5,5.3,11.7
2017-07-01,2017-07,National excluding Dublin - all residential properties,National excluding Dublin,All residential,124.3,2.8,4.0,11.4
2017-07-01,2017-07,National excluding Dublin - apartments,National excluding Dublin,Apartments,129.6,2.0,0.9,10.8
2017-07-01,2017-07,National excluding Dublin - houses,National excluding Dublin,Houses,123.9,2.8,4.3,11.6
2017-07-01,2017-07,South Dublin - houses,South Dublin,Houses,113.4,1.4,3.4,12.2
2017-07-01,2017-07,South-East - houses,South-East,Houses,122.3,0.6,1.3,13.5
2017-07-01,2017-07,South-West - houses,South-West,Houses,126.0,2.9,4.7,12.8
2017-07-01,2017-07,West - houses,West,Houses,129.7,3.1,4.7,15.1
2017-08-01,2017-08,Border - houses,Border,Houses,121.5,1.7,1.9,10.8
2017-08-01,2017-08,Dublin - all residential properties,Dublin,All residential,118.4,1.5,5.8,11.7
2017-08-01,2017-08,Dublin - apartments,Dublin,Apartments,119.7,2.5,6.6,11.7
2017-08-01,2017-08,Dublin - houses,Dublin,Houses,117.8,1.3,5.5,11.6
2017-08-01,2017-08,Dublin City - houses,Dublin City,Houses,117.5,1.6,6.3,12.7
2017-08-01,2017-08,Dun Laoghaire-Rathdown - houses,Dun Laoghaire-Rathdown,Houses,116.6,1.2,3.1,9.6
2017-08-01,2017-08,Fingal - houses,Fingal,Houses,112.3,1.2,3.5,9.7
2017-08-01,2017-08,Mid-East - houses,Mid-East,Houses,118.9,0.9,2.9,11.8
2017-08-01,2017-08,Mid-West - houses,Mid-West,Houses,121.9,2.2,5.6,8.9
2017-08-01,2017-08,Midland - houses,Midland,Houses,132.8,1.2,5.9,14.2
2017-08-01,2017-08,National - all residential properties,National,All residential,122.2,1.5,5.5,11.7
2017-08-01,2017-08,National - apartments,National,Apartments,121.3,2.1,4.8,11.7
2017-08-01,2017-08,National - houses,National,Houses,121.9,1.3,5.4,11.6
2017-08-01,2017-08,National excluding Dublin - all residential properties,National excluding Dublin,All residential,126.2,1.5,5.1,11.7
2017-08-01,2017-08,National excluding Dublin - apartments,National excluding Dublin,Apartments,132.8,2.5,3.0,13.5
2017-08-01,2017-08,National excluding Dublin - houses,National excluding Dublin,Houses,125.6,1.4,5.3,11.5
2017-08-01,2017-08,South Dublin - houses,South Dublin,Houses,115.0,1.4,4.2,13.2
2017-08-01,2017-08,South-East - houses,South-East,Houses,123.5,1.0,1.5,11.0
2017-08-01,2017-08,South-West - houses,South-West,Houses,127.3,1.0,4.3,13.4
2017-08-01,2017-08,West - houses,West,Houses,132.0,1.7,6.5,15.2
2017-09-01,2017-09,Border - houses,Border,Houses,123.4,1.6,3.8,11.5
2017-09-01,2017-09,Dublin - all residential properties,Dublin,All residential,119.7,1.1,4.9,11.2
2017-09-01,2017-09,Dublin - apartments,Dublin,Apartments,121.8,1.7,6.8,11.8
2017-09-01,2017-09,Dublin - houses,Dublin,Houses,119.0,1.0,4.6,11.1
2017-09-01,2017-09,Dublin City - houses,Dublin City,Houses,119.3,1.6,5.5,12.6
2017-09-01,2017-09,Dun Laoghaire-Rathdown - houses,Dun Laoghaire-Rathdown,Houses,118.1,1.3,3.8,9.2
2017-09-01,2017-09,Fingal - houses,Fingal,Houses,113.1,0.7,3.5,10.7
2017-09-01,2017-09,Mid-East - houses,Mid-East,Houses,121.4,2.1,4.2,12.8
2017-09-01,2017-09,Mid-West - houses,Mid-West,Houses,123.8,1.5,6.0,9.5
2017-09-01,2017-09,Midland - houses,Midland,Houses,134.2,1.0,4.4,12.7
2017-09-01,2017-09,National - all residential properties,National,All residential,123.9,1.3,5.4,11.9
2017-09-01,2017-09,National - apartments,National,Apartments,122.8,1.2,5.4,11.9
2017-09-01,2017-09,National - houses,National,Houses,123.6,1.4,5.3,11.7
2017-09-01,2017-09,National excluding Dublin - all residential properties,National excluding Dublin,All residential,128.1,1.6,6.0,12.5
2017-09-01,2017-09,National excluding Dublin - apartments,National excluding Dublin,Apartments,131.7,-0.8,3.7,13.7
2017-09-01,2017-09,National excluding Dublin - houses,National excluding Dublin,Houses,127.9,1.8,6.1,12.4
2017-09-01,2017-09,South Dublin - houses,South Dublin,Houses,116.6,1.4,4.3,13.7
2017-09-01,2017-09,South-East - houses,South-East,Houses,125.4,1.5,3.1,11.2
2017-09-01,2017-09,South-West - houses,South-West,Houses,128.9,1.3,5.3,12.8
2017-09-01,2017-09,West - houses,West,Houses,134.1,1.7,6.6,16.3
2017-10-01,2017-10,Border - houses,Border,Houses,123.1,-0.3,3.0,10.7
2017-10-01,2017-10,Dublin - all residential properties,Dublin,All residential,120.3,0.5,3.1,11.5
2017-10-01,2017-10,Dublin - apartments,Dublin,Apartments,123.0,1.0,5.3,12.4
2017-10-01,2017-10,Dublin - houses,Dublin,Houses,119.6,0.5,2.8,11.4
2017-10-01,2017-10,Dublin City - houses,Dublin City,Houses,120.6,1.1,4.3,13.1
2017-10-01,2017-10,Dun Laoghaire-Rathdown - houses,Dun Laoghaire-Rathdown,Houses,119.9,1.5,4.1,9.7
2017-10-01,2017-10,Fingal - houses,Fingal,Houses,113.8,0.7,2.6,11.3
2017-10-01,2017-10,Mid-East - houses,Mid-East,Houses,123.2,1.4,4.5,12.2
2017-10-01,2017-10,Mid-West - houses,Mid-West,Houses,123.8,0.0,3.8,9.7
2017-10-01,2017-10,Midland - houses,Midland,Houses,132.8,-1.0,1.3,9.2
2017-10-01,2017-10,National - all residential properties,National,All residential,124.3,0.4,3.2,11.8
2017-10-01,2017-10,National - apartments,National,Apartments,124.4,1.4,4.8,12.7
2017-10-01,2017-10,National - houses,National,Houses,124.0,0.3,3.1,11.5
2017-10-01,2017-10,National excluding Dublin - all residential properties,National excluding Dublin,All residential,128.4,0.2,3.3,11.9
2017-10-01,2017-10,National excluding Dublin - apartments,National excluding Dublin,Apartments,134.1,1.8,3.5,15.4
2017-10-01,2017-10,National excluding Dublin - houses,National excluding Dublin,Houses,128.0,0.1,3.3,11.6
2017-10-01,2017-10,South Dublin - houses,South Dublin,Houses,117.0,0.3,3.2,13.6
2017-10-01,2017-10,South-East - houses,South-East,Houses,127.8,1.9,4.5,10.9
2017-10-01,2017-10,South-West - houses,South-West,Houses,129.1,0.1,2.4,12.5
2017-10-01,2017-10,West - houses,West,Houses,135.8,1.2,4.7,16.2
2017-11-01,2017-11,Border - houses,Border,Houses,127.6,3.6,5.0,13.1
2017-11-01,2017-11,Dublin - all residential properties,Dublin,All residential,120.6,0.2,1.8,10.5
2017-11-01,2017-11,Dublin - apartments,Dublin,Apartments,123.8,0.6,3.4,11.1
2017-11-01,2017-11,Dublin - houses,Dublin,Houses,119.9,0.2,1.8,10.6
2017-11-01,2017-11,Dublin City - houses,Dublin City,Houses,121.5,0.7,3.4,12.8
2017-11-01,2017-11,Dun Laoghaire-Rathdown - houses,Dun Laoghaire-Rathdown,Houses,120.6,0.5,3.4,9.0
2017-11-01,2017-11,Fingal - houses,Fingal,Houses,115.5,1.5,2.9,12.2
2017-11-01,2017-11,Mid-East - houses,Mid-East,Houses,124.1,0.8,4.4,11.3
2017-11-01,2017-11,Mid-West - houses,Mid-West,Houses,125.7,1.5,3.1,8.8
2017-11-01,2017-11,Midland - houses,Midland,Houses,134.4,1.2,1.2,10.5
2017-11-01,2017-11,National - all residential properties,National,All residential,125.3,0.8,2.5,11.1
2017-11-01,2017-11,National - apartments,National,Apartments,125.7,1.0,3.6,12.1
2017-11-01,2017-11,National - houses,National,Houses,125.0,0.8,2.6,11.1
2017-11-01,2017-11,National excluding Dublin - all residential properties,National excluding Dublin,All residential,130.1,1.3,3.2,11.8
2017-11-01,2017-11,National excluding Dublin - apartments,National excluding Dublin,Apartments,135.2,0.8,1.9,14.4
2017-11-01,2017-11,National excluding Dublin - houses,National excluding Dublin,Houses,129.8,1.4,3.3,11.6
2017-11-01,2017-11,South Dublin - houses,South Dublin,Houses,117.3,0.2,2.0,12.2
2017-11-01,2017-11,South-East - houses,South-East,Houses,129.1,1.0,4.5,11.4
2017-11-01,2017-11,South-West - houses,South-West,Houses,131.4,1.8,3.2,12.2
2017-11-01,2017-11,West - houses,West,Houses,137.9,1.5,4.5,15.8
2017-12-01,2017-12,Border - houses,Border,Houses,129.8,1.7,5.1,14.7
2017-12-01,2017-12,Dublin - all residential properties,Dublin,All residential,121.1,0.4,1.1,11.7
2017-12-01,2017-12,Dublin - apartments,Dublin,Apartments,126.2,1.9,3.6,14.9
2017-12-01,2017-12,Dublin - houses,Dublin,Houses,119.9,0.0,0.7,10.8
2017-12-01,2017-12,Dublin City - houses,Dublin City,Houses,121.4,-0.1,1.8,13.0
2017-12-01,2017-12,Dun Laoghaire-Rathdown - houses,Dun Laoghaire-Rathdown,Houses,121.5,0.8,2.9,9.1
2017-12-01,2017-12,Fingal - houses,Fingal,Houses,116.5,0.9,3.0,13.0
2017-12-01,2017-12,Mid-East - houses,Mid-East,Houses,125.6,1.2,3.4,11.6
2017-12-01,2017-12,Mid-West - houses,Mid-West,Houses,127.2,1.2,2.8,10.5
2017-12-01,2017-12,Midland - houses,Midland,Houses,135.6,0.9,1.1,11.0
2017-12-01,2017-12,National - all residential properties,National,All residential,125.9,0.5,1.6,12.1
2017-12-01,2017-12,National - apartments,National,Apartments,127.5,1.5,3.9,14.1
2017-12-01,2017-12,National - houses,National,Houses,125.4,0.3,1.5,11.7
2017-12-01,2017-12,National excluding Dublin - all residential properties,National excluding Dublin,All residential,130.8,0.5,2.1,12.6
2017-12-01,2017-12,National excluding Dublin - apartments,National excluding Dublin,Apartments,134.7,-0.4,2.3,13.4
2017-12-01,2017-12,National excluding Dublin - houses,National excluding Dublin,Houses,130.6,0.6,2.1,12.6
2017-12-01,2017-12,South Dublin - houses,South Dublin,Houses,118.0,0.6,1.2,11.3
2017-12-01,2017-12,South-East - houses,South-East,Houses,130.5,1.1,4.1,10.5
2017-12-01,2017-12,South-West - houses,South-West,Houses,131.3,-0.1,1.9,12.5
2017-12-01,2017-12,West - houses,West,Houses,140.4,1.8,4.7,16.9
2018-01-01,2018-01,Border - houses,Border,Houses,130.1,0.2,5.7,13.8
2018-01-01,2018-01,Dublin - all residential properties,Dublin,All residential,121.8,0.6,1.2,11.7
2018-01-01,2018-01,Dublin - apartments,Dublin,Apartments,126.4,0.1,2.7,14.1
2018-01-01,2018-01,Dublin - houses,Dublin,Houses,120.8,0.8,1.0,11.2
2018-01-01,2018-01,Dublin City - houses,Dublin City,Houses,122.6,1.0,1.7,13.1
2018-01-01,2018-01,Dun Laoghaire-Rathdown - houses,Dun Laoghaire-Rathdown,Houses,122.1,0.5,1.8,8.8
2018-01-01,2018-01,Fingal - houses,Fingal,Houses,117.4,0.8,3.2,13.9
2018-01-01,2018-01,Mid-East - houses,Mid-East,Houses,126.1,0.4,2.4,11.5
2018-01-01,2018-01,Mid-West - houses,Mid-West,Houses,129.7,1.9,4.7,12.6
2018-01-01,2018-01,Midland - houses,Midland,Houses,136.8,0.9,3.0,12.2
2018-01-01,2018-01,National - all residential properties,National,All residential,126.5,0.5,1.7,11.9
2018-01-01,2018-01,National - apartments,National,Apartments,127.7,0.2,2.6,12.9
2018-01-01,2018-01,National - houses,National,Houses,126.3,0.7,1.8,11.9
2018-01-01,2018-01,National excluding Dublin - all residential properties,National excluding Dublin,All residential,131.3,0.3,2.2,12.1
2018-01-01,2018-01,National excluding Dublin - apartments,National excluding Dublin,Apartments,132.4,-1.8,-1.3,8.5
2018-01-01,2018-01,National excluding Dublin - houses,National excluding Dublin,Houses,131.3,0.6,2.6,12.5
2018-01-01,2018-01,South Dublin - houses,South Dublin,Houses,119.0,0.9,1.7,11.4
2018-01-01,2018-01,South-East - houses,South-East,Houses,131.3,0.6,2.7,8.8
2018-01-01,2018-01,South-West - houses,South-West,Houses,133.0,1.3,3.0,12.8
2018-01-01,2018-01,West - houses,West,Houses,141.5,0.8,4.2,16.1
2018-02-01,2018-02,Border - houses,Border,Houses,129.3,-0.6,1.4,9.5
2018-02-01,2018-02,Dublin - all residential properties,Dublin,All residential,122.9,0.9,1.9,12.5
2018-02-01,2018-02,Dublin - apartments,Dublin,Apartments,125.7,-0.5,1.5,14.0
2018-02-01,2018-02,Dublin - houses,Dublin,Houses,122.5,1.4,2.2,12.3
2018-02-01,2018-02,Dublin City - houses,Dublin City,Houses,124.5,1.5,2.5,14.1
2018-02-01,2018-02,Dun Laoghaire-Rathdown - houses,Dun Laoghaire-Rathdown,Houses,123.1,0.8,2.1,9.6
2018-02-01,2018-02,Fingal - houses,Fingal,Houses,119.3,1.6,3.3,14.3
2018-02-01,2018-02,Mid-East - houses,Mid-East,Houses,127.6,1.2,2.8,11.5
2018-02-01,2018-02,Mid-West - houses,Mid-West,Houses,131.1,1.1,4.3,14.0
2018-02-01,2018-02,Midland - houses,Midland,Houses,138.9,1.5,3.4,14.4
2018-02-01,2018-02,National - all residential properties,National,All residential,127.4,0.8,1.7,12.5
2018-02-01,2018-02,National - apartments,National,Apartments,128.8,0.9,2.5,13.7
2018-02-01,2018-02,National - houses,National,Houses,127.2,0.7,1.7,12.3
2018-02-01,2018-02,National excluding Dublin - all residential properties,National excluding Dublin,All residential,132.0,0.6,1.4,12.4
2018-02-01,2018-02,National excluding Dublin - apartments,National excluding Dublin,Apartments,137.8,4.1,1.9,11.7
2018-02-01,2018-02,National excluding Dublin - houses,National excluding Dublin,Houses,131.5,0.1,1.3,12.4
2018-02-01,2018-02,South Dublin - houses,South Dublin,Houses,118.7,-0.3,1.3,10.9
2018-02-01,2018-02,South-East - houses,South-East,Houses,131.3,0.0,1.7,8.5
2018-02-01,2018-02,South-West - houses,South-West,Houses,132.7,-0.2,1.0,13.3
2018-02-01,2018-02,West - houses,West,Houses,141.7,0.2,2.8,14.9
2018-03-01,2018-03,Border - houses,Border,Houses,128.2,-0.8,-1.2,9.2
2018-03-01,2018-03,Dublin - all residential properties,Dublin,All residential,122.8,-0.1,1.5,11.7
2018-03-01,2018-03,Dublin - apartments,Dublin,Apartments,125.2,-0.4,-0.8,13.9
2018-03-01,2018-03,Dublin - houses,Dublin,Houses,122.5,0.0,2.2,11.3
2018-03-01,2018-03,Dublin City - houses,Dublin City,Houses,125.4,0.7,3.3,14.1
2018-03-01,2018-03,Dun Laoghaire-Rathdown - houses,Dun Laoghaire-Rathdown,Houses,123.0,-0.1,1.2,9.1
2018-03-01,2018-03,Fingal - houses,Fingal,Houses,119.8,0.4,2.8,13.3
2018-03-01,2018-03,Mid-East - houses,Mid-East,Houses,129.1,1.2,2.8,12.4
2018-03-01,2018-03,Mid-West - houses,Mid-West,Houses,133.4,1.8,4.9,16.8
2018-03-01,2018-03,Midland - houses,Midland,Houses,141.5,1.9,4.4,13.6
2018-03-01,2018-03,National - all residential properties,National,All residential,128.2,0.6,1.8,12.6
2018-03-01,2018-03,National - apartments,National,Apartments,129.8,0.7,1.8,14.2
2018-03-01,2018-03,National - houses,National,Houses,127.9,0.6,2.0,12.4
2018-03-01,2018-03,National excluding Dublin - all residential properties,National excluding Dublin,All residential,133.8,1.3,2.2,13.7
2018-03-01,2018-03,National excluding Dublin - apartments,National excluding Dublin,Apartments,142.1,3.1,5.5,13.6
2018-03-01,2018-03,National excluding Dublin - houses,National excluding Dublin,Houses,132.9,1.1,1.8,13.5
2018-03-01,2018-03,South Dublin - houses,South Dublin,Houses,118.3,-0.3,0.3,9.6
2018-03-01,2018-03,South-East - houses,South-East,Houses,133.6,1.8,2.4,10.8
2018-03-01,2018-03,South-West - houses,South-West,Houses,132.8,0.1,1.1,11.7
2018-03-01,2018-03,West - houses,West,Houses,143.3,1.1,2.1,17.7
2018-04-01,2018-04,Border - houses,Border,Houses,126.8,-1.1,-2.5,8.1
2018-04-01,2018-04,Dublin - all residential properties,Dublin,All residential,123.3,0.4,1.2,13.0
2018-04-01,2018-04,Dublin - apartments,Dublin,Apartments,126.4,1.0,0.0,16.1
2018-04-01,2018-04,Dublin - houses,Dublin,Houses,122.7,0.1,1.5,12.2
2018-04-01,2018-04,Dublin City - houses,Dublin City,Houses,125.6,0.2,2.4,15.3
2018-04-01,2018-04,Dun Laoghaire-Rathdown - houses,Dun Laoghaire-Rathdown,Houses,123.8,0.6,1.3,10.7
2018-04-01,2018-04,Fingal - houses,Fingal,Houses,120.3,0.5,2.5,13.1
2018-04-01,2018-04,Mid-East - houses,Mid-East,Houses,130.0,0.7,3.1,11.9
2018-04-01,2018-04,Mid-West - houses,Mid-West,Houses,136.3,2.2,5.1,18.9
2018-04-01,2018-04,Midland - houses,Midland,Houses,143.5,1.4,4.9,13.2
2018-04-01,2018-04,National - all residential properties,National,All residential,129.5,1.0,2.4,13.4
2018-04-01,2018-04,National - apartments,National,Apartments,132.1,1.8,3.4,16.2
2018-04-01,2018-04,National - houses,National,Houses,128.9,0.7,2.0,12.8
2018-04-01,2018-04,National excluding Dublin - all residential properties,National excluding Dublin,All residential,136.0,1.6,3.6,13.8
2018-04-01,2018-04,National excluding Dublin - apartments,National excluding Dublin,Apartments,149.1,4.9,12.7,16.1
2018-04-01,2018-04,National excluding Dublin - houses,National excluding Dublin,Houses,134.6,1.3,2.5,13.3
2018-04-01,2018-04,South Dublin - houses,South Dublin,Houses,117.6,-0.6,-1.2,7.3
2018-04-01,2018-04,South-East - houses,South-East,Houses,136.0,1.8,3.6,12.7
2018-04-01,2018-04,South-West - houses,South-West,Houses,134.2,1.1,0.9,11.6
2018-04-01,2018-04,West - houses,West,Houses,144.6,0.9,2.2,16.8
2018-05-01,2018-05,Border - houses,Border,Houses,123.3,-2.8,-4.6,3.5
2018-05-01,2018-05,Dublin - all residential properties,Dublin,All residential,124.2,0.7,1.1,11.0
2018-05-01,2018-05,Dublin - apartments,Dublin,Apartments,128.0,1.3,1.9,14.0
2018-05-01,2018-05,Dublin - houses,Dublin,Houses,123.3,0.5,0.6,10.4
2018-05-01,2018-05,Dublin City - houses,Dublin City,Houses,126.3,0.5,1.4,14.2
2018-05-01,2018-05,Dun Laoghaire-Rathdown - houses,Dun Laoghaire-Rathdown,Houses,124.9,0.9,1.5,10.4
2018-05-01,2018-05,Fingal - houses,Fingal,Houses,120.0,-0.3,0.6,10.6
2018-05-01,2018-05,Mid-East - houses,Mid-East,Houses,130.9,0.7,2.6,13.2
2018-05-01,2018-05,Mid-West - houses,Mid-West,Houses,139.5,2.4,6.5,20.9
2018-05-01,2018-05,Midland - houses,Midland,Houses,143.3,-0.1,3.2,14.3
2018-05-01,2018-05,National - all residential properties,National,All residential,130.3,0.6,2.3,12.4
2018-05-01,2018-05,National - apartments,National,Apartments,133.4,1.0,3.5,15.2
2018-05-01,2018-05,National - houses,National,Houses,129.6,0.5,1.9,12.0
2018-05-01,2018-05,National excluding Dublin - all residential properties,National excluding Dublin,All residential,136.7,0.5,3.5,13.9
2018-05-01,2018-05,National excluding Dublin - apartments,National excluding Dublin,Apartments,150.1,0.6,8.9,16.4
2018-05-01,2018-05,National excluding Dublin - houses,National excluding Dublin,Houses,135.4,0.6,3.0,13.5
2018-05-01,2018-05,South Dublin - houses,South Dublin,Houses,118.0,0.3,-0.6,6.9
2018-05-01,2018-05,South-East - houses,South-East,Houses,134.1,-1.4,2.1,10.2
2018-05-01,2018-05,South-West - houses,South-West,Houses,136.7,1.8,3.0,12.1
2018-05-01,2018-05,West - houses,West,Houses,145.6,0.7,2.8,17.5
2018-06-01,2018-06,Border - houses,Border,Houses,124.5,0.9,-2.9,4.7
2018-06-01,2018-06,Dublin - all residential properties,Dublin,All residential,124.4,0.1,1.2,9.0
2018-06-01,2018-06,Dublin - apartments,Dublin,Apartments,129.2,0.9,3.2,13.3
2018-06-01,2018-06,Dublin - houses,Dublin,Houses,123.1,-0.2,0.5,8.1
2018-06-01,2018-06,Dublin City - houses,Dublin City,Houses,125.9,-0.3,0.4,11.3
2018-06-01,2018-06,Dun Laoghaire-Rathdown - houses,Dun Laoghaire-Rathdown,Houses,125.0,0.0,1.6,9.8
2018-06-01,2018-06,Fingal - houses,Fingal,Houses,120.0,0.0,0.2,9.8
2018-06-01,2018-06,Mid-East - houses,Mid-East,Houses,132.4,1.2,2.5,13.6
2018-06-01,2018-06,Mid-West - houses,Mid-West,Houses,143.8,3.0,7.8,23.1
2018-06-01,2018-06,Midland - houses,Midland,Houses,144.6,0.9,2.2,12.6
2018-06-01,2018-06,National - all residential properties,National,All residential,131.6,1.0,2.6,12.0
2018-06-01,2018-06,National - apartments,National,Apartments,134.5,0.8,3.6,15.4
2018-06-01,2018-06,National - houses,National,Houses,130.9,1.0,2.3,11.5
2018-06-01,2018-06,National excluding Dublin - all residential properties,National excluding Dublin,All residential,139.3,1.9,4.1,15.2
2018-06-01,2018-06,National excluding Dublin - apartments,National excluding Dublin,Apartments,150.9,0.6,6.2,18.9
2018-06-01,2018-06,National excluding Dublin - houses,National excluding Dublin,Houses,138.3,2.1,4.0,14.7
2018-06-01,2018-06,South Dublin - houses,South Dublin,Houses,118.4,0.3,0.0,5.9
2018-06-01,2018-06,South-East - houses,South-East,Houses,134.6,0.4,0.7,10.7
2018-06-01,2018-06,South-West - houses,South-West,Houses,139.9,2.3,5.3,14.2
2018-06-01,2018-06,West - houses,West,Houses,147.6,1.4,3.0,17.4
2018-07-01,2018-07,Border - houses,Border,Houses,125.0,0.4,-1.4,4.6
2018-07-01,2018-07,Dublin - all residential properties,Dublin,All residential,125.3,0.8,1.6,7.4
2018-07-01,2018-07,Dublin - apartments,Dublin,Apartments,129.7,0.4,2.6,11.0
2018-07-01,2018-07,Dublin - houses,Dublin,Houses,124.2,0.9,1.3,6.8
2018-07-01,2018-07,Dublin City - houses,Dublin City,Houses,126.3,0.3,0.5,9.2
2018-07-01,2018-07,Dun Laoghaire-Rathdown - houses,Dun Laoghaire-Rathdown,Houses,126.7,1.4,2.4,10.0
2018-07-01,2018-07,Fingal - houses,Fingal,Houses,119.5,-0.4,-0.7,7.7
2018-07-01,2018-07,Mid-East - houses,Mid-East,Houses,132.6,0.2,2.0,12.5
2018-07-01,2018-07,Mid-West - houses,Mid-West,Houses,146.0,1.6,7.2,22.5
2018-07-01,2018-07,Midland - houses,Midland,Houses,146.6,1.4,2.1,11.7
2018-07-01,2018-07,National - all residential properties,National,All residential,132.4,0.6,2.3,9.9
2018-07-01,2018-07,National - apartments,National,Apartments,135.4,0.6,2.5,14.0
2018-07-01,2018-07,National - houses,National,Houses,131.8,0.7,2.3,9.6
2018-07-01,2018-07,National excluding Dublin - all residential properties,National excluding Dublin,All residential,140.0,0.5,3.0,12.7
2018-07-01,2018-07,National excluding Dublin - apartments,National excluding Dublin,Apartments,152.4,1.0,2.2,17.7
2018-07-01,2018-07,National excluding Dublin - houses,National excluding Dublin,Houses,139.0,0.5,3.2,12.2
2018-07-01,2018-07,South Dublin - houses,South Dublin,Houses,119.4,0.9,1.5,5.3
2018-07-01,2018-07,South-East - houses,South-East,Houses,135.2,0.5,-0.6,10.5
2018-07-01,2018-07,South-West - houses,South-West,Houses,140.6,0.6,4.8,11.6
2018-07-01,2018-07,West - houses,West,Houses,149.9,1.6,3.7,15.6
2018-08-01,2018-08,Border - houses,Border,Houses,128.0,2.4,3.8,5.4
2018-08-01,2018-08,Dublin - all residential properties,Dublin,All residential,126.3,0.8,1.6,6.6
2018-08-01,2018-08,Dublin - apartments,Dublin,Apartments,131.0,1.0,2.4,9.4
2018-08-01,2018-08,Dublin - houses,Dublin,Houses,125.1,0.7,1.4,6.2
2018-08-01,2018-08,Dublin City - houses,Dublin City,Houses,126.7,0.4,0.4,7.9
2018-08-01,2018-08,Dun Laoghaire-Rathdown - houses,Dun Laoghaire-Rathdown,Houses,127.9,0.9,2.4,9.7
2018-08-01,2018-08,Fingal - houses,Fingal,Houses,118.8,-0.6,-1.0,5.8
2018-08-01,2018-08,Mid-East - houses,Mid-East,Houses,132.9,0.3,1.6,11.8
2018-08-01,2018-08,Mid-West - houses,Mid-West,Houses,147.9,1.3,6.0,21.3
2018-08-01,2018-08,Midland - houses,Midland,Houses,146.6,0.0,2.3,10.4
2018-08-01,2018-08,National - all residential properties,National,All residential,133.1,0.6,2.2,8.9
2018-08-01,2018-08,National - apartments,National,Apartments,136.7,1.0,2.5,12.7
2018-08-01,2018-08,National - houses,National,Houses,132.4,0.5,2.2,8.6
2018-08-01,2018-08,National excluding Dublin - all residential properties,National excluding Dublin,All residential,140.4,0.3,2.8,11.3
2018-08-01,2018-08,National excluding Dublin - apartments,National excluding Dublin,Apartments,153.9,0.9,2.5,15.9
2018-08-01,2018-08,National excluding Dublin - houses,National excluding Dublin,Houses,139.4,0.3,2.9,10.9
2018-08-01,2018-08,South Dublin - houses,South Dublin,Houses,120.9,1.2,2.4,5.1
2018-08-01,2018-08,South-East - houses,South-East,Houses,137.1,1.4,2.2,11.0
2018-08-01,2018-08,South-West - houses,South-West,Houses,140.7,0.0,2.9,10.5
2018-08-01,2018-08,West - houses,West,Houses,150.5,0.3,3.3,14.0
2018-09-01,2018-09,Border - houses,Border,Houses,131.1,2.4,5.3,6.2
2018-09-01,2018-09,Dublin - all residential properties,Dublin,All residential,127.3,0.8,2.4,6.4
2018-09-01,2018-09,Dublin - apartments,Dublin,Apartments,131.8,0.6,2.0,8.2
2018-09-01,2018-09,Dublin - houses,Dublin,Houses,126.2,0.9,2.5,6.1
2018-09-01,2018-09,Dublin City - houses,Dublin City,Houses,127.5,0.6,1.3,6.9
2018-09-01,2018-09,Dun Laoghaire-Rathdown - houses,Dun Laoghaire-Rathdown,Houses,128.6,0.5,2.9,8.9
2018-09-01,2018-09,Fingal - houses,Fingal,Houses,119.6,0.7,-0.3,5.8
2018-09-01,2018-09,Mid-East - houses,Mid-East,Houses,133.4,0.4,0.8,9.9
2018-09-01,2018-09,Mid-West - houses,Mid-West,Houses,149.8,1.3,4.2,21.1
2018-09-01,2018-09,Midland - houses,Midland,Houses,149.8,2.2,3.6,11.7
2018-09-01,2018-09,National - all residential properties,National,All residential,134.4,0.9,2.1,8.5
2018-09-01,2018-09,National - apartments,National,Apartments,137.3,0.5,2.1,11.8
2018-09-01,2018-09,National - houses,National,Houses,133.8,1.0,2.2,8.2
2018-09-01,2018-09,National excluding Dublin - all residential properties,National excluding Dublin,All residential,141.9,1.0,1.8,10.7
2018-09-01,2018-09,National excluding Dublin - apartments,National excluding Dublin,Apartments,153.6,-0.2,1.8,16.6
2018-09-01,2018-09,National excluding Dublin - houses,National excluding Dublin,Houses,140.9,1.1,1.9,10.2
2018-09-01,2018-09,South Dublin - houses,South Dublin,Houses,121.8,0.7,2.9,4.4
2018-09-01,2018-09,South-East - houses,South-East,Houses,139.0,1.4,3.2,10.8
2018-09-01,2018-09,South-West - houses,South-West,Houses,141.4,0.5,1.1,9.7
2018-09-01,2018-09,West - houses,West,Houses,153.3,1.9,3.9,14.3
2018-10-01,2018-10,Border - houses,Border,Houses,134.0,2.2,7.2,8.8
2018-10-01,2018-10,Dublin - all residential properties,Dublin,All residential,127.7,0.3,1.9,6.1
2018-10-01,2018-10,Dublin - apartments,Dublin,Apartments,131.2,-0.5,1.1,6.7
2018-10-01,2018-10,Dublin - houses,Dublin,Houses,126.9,0.6,2.2,6.1
2018-10-01,2018-10,Dublin City - houses,Dublin City,Houses,127.6,0.1,1.1,5.8
2018-10-01,2018-10,Dun Laoghaire-Rathdown - houses,Dun Laoghaire-Rathdown,Houses,129.3,0.5,2.0,7.8
2018-10-01,2018-10,Fingal - houses,Fingal,Houses,121.0,1.1,1.2,6.3
2018-10-01,2018-10,Mid-East - houses,Mid-East,Houses,133.5,0.1,0.7,8.4
2018-10-01,2018-10,Mid-West - houses,Mid-West,Houses,150.0,0.1,2.7,21.2
2018-10-01,2018-10,Midland - houses,Midland,Houses,151.5,1.1,3.4,14.1
2018-10-01,2018-10,National - all residential properties,National,All residential,134.7,0.2,1.7,8.3
2018-10-01,2018-10,National - apartments,National,Apartments,137.3,0.0,1.4,10.3
2018-10-01,2018-10,National - houses,National,Houses,134.3,0.3,1.9,8.3
2018-10-01,2018-10,National excluding Dublin - all residential properties,National excluding Dublin,All residential,142.1,0.2,1.5,10.7
2018-10-01,2018-10,National excluding Dublin - apartments,National excluding Dublin,Apartments,154.2,0.4,1.2,15.0
2018-10-01,2018-10,National excluding Dublin - houses,National excluding Dublin,Houses,141.1,0.1,1.6,10.3
2018-10-01,2018-10,South Dublin - houses,South Dublin,Houses,122.5,0.6,2.6,4.7
2018-10-01,2018-10,South-East - houses,South-East,Houses,140.1,0.8,3.6,9.6
2018-10-01,2018-10,South-West - houses,South-West,Houses,141.5,0.1,0.6,9.6
2018-10-01,2018-10,West - houses,West,Houses,154.2,0.6,2.8,13.5
2018-11-01,2018-11,Border - houses,Border,Houses,134.5,0.4,5.0,5.4
2018-11-01,2018-11,Dublin - all residential properties,Dublin,All residential,126.8,-0.7,0.4,5.1
2018-11-01,2018-11,Dublin - apartments,Dublin,Apartments,131.2,0.0,0.1,6.0
2018-11-01,2018-11,Dublin - houses,Dublin,Houses,125.9,-0.9,0.6,5.0
2018-11-01,2018-11,Dublin City - houses,Dublin City,Houses,127.1,-0.4,0.3,4.6
2018-11-01,2018-11,Dun Laoghaire-Rathdown - houses,Dun Laoghaire-Rathdown,Houses,128.9,-0.3,0.7,6.9
2018-11-01,2018-11,Fingal - houses,Fingal,Houses,120.5,-0.4,1.4,4.3
2018-11-01,2018-11,Mid-East - houses,Mid-East,Houses,133.4,-0.1,0.4,7.5
2018-11-01,2018-11,Mid-West - houses,Mid-West,Houses,151.9,1.2,2.7,20.8
2018-11-01,2018-11,Midland - houses,Midland,Houses,151.0,-0.4,3.0,12.3
2018-11-01,2018-11,National - all residential properties,National,All residential,134.2,-0.3,0.8,7.1
2018-11-01,2018-11,National - apartments,National,Apartments,137.8,0.3,0.8,9.6
2018-11-01,2018-11,National - houses,National,Houses,133.7,-0.5,0.9,6.9
2018-11-01,2018-11,National excluding Dublin - all residential properties,National excluding Dublin,All residential,142.1,0.0,1.2,9.2
2018-11-01,2018-11,National excluding Dublin - apartments,National excluding Dublin,Apartments,155.8,1.0,1.3,15.2
2018-11-01,2018-11,National excluding Dublin - houses,National excluding Dublin,Houses,141.0,-0.1,1.2,8.7
2018-11-01,2018-11,South Dublin - houses,South Dublin,Houses,122.7,0.2,1.5,4.7
2018-11-01,2018-11,South-East - houses,South-East,Houses,140.9,0.6,2.8,9.2
2018-11-01,2018-11,South-West - houses,South-West,Houses,141.9,0.2,0.8,8.0
2018-11-01,2018-11,West - houses,West,Houses,153.9,-0.2,2.3,11.6
2018-12-01,2018-12,Border - houses,Border,Houses,137.3,2.1,4.7,5.8
2018-12-01,2018-12,Dublin - all residential properties,Dublin,All residential,125.8,-0.8,-1.2,3.9
2018-12-01,2018-12,Dublin - apartments,Dublin,Apartments,130.5,-0.5,-1.0,3.4
2018-12-01,2018-12,Dublin - houses,Dublin,Houses,124.8,-0.9,-1.1,4.1
2018-12-01,2018-12,Dublin City - houses,Dublin City,Houses,126.3,-0.6,-1.0,4.0
2018-12-01,2018-12,Dun Laoghaire-Rathdown - houses,Dun Laoghaire-Rathdown,Houses,127.7,-1.0,-0.8,5.0
2018-12-01,2018-12,Fingal - houses,Fingal,Houses,120.5,0.0,0.7,3.4
2018-12-01,2018-12,Mid-East - houses,Mid-East,Houses,132.9,-0.4,-0.4,5.8
2018-12-01,2018-12,Mid-West - houses,Mid-West,Houses,150.4,-1.0,0.3,18.2
2018-12-01,2018-12,Midland - houses,Midland,Houses,150.7,-0.2,0.6,11.1
2018-12-01,2018-12,National - all residential properties,National,All residential,133.8,-0.3,-0.4,6.3
2018-12-01,2018-12,National - apartments,National,Apartments,137.5,-0.2,0.2,7.9
2018-12-01,2018-12,National - houses,National,Houses,133.3,-0.3,-0.4,6.2
2018-12-01,2018-12,National excluding Dublin - all residential properties,National excluding Dublin,All residential,142.4,0.2,0.4,8.9
2018-12-01,2018-12,National excluding Dublin - apartments,National excluding Dublin,Apartments,156.0,0.1,1.5,15.8
2018-12-01,2018-12,National excluding Dublin - houses,National excluding Dublin,Houses,141.3,0.2,0.2,8.2
2018-12-01,2018-12,South Dublin - houses,South Dublin,Houses,123.3,0.5,1.3,4.5
2018-12-01,2018-12,South-East - houses,South-East,Houses,141.8,0.7,2.1,8.7
2018-12-01,2018-12,South-West - houses,South-West,Houses,143.1,0.9,1.2,9.0
2018-12-01,2018-12,West - houses,West,Houses,155.5,1.1,1.4,10.8
2019-01-01,2019-01,Border - houses,Border,Houses,136.1,-0.8,1.6,4.6
2019-01-01,2019-01,Dublin - all residential properties,Dublin,All residential,125.1,-0.5,-2.0,2.7
2019-01-01,2019-01,Dublin - apartments,Dublin,Apartments,129.7,-0.6,-1.1,2.7
2019-01-01,2019-01,Dublin - houses,Dublin,Houses,124.2,-0.5,-2.2,2.8
2019-01-01,2019-01,Dublin City - houses,Dublin City,Houses,126.5,0.1,-0.9,3.1
2019-01-01,2019-01,Dun Laoghaire-Rathdown - houses,Dun Laoghaire-Rathdown,Houses,126.6,-0.8,-2.1,3.6
2019-01-01,2019-01,Fingal - houses,Fingal,Houses,120.0,-0.4,-0.8,2.2
2019-01-01,2019-01,Mid-East - houses,Mid-East,Houses,132.3,-0.4,-0.9,4.9
2019-01-01,2019-01,Mid-West - houses,Mid-West,Houses,150.4,0.0,0.3,16.0
2019-01-01,2019-01,Midland - houses,Midland,Houses,150.7,0.0,-0.5,10.1
2019-01-01,2019-01,National - all residential properties,National,All residential,133.1,-0.6,-1.2,5.2
2019-01-01,2019-01,National - apartments,National,Apartments,136.8,-0.5,-0.3,7.2
2019-01-01,2019-01,National - houses,National,Houses,132.6,-0.5,-1.3,5.0
2019-01-01,2019-01,National excluding Dublin - all residential properties,National excluding Dublin,All residential,141.6,-0.6,-0.4,7.9
2019-01-01,2019-01,National excluding Dublin - apartments,National excluding Dublin,Apartments,154.6,-0.9,0.2,16.8
2019-01-01,2019-01,National excluding Dublin - houses,National excluding Dublin,Houses,140.5,-0.6,-0.4,7.0
2019-01-01,2019-01,South Dublin - houses,South Dublin,Houses,123.0,-0.2,0.4,3.4
2019-01-01,2019-01,South-East - houses,South-East,Houses,142.7,0.7,1.9,8.7
2019-01-01,2019-01,South-West - houses,South-West,Houses,143.0,-0.1,1.1,7.5
2019-01-01,2019-01,West - houses,West,Houses,153.7,-1.2,-0.3,8.6
2019-02-01,2019-02,Border - houses,Border,Houses,136.5,0.3,1.5,5.5
2019-02-01,2019-02,Dublin - all residential properties,Dublin,All residential,124.7,-0.3,-1.7,1.4
2019-02-01,2019-02,Dublin - apartments,Dublin,Apartments,128.3,-1.1,-2.2,2.1
2019-02-01,2019-02,Dublin - houses,Dublin,Houses,124.0,-0.1,-1.5,1.3
2019-02-01,2019-02,Dublin City - houses,Dublin City,Houses,126.6,0.1,-0.4,1.7
2019-02-01,2019-02,Dun Laoghaire-Rathdown - houses,Dun Laoghaire-Rathdown,Houses,125.1,-1.2,-3.0,1.6
2019-02-01,2019-02,Fingal - houses,Fingal,Houses,120.7,0.6,0.2,1.2
2019-02-01,2019-02,Mid-East - houses,Mid-East,Houses,131.5,-0.6,-1.4,3.1
2019-02-01,2019-02,Mid-West - houses,Mid-West,Houses,150.4,0.0,-0.9,14.8
2019-02-01,2019-02,Midland - houses,Midland,Houses,151.8,0.7,0.5,9.3
2019-02-01,2019-02,National - all residential properties,National,All residential,132.9,-0.2,-1.0,4.3
2019-02-01,2019-02,National - apartments,National,Apartments,135.8,-0.8,-1.4,5.4
2019-02-01,2019-02,National - houses,National,Houses,132.5,0.0,-0.8,4.2
2019-02-01,2019-02,National excluding Dublin - all residential properties,National excluding Dublin,All residential,141.6,0.0,-0.4,7.3
2019-02-01,2019-02,National excluding Dublin - apartments,National excluding Dublin,Apartments,154.0,-0.3,-1.1,11.8
2019-02-01,2019-02,National excluding Dublin - houses,National excluding Dublin,Houses,140.6,0.0,-0.3,6.9
2019-02-01,2019-02,South Dublin - houses,South Dublin,Houses,122.6,-0.3,-0.1,3.3
2019-02-01,2019-02,South-East - houses,South-East,Houses,145.1,1.7,3.0,10.5
2019-02-01,2019-02,South-West - houses,South-West,Houses,142.2,-0.5,0.3,7.2
2019-02-01,2019-02,West - houses,West,Houses,154.1,0.3,0.1,8.7
2019-03-01,2019-03,Border - houses,Border,Houses,139.6,2.3,1.7,8.9
2019-03-01,2019-03,Dublin - all residential properties,Dublin,All residential,123.9,-0.6,-1.5,0.9
2019-03-01,2019-03,Dublin - apartments,Dublin,Apartments,127.8,-0.4,-2.1,2.1
2019-03-01,2019-03,Dublin - houses,Dublin,Houses,123.1,-0.7,-1.3,0.5
2019-03-01,2019-03,Dublin City - houses,Dublin City,Houses,125.7,-0.7,-0.5,0.3
2019-03-01,2019-03,Dun Laoghaire-Rathdown - houses,Dun Laoghaire-Rathdown,Houses,123.4,-1.3,-3.3,0.3
2019-03-01,2019-03,Fingal - houses,Fingal,Houses,120.2,-0.4,-0.2,0.4
2019-03-01,2019-03,Mid-East - houses,Mid-East,Houses,131.7,0.1,-0.9,2.0
2019-03-01,2019-03,Mid-West - houses,Mid-West,Houses,148.8,-1.1,-1.0,11.6
2019-03-01,2019-03,Midland - houses,Midland,Houses,153.6,1.2,1.9,8.5
2019-03-01,2019-03,National - all residential properties,National,All residential,133.0,0.1,-0.6,3.8
2019-03-01,2019-03,National - apartments,National,Apartments,135.5,-0.2,-1.4,4.4
2019-03-01,2019-03,National - houses,National,Houses,132.7,0.1,-0.4,3.7
2019-03-01,2019-03,National excluding Dublin - all residential properties,National excluding Dublin,All residential,142.9,0.9,0.3,6.8
2019-03-01,2019-03,National excluding Dublin - apartments,National excluding Dublin,Apartments,155.6,1.0,-0.2,9.5
2019-03-01,2019-03,National excluding Dublin - houses,National excluding Dublin,Houses,141.8,0.9,0.3,6.7
2019-03-01,2019-03,South Dublin - houses,South Dublin,Houses,122.6,0.0,-0.6,3.6
2019-03-01,2019-03,South-East - houses,South-East,Houses,145.3,0.1,2.5,8.7
2019-03-01,2019-03,South-West - houses,South-West,Houses,142.4,0.1,-0.5,7.2
2019-03-01,2019-03,West - houses,West,Houses,157.0,1.9,0.9,9.6
2019-04-01,2019-04,Border - houses,Border,Houses,140.3,0.5,3.1,10.6
2019-04-01,2019-04,Dublin - all residential properties,Dublin,All residential,123.9,0.0,-1.0,0.5
2019-04-01,2019-04,Dublin - apartments,Dublin,Apartments,128.4,0.5,-1.0,1.6
2019-04-01,2019-04,Dublin - houses,Dublin,Houses,122.8,-0.3,-1.1,0.1
2019-04-01,2019-04,Dublin City - houses,Dublin City,Houses,125.2,-0.4,-1.0,-0.4
2019-04-01,2019-04,Dun Laoghaire-Rathdown - houses,Dun Laoghaire-Rathdown,Houses,122.3,-0.9,-3.4,-1.2
2019-04-01,2019-04,Fingal - houses,Fingal,Houses,119.8,-0.4,-0.2,-0.4
2019-04-01,2019-04,Mid-East - houses,Mid-East,Houses,131.7,0.0,-0.5,1.3
2019-04-01,2019-04,Mid-West - houses,Mid-West,Houses,148.2,-0.4,-1.5,8.8
2019-04-01,2019-04,Midland - houses,Midland,Houses,154.6,0.6,2.6,7.7
2019-04-01,2019-04,National - all residential properties,National,All residential,133.3,0.2,0.1,2.9
2019-04-01,2019-04,National - apartments,National,Apartments,135.7,0.1,-0.8,2.8
2019-04-01,2019-04,National - houses,National,Houses,132.8,0.1,0.1,3.0
2019-04-01,2019-04,National excluding Dublin - all residential properties,National excluding Dublin,All residential,143.4,0.3,1.3,5.4
2019-04-01,2019-04,National excluding Dublin - apartments,National excluding Dublin,Apartments,156.3,0.4,1.1,4.8
2019-04-01,2019-04,National excluding Dublin - houses,National excluding Dublin,Houses,142.2,0.3,1.2,5.7
2019-04-01,2019-04,South Dublin - houses,South Dublin,Houses,122.6,0.0,-0.3,4.3
2019-04-01,2019-04,South-East - houses,South-East,Houses,145.2,-0.1,1.7,6.7
2019-04-01,2019-04,South-West - houses,South-West,Houses,142.3,-0.1,-0.5,6.0
2019-04-01,2019-04,West - houses,West,Houses,158.5,1.0,3.1,9.6
2019-05-01,2019-05,Border - houses,Border,Houses,142.1,1.2,4.1,15.2
2019-05-01,2019-05,Dublin - all residential properties,Dublin,All residential,124.2,0.2,-0.5,-0.1
2019-05-01,2019-05,Dublin - apartments,Dublin,Apartments,128.4,0.0,0.1,0.3
2019-05-01,2019-05,Dublin - houses,Dublin,Houses,123.0,0.2,-0.8,-0.2
2019-05-01,2019-05,Dublin City - houses,Dublin City,Houses,124.3,-0.7,-1.8,-1.6
2019-05-01,2019-05,Dun Laoghaire-Rathdown - houses,Dun Laoghaire-Rathdown,Houses,121.2,-0.9,-3.1,-3.0
2019-05-01,2019-05,Fingal - houses,Fingal,Houses,121.3,1.3,0.5,1.1
2019-05-01,2019-05,Mid-East - houses,Mid-East,Houses,132.0,0.2,0.3,0.9
2019-05-01,2019-05,Mid-West - houses,Mid-West,Houses,147.8,-0.3,-1.7,5.9
2019-05-01,2019-05,Midland - houses,Midland,Houses,154.8,0.1,2.0,8.0
2019-05-01,2019-05,National - all residential properties,National,All residential,133.6,0.3,0.6,2.6
2019-05-01,2019-05,National - apartments,National,Apartments,135.6,-0.1,-0.1,1.7
2019-05-01,2019-05,National - houses,National,Houses,133.1,0.3,0.5,2.8
2019-05-01,2019-05,National excluding Dublin - all residential properties,National excluding Dublin,All residential,143.9,0.4,1.6,5.3
2019-05-01,2019-05,National excluding Dublin - apartments,National excluding Dublin,Apartments,157.4,0.7,2.2,4.9
2019-05-01,2019-05,National excluding Dublin - houses,National excluding Dublin,Houses,142.7,0.3,1.5,5.4
2019-05-01,2019-05,South Dublin - houses,South Dublin,Houses,122.6,-0.1,0.0,3.8
2019-05-01,2019-05,South-East - houses,South-East,Houses,144.1,-0.7,-0.7,7.5
2019-05-01,2019-05,South-West - houses,South-West,Houses,142.5,0.2,0.2,4.2
2019-05-01,2019-05,West - houses,West,Houses,160.0,1.0,3.9,9.9
2019-06-01,2019-06,Border - houses,Border,Houses,142.3,0.2,1.9,14.3
2019-06-01,2019-06,Dublin - all residential properties,Dublin,All residential,124.5,0.3,0.4,0.1
2019-06-01,2019-06,Dublin - apartments,Dublin,Apartments,129.2,0.6,1.1,0.0
2019-06-01,2019-06,Dublin - houses,Dublin,Houses,123.2,0.1,0.1,0.1
2019-06-01,2019-06,Dublin City - houses,Dublin City,Houses,124.3,0.0,-1.1,-1.3
2019-06-01,2019-06,Dun Laoghaire-Rathdown - houses,Dun Laoghaire-Rathdown,Houses,120.2,-0.9,-2.6,-3.8
2019-06-01,2019-06,Fingal - houses,Fingal,Houses,121.5,0.1,1.0,1.2
2019-06-01,2019-06,Mid-East - houses,Mid-East,Houses,132.5,0.4,0.6,0.1
2019-06-01,2019-06,Mid-West - houses,Mid-West,Houses,149.1,0.9,0.2,3.7
2019-06-01,2019-06,Midland - houses,Midland,Houses,154.6,-0.1,0.6,6.9
2019-06-01,2019-06,National - all residential properties,National,All residential,134.2,0.4,0.9,2.0
2019-06-01,2019-06,National - apartments,National,Apartments,136.1,0.4,0.4,1.2
2019-06-01,2019-06,National - houses,National,Houses,133.6,0.4,0.7,2.1
2019-06-01,2019-06,National excluding Dublin - all residential properties,National excluding Dublin,All residential,144.8,0.6,1.3,4.0
2019-06-01,2019-06,National excluding Dublin - apartments,National excluding Dublin,Apartments,158.7,0.9,2.0,5.2
2019-06-01,2019-06,National excluding Dublin - houses,National excluding Dublin,Houses,143.6,0.6,1.3,3.8
2019-06-01,2019-06,South Dublin - houses,South Dublin,Houses,122.5,-0.1,-0.1,3.5
2019-06-01,2019-06,South-East - houses,South-East,Houses,144.5,0.2,-0.6,7.3
2019-06-01,2019-06,South-West - houses,South-West,Houses,143.2,0.5,0.6,2.4
2019-06-01,2019-06,West - houses,West,Houses,160.3,0.2,2.1,8.6
2019-07-01,2019-07,Border - houses,Border,Houses,144.3,1.4,2.8,15.4
2019-07-01,2019-07,Dublin - all residential properties,Dublin,All residential,125.3,0.7,1.1,0.0
2019-07-01,2019-07,Dublin - apartments,Dublin,Apartments,131.2,1.5,2.2,1.1
2019-07-01,2019-07,Dublin - houses,Dublin,Houses,123.7,0.4,0.7,-0.4
2019-07-01,2019-07,Dublin City - houses,Dublin City,Houses,124.9,0.5,-0.2,-1.1
2019-07-01,2019-07,Dun Laoghaire-Rathdown - houses,Dun Laoghaire-Rathdown,Houses,119.4,-0.6,-2.4,-5.8
2019-07-01,2019-07,Fingal - houses,Fingal,Houses,121.4,-0.1,1.3,1.6
2019-07-01,2019-07,Mid-East - houses,Mid-East,Houses,133.1,0.5,1.0,0.4
2019-07-01,2019-07,Mid-West - houses,Mid-West,Houses,151.8,1.8,2.4,4.0
2019-07-01,2019-07,Midland - houses,Midland,Houses,152.0,-1.7,-1.7,3.7
2019-07-01,2019-07,National - all residential properties,National,All residential,135.3,0.8,1.6,2.2
2019-07-01,2019-07,National - apartments,National,Apartments,137.4,0.9,1.2,1.5
2019-07-01,2019-07,National - houses,National,Houses,134.6,0.7,1.4,2.1
2019-07-01,2019-07,National excluding Dublin - all residential properties,National excluding Dublin,All residential,146.2,1.0,2.0,4.4
2019-07-01,2019-07,National excluding Dublin - apartments,National excluding Dublin,Apartments,159.7,0.6,2.2,4.8
2019-07-01,2019-07,National excluding Dublin - houses,National excluding Dublin,Houses,145.0,1.0,2.0,4.4
2019-07-01,2019-07,South Dublin - houses,South Dublin,Houses,122.9,0.4,0.2,2.9
2019-07-01,2019-07,South-East - houses,South-East,Houses,145.6,0.8,0.2,7.7
2019-07-01,2019-07,South-West - houses,South-West,Houses,144.2,0.7,1.3,2.5
2019-07-01,2019-07,West - houses,West,Houses,161.9,1.0,2.1,8.0
2019-08-01,2019-08,Border - houses,Border,Houses,144.4,0.1,1.7,12.8
2019-08-01,2019-08,Dublin - all residential properties,Dublin,All residential,125.8,0.4,1.3,-0.4
2019-08-01,2019-08,Dublin - apartments,Dublin,Apartments,132.1,0.7,2.9,0.8
2019-08-01,2019-08,Dublin - houses,Dublin,Houses,124.1,0.3,0.8,-0.8
2019-08-01,2019-08,Dublin City - houses,Dublin City,Houses,125.5,0.4,1.0,-1.0
2019-08-01,2019-08,Dun Laoghaire-Rathdown - houses,Dun Laoghaire-Rathdown,Houses,119.7,0.3,-1.2,-6.4
2019-08-01,2019-08,Fingal - houses,Fingal,Houses,121.3,-0.1,0.0,2.1
2019-08-01,2019-08,Mid-East - houses,Mid-East,Houses,133.1,0.0,0.8,0.1
2019-08-01,2019-08,Mid-West - houses,Mid-West,Houses,153.9,1.4,4.1,4.1
2019-08-01,2019-08,Midland - houses,Midland,Houses,154.2,1.5,-0.4,5.2
2019-08-01,2019-08,National - all residential properties,National,All residential,135.7,0.3,1.6,1.9
2019-08-01,2019-08,National - apartments,National,Apartments,138.0,0.5,1.8,1.0
2019-08-01,2019-08,National - houses,National,Houses,134.9,0.3,1.4,1.9
2019-08-01,2019-08,National excluding Dublin - all residential properties,National excluding Dublin,All residential,146.5,0.2,1.8,4.3
2019-08-01,2019-08,National excluding Dublin - apartments,National excluding Dublin,Apartments,160.2,0.3,1.8,4.1
2019-08-01,2019-08,National excluding Dublin - houses,National excluding Dublin,Houses,145.3,0.2,1.8,4.2
2019-08-01,2019-08,South Dublin - houses,South Dublin,Houses,122.5,-0.3,0.0,1.3
2019-08-01,2019-08,South-East - houses,South-East,Houses,144.7,-0.6,0.4,5.6
2019-08-01,2019-08,South-West - houses,South-West,Houses,144.6,0.3,1.5,2.8
2019-08-01,2019-08,West - houses,West,Houses,162.7,0.5,1.7,8.1
2019-09-01,2019-09,Border - houses,Border,Houses,146.0,1.1,2.6,11.4
2019-09-01,2019-09,Dublin - all residential properties,Dublin,All residential,125.9,0.1,1.2,-1.1
2019-09-01,2019-09,Dublin - apartments,Dublin,Apartments,131.9,-0.1,2.1,0.0
2019-09-01,2019-09,Dublin - houses,Dublin,Houses,124.4,0.3,1.0,-1.4
2019-09-01,2019-09,Dublin City - houses,Dublin City,Houses,126.3,0.6,1.6,-1.0
2019-09-01,2019-09,Dun Laoghaire-Rathdown - houses,Dun Laoghaire-Rathdown,Houses,119.7,0.0,-0.4,-6.9
2019-09-01,2019-09,Fingal - houses,Fingal,Houses,121.9,0.5,0.4,1.9
2019-09-01,2019-09,Mid-East - houses,Mid-East,Houses,133.4,0.2,0.7,0.0
2019-09-01,2019-09,Mid-West - houses,Mid-West,Houses,156.8,1.9,5.1,4.6
2019-09-01,2019-09,Midland - houses,Midland,Houses,155.5,0.8,0.6,3.8
2019-09-01,2019-09,National - all residential properties,National,All residential,135.9,0.1,1.2,1.1
2019-09-01,2019-09,National - apartments,National,Apartments,138.3,0.2,1.6,0.7
2019-09-01,2019-09,National - houses,National,Houses,135.2,0.2,1.2,1.0
2019-09-01,2019-09,National excluding Dublin - all residential properties,National excluding Dublin,All residential,146.7,0.1,1.3,3.4
2019-09-01,2019-09,National excluding Dublin - apartments,National excluding Dublin,Apartments,161.2,0.6,1.5,4.9
2019-09-01,2019-09,National excluding Dublin - houses,National excluding Dublin,Houses,145.4,0.1,1.3,3.2
2019-09-01,2019-09,South Dublin - houses,South Dublin,Houses,121.6,-0.7,-0.7,-0.1
2019-09-01,2019-09,South-East - houses,South-East,Houses,144.0,-0.5,-0.3,3.6
2019-09-01,2019-09,South-West - houses,South-West,Houses,144.7,0.0,1.0,2.3
2019-09-01,2019-09,West - houses,West,Houses,161.9,-0.5,1.0,5.6
2019-10-01,2019-10,Border - houses,Border,Houses,146.5,0.4,1.6,9.4
2019-10-01,2019-10,Dublin - all residential properties,Dublin,All residential,125.9,0.0,0.4,-1.4
2019-10-01,2019-10,Dublin - apartments,Dublin,Apartments,131.1,-0.6,-0.1,-0.1
2019-10-01,2019-10,Dublin - houses,Dublin,Houses,124.7,0.3,0.9,-1.8
2019-10-01,2019-10,Dublin City - houses,Dublin City,Houses,126.3,0.0,1.1,-1.1
2019-10-01,2019-10,Dun Laoghaire-Rathdown - houses,Dun Laoghaire-Rathdown,Houses,120.6,0.7,1.0,-6.7
2019-10-01,2019-10,Fingal - houses,Fingal,Houses,122.5,0.5,0.9,1.3
2019-10-01,2019-10,Mid-East - houses,Mid-East,Houses,133.8,0.3,0.5,0.2
2019-10-01,2019-10,Mid-West - houses,Mid-West,Houses,156.9,0.1,3.4,4.6
2019-10-01,2019-10,Midland - houses,Midland,Houses,156.4,0.6,2.9,3.2
2019-10-01,2019-10,National - all residential properties,National,All residential,136.0,0.1,0.5,1.0
2019-10-01,2019-10,National - apartments,National,Apartments,138.3,0.0,0.7,0.7
2019-10-01,2019-10,National - houses,National,Houses,135.5,0.2,0.7,0.9
2019-10-01,2019-10,National excluding Dublin - all residential properties,National excluding Dublin,All residential,147.0,0.2,0.6,3.5
2019-10-01,2019-10,National excluding Dublin - apartments,National excluding Dublin,Apartments,162.4,0.7,1.6,5.3
2019-10-01,2019-10,National excluding Dublin - houses,National excluding Dublin,Houses,145.7,0.2,0.5,3.2
2019-10-01,2019-10,South Dublin - houses,South Dublin,Houses,121.4,-0.2,-1.3,-1.0
2019-10-01,2019-10,South-East - houses,South-East,Houses,145.1,0.8,-0.3,3.5
2019-10-01,2019-10,South-West - houses,South-West,Houses,144.8,0.1,0.4,2.3
2019-10-01,2019-10,West - houses,West,Houses,162.5,0.4,0.4,5.4
2019-11-01,2019-11,Border - houses,Border,Houses,146.2,-0.2,1.2,8.7
2019-11-01,2019-11,Dublin - all residential properties,Dublin,All residential,125.6,-0.2,-0.2,-1.0
2019-11-01,2019-11,Dublin - apartments,Dublin,Apartments,129.1,-1.5,-2.2,-1.6
2019-11-01,2019-11,Dublin - houses,Dublin,Houses,125.0,0.2,0.7,-0.7
2019-11-01,2019-11,Dublin City - houses,Dublin City,Houses,126.0,-0.2,0.4,-0.9
2019-11-01,2019-11,Dun Laoghaire-Rathdown - houses,Dun Laoghaire-Rathdown,Houses,121.3,0.6,1.3,-5.9
2019-11-01,2019-11,Fingal - houses,Fingal,Houses,123.7,0.9,1.9,2.6
2019-11-01,2019-11,Mid-East - houses,Mid-East,Houses,133.8,0.0,0.5,0.3
2019-11-01,2019-11,Mid-West - houses,Mid-West,Houses,157.8,0.5,2.5,3.9
2019-11-01,2019-11,Midland - houses,Midland,Houses,157.6,0.8,2.2,4.4
2019-11-01,2019-11,National - all residential properties,National,All residential,135.7,-0.2,0.0,1.1
2019-11-01,2019-11,National - apartments,National,Apartments,137.3,-0.7,-0.5,-0.4
2019-11-01,2019-11,National - houses,National,Houses,135.5,0.0,0.4,1.4
2019-11-01,2019-11,National excluding Dublin - all residential properties,National excluding Dublin,All residential,146.8,-0.2,0.2,3.3
2019-11-01,2019-11,National excluding Dublin - apartments,National excluding Dublin,Apartments,162.1,-0.2,1.2,4.0
2019-11-01,2019-11,National excluding Dublin - houses,National excluding Dublin,Houses,145.5,-0.1,0.2,3.2
2019-11-01,2019-11,South Dublin - houses,South Dublin,Houses,121.4,0.0,-0.9,-1.1
2019-11-01,2019-11,South-East - houses,South-East,Houses,143.6,-1.0,-0.8,1.9
2019-11-01,2019-11,South-West - houses,South-West,Houses,145.5,0.5,0.7,2.6
2019-11-01,2019-11,West - houses,West,Houses,162.4,-0.1,-0.1,5.5
2019-12-01,2019-12,Border - houses,Border,Houses,145.4,-0.6,-0.4,5.9
2019-12-01,2019-12,Dublin - all residential properties,Dublin,All residential,123.6,-1.6,-1.8,-1.7
2019-12-01,2019-12,Dublin - apartments,Dublin,Apartments,124.1,-3.8,-5.9,-4.9
2019-12-01,2019-12,Dublin - houses,Dublin,Houses,124.0,-0.8,-0.3,-0.6
2019-12-01,2019-12,Dublin City - houses,Dublin City,Houses,125.4,-0.5,-0.7,-0.8
2019-12-01,2019-12,Dun Laoghaire-Rathdown - houses,Dun Laoghaire-Rathdown,Houses,120.8,-0.4,0.9,-5.4
2019-12-01,2019-12,Fingal - houses,Fingal,Houses,123.6,-0.1,1.4,2.6
2019-12-01,2019-12,Mid-East - houses,Mid-East,Houses,133.8,0.0,0.3,0.7
2019-12-01,2019-12,Mid-West - houses,Mid-West,Houses,156.3,-1.0,-0.3,4.0
2019-12-01,2019-12,Midland - houses,Midland,Houses,158.4,0.5,1.8,5.1
2019-12-01,2019-12,National - all residential properties,National,All residential,134.2,-1.1,-1.2,0.3
2019-12-01,2019-12,National - apartments,National,Apartments,134.2,-2.3,-3.0,-2.4
2019-12-01,2019-12,National - houses,National,Houses,134.6,-0.7,-0.4,1.0
2019-12-01,2019-12,National excluding Dublin - all residential properties,National excluding Dublin,All residential,145.9,-0.6,-0.6,2.4
2019-12-01,2019-12,National excluding Dublin - apartments,National excluding Dublin,Apartments,160.2,-1.2,-0.6,2.7
2019-12-01,2019-12,National excluding Dublin - houses,National excluding Dublin,Houses,144.7,-0.6,-0.5,2.4
2019-12-01,2019-12,South Dublin - houses,South Dublin,Houses,121.4,0.1,-0.1,-1.5
2019-12-01,2019-12,South-East - houses,South-East,Houses,143.0,-0.4,-0.7,0.8
2019-12-01,2019-12,South-West - houses,South-West,Houses,145.1,-0.3,0.3,1.4
2019-12-01,2019-12,West - houses,West,Houses,162.8,0.2,0.6,4.6
2020-01-01,2020-01,Border - houses,Border,Houses,146.3,0.6,-0.2,7.5
2020-01-01,2020-01,Dublin - all residential properties,Dublin,All residential,124.5,0.7,-1.1,-0.5
2020-01-01,2020-01,Dublin - apartments,Dublin,Apartments,127.2,2.5,-2.9,-1.9
2020-01-01,2020-01,Dublin - houses,Dublin,Houses,124.4,0.3,-0.3,0.2
2020-01-01,2020-01,Dublin City - houses,Dublin City,Houses,124.7,-0.5,-1.2,-1.4
2020-01-01,2020-01,Dun Laoghaire-Rathdown - houses,Dun Laoghaire-Rathdown,Houses,121.4,0.5,0.6,-4.1
2020-01-01,2020-01,Fingal - houses,Fingal,Houses,125.6,1.6,2.5,4.6
2020-01-01,2020-01,Mid-East - houses,Mid-East,Houses,132.6,-0.9,-0.9,0.2
2020-01-01,2020-01,Mid-West - houses,Mid-West,Houses,153.7,-1.7,-2.1,2.2
2020-01-01,2020-01,Midland - houses,Midland,Houses,156.2,-1.4,-0.1,3.6
2020-01-01,2020-01,National - all residential properties,National,All residential,134.4,0.1,-1.2,1.0
2020-01-01,2020-01,National - apartments,National,Apartments,135.7,1.1,-1.9,-0.8
2020-01-01,2020-01,National - houses,National,Houses,134.6,0.0,-0.6,1.5
2020-01-01,2020-01,National excluding Dublin - all residential properties,National excluding Dublin,All residential,145.3,-0.4,-1.2,2.6
2020-01-01,2020-01,National excluding Dublin - apartments,National excluding Dublin,Apartments,156.9,-2.1,-3.4,1.5
2020-01-01,2020-01,National excluding Dublin - houses,National excluding Dublin,Houses,144.3,-0.3,-1.0,2.7
2020-01-01,2020-01,South Dublin - houses,South Dublin,Houses,121.3,-0.1,0.0,-1.4
2020-01-01,2020-01,South-East - houses,South-East,Houses,143.0,0.0,-1.4,0.2
2020-01-01,2020-01,South-West - houses,South-West,Houses,146.6,1.1,1.3,2.5
2020-01-01,2020-01,West - houses,West,Houses,162.7,0.0,0.1,5.9
2020-02-01,2020-02,Border - houses,Border,Houses,147.3,0.7,0.7,7.9
2020-02-01,2020-02,Dublin - all residential properties,Dublin,All residential,124.6,0.1,-0.8,-0.1
2020-02-01,2020-02,Dublin - apartments,Dublin,Apartments,128.4,0.9,-0.6,0.1
2020-02-01,2020-02,Dublin - houses,Dublin,Houses,124.2,-0.1,-0.6,0.2
2020-02-01,2020-02,Dublin City - houses,Dublin City,Houses,124.2,-0.4,-1.4,-1.8
2020-02-01,2020-02,Dun Laoghaire-Rathdown - houses,Dun Laoghaire-Rathdown,Houses,121.1,-0.2,-0.2,-3.2
2020-02-01,2020-02,Fingal - houses,Fingal,Houses,126.1,0.5,2.0,4.5
2020-02-01,2020-02,Mid-East - houses,Mid-East,Houses,131.3,-1.0,-1.8,-0.1
2020-02-01,2020-02,Mid-West - houses,Mid-West,Houses,153.1,-0.3,-3.0,1.8
2020-02-01,2020-02,Midland - houses,Midland,Houses,156.3,0.0,-0.8,3.0
2020-02-01,2020-02,National - all residential properties,National,All residential,134.2,-0.1,-1.1,1.0
2020-02-01,2020-02,National - apartments,National,Apartments,136.3,0.5,-0.7,0.4
2020-02-01,2020-02,National - houses,National,Houses,134.3,-0.2,-0.9,1.3
2020-02-01,2020-02,National excluding Dublin - all residential properties,National excluding Dublin,All residential,144.8,-0.4,-1.4,2.2
2020-02-01,2020-02,National excluding Dublin - apartments,National excluding Dublin,Apartments,155.9,-0.6,-3.8,1.2
2020-02-01,2020-02,National excluding Dublin - houses,National excluding Dublin,Houses,143.8,-0.3,-1.2,2.3
2020-02-01,2020-02,South Dublin - houses,South Dublin,Houses,120.9,-0.3,-0.4,-1.4
2020-02-01,2020-02,South-East - houses,South-East,Houses,142.8,-0.1,-0.6,-1.6
2020-02-01,2020-02,South-West - houses,South-West,Houses,146.4,-0.2,0.6,2.9
2020-02-01,2020-02,West - houses,West,Houses,163.2,0.3,0.5,5.9
2020-03-01,2020-03,Border - houses,Border,Houses,145.3,-1.3,-0.1,4.1
2020-03-01,2020-03,Dublin - all residential properties,Dublin,All residential,124.7,0.1,0.9,0.6
2020-03-01,2020-03,Dublin - apartments,Dublin,Apartments,129.6,0.9,4.4,1.4
2020-03-01,2020-03,Dublin - houses,Dublin,Houses,124.1,-0.2,0.0,0.8
2020-03-01,2020-03,Dublin City - houses,Dublin City,Houses,123.6,-0.5,-1.4,-1.7
2020-03-01,2020-03,Dun Laoghaire-Rathdown - houses,Dun Laoghaire-Rathdown,Houses,121.4,0.2,0.5,-1.6
2020-03-01,2020-03,Fingal - houses,Fingal,Houses,126.0,-0.1,1.9,4.8
2020-03-01,2020-03,Mid-East - houses,Mid-East,Houses,131.8,0.3,-1.5,0.1
2020-03-01,2020-03,Mid-West - houses,Mid-West,Houses,153.1,0.0,-2.0,2.9
2020-03-01,2020-03,Midland - houses,Midland,Houses,153.7,-1.6,-2.9,0.1
2020-03-01,2020-03,National - all residential properties,National,All residential,134.3,0.0,0.0,0.9
2020-03-01,2020-03,National - apartments,National,Apartments,136.9,0.4,2.0,1.0
2020-03-01,2020-03,National - houses,National,Houses,134.2,0.0,-0.3,1.2
2020-03-01,2020-03,National excluding Dublin - all residential properties,National excluding Dublin,All residential,144.7,0.0,-0.8,1.3
2020-03-01,2020-03,National excluding Dublin - apartments,National excluding Dublin,Apartments,154.5,-0.9,-3.6,-0.7
2020-03-01,2020-03,National excluding Dublin - houses,National excluding Dublin,Houses,143.9,0.1,-0.5,1.5
2020-03-01,2020-03,South Dublin - houses,South Dublin,Houses,120.9,0.0,-0.5,-1.4
2020-03-01,2020-03,South-East - houses,South-East,Houses,142.7,-0.1,-0.2,-1.8
2020-03-01,2020-03,South-West - houses,South-West,Houses,146.6,0.1,1.0,2.9
2020-03-01,2020-03,West - houses,West,Houses,165.0,1.1,1.4,5.1
2020-04-01,2020-04,Border - houses,Border,Houses,143.2,-1.4,-2.1,2.0
2020-04-01,2020-04,Dublin - all residential properties,Dublin,All residential,124.2,-0.4,-0.2,0.2
2020-04-01,2020-04,Dublin - apartments,Dublin,Apartments,130.3,0.5,2.4,1.5
2020-04-01,2020-04,Dublin - houses,Dublin,Houses,123.3,-0.6,-0.9,0.4
2020-04-01,2020-04,Dublin City - houses,Dublin City,Houses,123.0,-0.5,-1.4,-1.7
2020-04-01,2020-04,Dun Laoghaire-Rathdown - houses,Dun Laoghaire-Rathdown,Houses,120.4,-0.8,-0.8,-1.6
2020-04-01,2020-04,Fingal - houses,Fingal,Houses,123.8,-1.7,-1.4,3.3
2020-04-01,2020-04,Mid-East - houses,Mid-East,Houses,132.8,0.8,0.1,0.8
2020-04-01,2020-04,Mid-West - houses,Mid-West,Houses,151.4,-1.2,-1.5,2.1
2020-04-01,2020-04,Midland - houses,Midland,Houses,153.9,0.1,-1.5,-0.5
2020-04-01,2020-04,National - all residential properties,National,All residential,134.2,-0.1,-0.2,0.7
2020-04-01,2020-04,National - apartments,National,Apartments,137.7,0.6,1.5,1.5
2020-04-01,2020-04,National - houses,National,Houses,134.0,-0.2,-0.5,0.9
2020-04-01,2020-04,National excluding Dublin - all residential properties,National excluding Dublin,All residential,145.1,0.2,-0.1,1.2
2020-04-01,2020-04,National excluding Dublin - apartments,National excluding Dublin,Apartments,155.6,0.7,-0.8,-0.4
2020-04-01,2020-04,National excluding Dublin - houses,National excluding Dublin,Houses,144.2,0.2,-0.1,1.4
2020-04-01,2020-04,South Dublin - houses,South Dublin,Houses,121.9,0.8,0.5,-0.6
2020-04-01,2020-04,South-East - houses,South-East,Houses,142.0,-0.5,-0.7,-2.2
2020-04-01,2020-04,South-West - houses,South-West,Houses,147.2,0.5,0.4,3.5
2020-04-01,2020-04,West - houses,West,Houses,166.2,0.7,2.1,4.8
2020-05-01,2020-05,Border - houses,Border,Houses,142.9,-0.2,-3.0,0.6
2020-05-01,2020-05,Dublin - all residential properties,Dublin,All residential,123.9,-0.2,-0.6,-0.2
2020-05-01,2020-05,Dublin - apartments,Dublin,Apartments,130.4,0.1,1.6,1.6
2020-05-01,2020-05,Dublin - houses,Dublin,Houses,122.9,-0.3,-1.1,-0.1
2020-05-01,2020-05,Dublin City - houses,Dublin City,Houses,122.6,-0.3,-1.3,-1.4
2020-05-01,2020-05,Dun Laoghaire-Rathdown - houses,Dun Laoghaire-Rathdown,Houses,120.6,0.1,-0.5,-0.5
2020-05-01,2020-05,Fingal - houses,Fingal,Houses,123.2,-0.5,-2.3,1.6
2020-05-01,2020-05,Mid-East - houses,Mid-East,Houses,131.9,-0.7,0.4,-0.1
2020-05-01,2020-05,Mid-West - houses,Mid-West,Houses,149.8,-1.1,-2.2,1.3
2020-05-01,2020-05,Midland - houses,Midland,Houses,153.3,-0.4,-1.9,-1.0
2020-05-01,2020-05,National - all residential properties,National,All residential,134.1,-0.1,-0.1,0.3
2020-05-01,2020-05,National - apartments,National,Apartments,138.1,0.3,1.3,1.8
2020-05-01,2020-05,National - houses,National,Houses,133.8,-0.1,-0.3,0.5
2020-05-01,2020-05,National excluding Dublin - all residential properties,National excluding Dublin,All residential,145.2,0.1,0.3,0.9
2020-05-01,2020-05,National excluding Dublin - apartments,National excluding Dublin,Apartments,156.7,0.7,0.5,-0.4
2020-05-01,2020-05,National excluding Dublin - houses,National excluding Dublin,Houses,144.3,0.1,0.3,1.1
2020-05-01,2020-05,South Dublin - houses,South Dublin,Houses,120.9,-0.8,0.0,-1.4
2020-05-01,2020-05,South-East - houses,South-East,Houses,143.4,1.0,0.4,-0.5
2020-05-01,2020-05,South-West - houses,South-West,Houses,149.2,1.3,1.9,4.7
2020-05-01,2020-05,West - houses,West,Houses,166.9,0.5,2.3,4.3
2020-06-01,2020-06,Border - houses,Border,Houses,140.3,-1.8,-3.4,-1.4
2020-06-01,2020-06,Dublin - all residential properties,Dublin,All residential,123.7,-0.2,-0.8,-0.6
2020-06-01,2020-06,Dublin - apartments,Dublin,Apartments,131.8,1.1,1.8,2.1
2020-06-01,2020-06,Dublin - houses,Dublin,Houses,122.3,-0.5,-1.4,-0.7
2020-06-01,2020-06,Dublin City - houses,Dublin City,Houses,122.5,0.0,-0.9,-1.5
2020-06-01,2020-06,Dun Laoghaire-Rathdown - houses,Dun Laoghaire-Rathdown,Houses,120.6,0.0,-0.7,0.3
2020-06-01,2020-06,Fingal - houses,Fingal,Houses,121.8,-1.2,-3.3,0.2
2020-06-01,2020-06,Mid-East - houses,Mid-East,Houses,132.2,0.3,0.3,-0.2
2020-06-01,2020-06,Mid-West - houses,Mid-West,Houses,149.8,0.0,-2.2,0.5
2020-06-01,2020-06,Midland - houses,Midland,Houses,155.6,1.5,1.2,0.6
2020-06-01,2020-06,National - all residential properties,National,All residential,134.2,0.1,-0.1,0.0
2020-06-01,2020-06,National - apartments,National,Apartments,139.1,0.7,1.6,2.2
2020-06-01,2020-06,National - houses,National,Houses,133.8,0.0,-0.3,0.1
2020-06-01,2020-06,National excluding Dublin - all residential properties,National excluding Dublin,All residential,145.7,0.3,0.6,0.6
2020-06-01,2020-06,National excluding Dublin - apartments,National excluding Dublin,Apartments,156.4,-0.2,1.2,-1.5
2020-06-01,2020-06,National excluding Dublin - houses,National excluding Dublin,Houses,144.8,0.3,0.6,0.8
2020-06-01,2020-06,South Dublin - houses,South Dublin,Houses,119.7,-1.0,-1.0,-2.3
2020-06-01,2020-06,South-East - houses,South-East,Houses,143.3,0.0,0.4,-0.8
2020-06-01,2020-06,South-West - houses,South-West,Houses,151.0,1.3,3.1,5.5
2020-06-01,2020-06,West - houses,West,Houses,166.6,-0.2,1.0,3.9
2020-07-01,2020-07,Border - houses,Border,Houses,141.1,0.6,-1.5,-2.2
2020-07-01,2020-07,Dublin - all residential properties,Dublin,All residential,123.5,-0.2,-0.6,-1.4
2020-07-01,2020-07,Dublin - apartments,Dublin,Apartments,131.6,-0.2,1.0,0.3
2020-07-01,2020-07,Dublin - houses,Dublin,Houses,122.1,-0.2,-1.0,-1.3
2020-07-01,2020-07,Dublin City - houses,Dublin City,Houses,121.4,-0.9,-1.3,-2.8
2020-07-01,2020-07,Dun Laoghaire-Rathdown - houses,Dun Laoghaire-Rathdown,Houses,120.1,-0.4,-0.2,0.6
2020-07-01,2020-07,Fingal - houses,Fingal,Houses,122.5,0.6,-1.0,0.9
2020-07-01,2020-07,Mid-East - houses,Mid-East,Houses,133.4,0.9,0.5,0.2
2020-07-01,2020-07,Mid-West - houses,Mid-West,Houses,152.7,1.9,0.9,0.6
2020-07-01,2020-07,Midland - houses,Midland,Houses,156.4,0.5,1.6,2.9
2020-07-01,2020-07,National - all residential properties,National,All residential,134.4,0.2,0.2,-0.7
2020-07-01,2020-07,National - apartments,National,Apartments,139.6,0.3,1.3,1.6
2020-07-01,2020-07,National - houses,National,Houses,134.0,0.1,0.0,-0.4
2020-07-01,2020-07,National excluding Dublin - all residential properties,National excluding Dublin,All residential,146.3,0.5,0.9,0.1
2020-07-01,2020-07,National excluding Dublin - apartments,National excluding Dublin,Apartments,158.9,1.6,2.1,-0.5
2020-07-01,2020-07,National excluding Dublin - houses,National excluding Dublin,Houses,145.3,0.4,0.8,0.2
2020-07-01,2020-07,South Dublin - houses,South Dublin,Houses,120.2,0.4,-1.4,-2.2
2020-07-01,2020-07,South-East - houses,South-East,Houses,143.2,-0.1,0.9,-1.6
2020-07-01,2020-07,South-West - houses,South-West,Houses,150.7,-0.2,2.3,4.5
2020-07-01,2020-07,West - houses,West,Houses,164.9,-1.0,-0.7,1.9
2020-08-01,2020-08,Border - houses,Border,Houses,138.6,-1.7,-3.0,-4.0
2020-08-01,2020-08,Dublin - all residential properties,Dublin,All residential,123.6,0.0,-0.3,-1.8
2020-08-01,2020-08,Dublin - apartments,Dublin,Apartments,131.6,0.0,0.9,-0.4
2020-08-01,2020-08,Dublin - houses,Dublin,Houses,122.1,0.1,-0.6,-1.6
2020-08-01,2020-08,Dublin City - houses,Dublin City,Houses,120.8,-0.5,-1.4,-3.7
2020-08-01,2020-08,Dun Laoghaire-Rathdown - houses,Dun Laoghaire-Rathdown,Houses,120.1,0.0,-0.4,0.3
2020-08-01,2020-08,Fingal - houses,Fingal,Houses,123.5,0.8,0.2,1.8
2020-08-01,2020-08,Mid-East - houses,Mid-East,Houses,133.9,0.4,1.5,0.6
2020-08-01,2020-08,Mid-West - houses,Mid-West,Houses,150.9,-1.2,0.7,-2.0
2020-08-01,2020-08,Midland - houses,Midland,Houses,159.3,1.8,3.9,3.3
2020-08-01,2020-08,National - all residential properties,National,All residential,134.5,0.0,0.3,-0.9
2020-08-01,2020-08,National - apartments,National,Apartments,139.4,-0.1,1.0,1.0
2020-08-01,2020-08,National - houses,National,Houses,134.1,0.0,0.2,-0.7
2020-08-01,2020-08,National excluding Dublin - all residential properties,National excluding Dublin,All residential,146.4,0.0,0.8,-0.1
2020-08-01,2020-08,National excluding Dublin - apartments,National excluding Dublin,Apartments,158.6,-0.2,1.2,-1.0
2020-08-01,2020-08,National excluding Dublin - houses,National excluding Dublin,Houses,145.4,0.0,0.7,0.1
2020-08-01,2020-08,South Dublin - houses,South Dublin,Houses,120.3,0.1,-0.5,-1.8
2020-08-01,2020-08,South-East - houses,South-East,Houses,144.3,0.7,0.6,-0.3
2020-08-01,2020-08,South-West - houses,South-West,Houses,150.6,-0.1,1.0,4.1
2020-08-01,2020-08,West - houses,West,Houses,164.3,-0.4,-1.6,1.0
2020-09-01,2020-09,Border - houses,Border,Houses,140.0,1.0,-0.2,-4.2
2020-09-01,2020-09,Dublin - all residential properties,Dublin,All residential,123.7,0.1,-0.1,-1.8
2020-09-01,2020-09,Dublin - apartments,Dublin,Apartments,131.0,-0.4,-0.6,-0.7
2020-09-01,2020-09,Dublin - houses,Dublin,Houses,122.4,0.2,0.1,-1.6
2020-09-01,2020-09,Dublin City - houses,Dublin City,Houses,120.7,-0.1,-1.5,-4.4
2020-09-01,2020-09,Dun Laoghaire-Rathdown - houses,Dun Laoghaire-Rathdown,Houses,119.8,-0.3,-0.6,0.1
2020-09-01,2020-09,Fingal - houses,Fingal,Houses,124.2,0.6,2.0,1.9
2020-09-01,2020-09,Mid-East - houses,Mid-East,Houses,135.1,0.9,2.1,1.3
2020-09-01,2020-09,Mid-West - houses,Mid-West,Houses,149.9,-0.6,0.0,-4.4
2020-09-01,2020-09,Midland - houses,Midland,Houses,159.8,0.3,2.7,2.8
2020-09-01,2020-09,National - all residential properties,National,All residential,134.8,0.2,0.4,-0.8
2020-09-01,2020-09,National - apartments,National,Apartments,139.9,0.3,0.6,1.2
2020-09-01,2020-09,National - houses,National,Houses,134.3,0.2,0.4,-0.6
2020-09-01,2020-09,National excluding Dublin - all residential properties,National excluding Dublin,All residential,146.9,0.4,0.9,0.2
2020-09-01,2020-09,National excluding Dublin - apartments,National excluding Dublin,Apartments,162.2,2.3,3.7,0.7
2020-09-01,2020-09,National excluding Dublin - houses,National excluding Dublin,Houses,145.7,0.2,0.6,0.2
2020-09-01,2020-09,South Dublin - houses,South Dublin,Houses,121.3,0.8,1.4,-0.2
2020-09-01,2020-09,South-East - houses,South-East,Houses,146.0,1.2,1.9,1.4
2020-09-01,2020-09,South-West - houses,South-West,Houses,149.6,-0.7,-0.9,3.4
2020-09-01,2020-09,West - houses,West,Houses,163.2,-0.7,-2.0,0.8
2020-10-01,2020-10,Border - houses,Border,Houses,140.9,0.7,-0.1,-3.8
2020-10-01,2020-10,Dublin - all residential properties,Dublin,All residential,124.3,0.5,0.6,-1.3
2020-10-01,2020-10,Dublin - apartments,Dublin,Apartments,131.6,0.4,0.0,0.4
2020-10-01,2020-10,Dublin - houses,Dublin,Houses,123.0,0.5,0.8,-1.4
2020-10-01,2020-10,Dublin City - houses,Dublin City,Houses,121.3,0.5,-0.1,-3.9
2020-10-01,2020-10,Dun Laoghaire-Rathdown - houses,Dun Laoghaire-Rathdown,Houses,119.4,-0.3,-0.6,-1.0
2020-10-01,2020-10,Fingal - houses,Fingal,Houses,124.9,0.6,2.0,2.0
2020-10-01,2020-10,Mid-East - houses,Mid-East,Houses,136.1,0.7,2.0,1.7
2020-10-01,2020-10,Mid-West - houses,Mid-West,Houses,149.3,-0.4,-2.2,-4.9
2020-10-01,2020-10,Midland - houses,Midland,Houses,159.2,-0.4,1.8,1.8
2020-10-01,2020-10,National - all residential properties,National,All residential,135.4,0.4,0.7,-0.5
2020-10-01,2020-10,National - apartments,National,Apartments,140.8,0.6,0.9,1.8
2020-10-01,2020-10,National - houses,National,Houses,134.9,0.4,0.7,-0.4
2020-10-01,2020-10,National excluding Dublin - all residential properties,National excluding Dublin,All residential,147.5,0.4,0.8,0.3
2020-10-01,2020-10,National excluding Dublin - apartments,National excluding Dublin,Apartments,164.0,1.1,3.2,1.0
2020-10-01,2020-10,National excluding Dublin - houses,National excluding Dublin,Houses,146.2,0.3,0.6,0.3
2020-10-01,2020-10,South Dublin - houses,South Dublin,Houses,123.1,1.5,2.5,1.5
2020-10-01,2020-10,South-East - houses,South-East,Houses,146.4,0.3,2.2,0.9
2020-10-01,2020-10,South-West - houses,South-West,Houses,149.0,-0.4,-1.1,3.0
2020-10-01,2020-10,West - houses,West,Houses,165.8,1.6,0.5,2.0
2020-11-01,2020-11,Border - houses,Border,Houses,143.3,1.6,3.4,-2.0
2020-11-01,2020-11,Dublin - all residential properties,Dublin,All residential,124.8,0.5,1.0,-0.6
2020-11-01,2020-11,Dublin - apartments,Dublin,Apartments,130.9,-0.5,-0.5,1.4
2020-11-01,2020-11,Dublin - houses,Dublin,Houses,123.9,0.7,1.4,-0.9
2020-11-01,2020-11,Dublin City - houses,Dublin City,Houses,123.2,1.6,2.0,-2.2
2020-11-01,2020-11,Dun Laoghaire-Rathdown - houses,Dun Laoghaire-Rathdown,Houses,119.8,0.4,-0.2,-1.2
2020-11-01,2020-11,Fingal - houses,Fingal,Houses,124.4,-0.4,0.7,0.6
2020-11-01,2020-11,Mid-East - houses,Mid-East,Houses,137.2,0.8,2.4,2.5
2020-11-01,2020-11,Mid-West - houses,Mid-West,Houses,151.4,1.4,0.4,-4.0
2020-11-01,2020-11,Midland - houses,Midland,Houses,159.5,0.2,0.1,1.2
2020-11-01,2020-11,National - all residential properties,National,All residential,136.2,0.7,1.3,0.4
2020-11-01,2020-11,National - apartments,National,Apartments,140.6,-0.2,0.8,2.4
2020-11-01,2020-11,National - houses,National,Houses,135.9,0.8,1.4,0.3
2020-11-01,2020-11,National excluding Dublin - all residential properties,National excluding Dublin,All residential,148.7,0.8,1.6,1.3
2020-11-01,2020-11,National excluding Dublin - apartments,National excluding Dublin,Apartments,165.2,0.7,4.2,1.9
2020-11-01,2020-11,National excluding Dublin - houses,National excluding Dublin,Houses,147.4,0.8,1.4,1.3
2020-11-01,2020-11,South Dublin - houses,South Dublin,Houses,124.5,1.1,3.5,2.6
2020-11-01,2020-11,South-East - houses,South-East,Houses,147.5,0.8,2.2,2.7
2020-11-01,2020-11,South-West - houses,South-West,Houses,149.9,0.6,-0.5,3.0
2020-11-01,2020-11,West - houses,West,Houses,167.6,1.1,2.0,3.2
2020-12-01,2020-12,Border - houses,Border,Houses,145.3,1.4,3.8,-0.1
2020-12-01,2020-12,Dublin - all residential properties,Dublin,All residential,125.4,0.5,1.4,1.5
2020-12-01,2020-12,Dublin - apartments,Dublin,Apartments,130.6,-0.2,-0.3,5.2
2020-12-01,2020-12,Dublin - houses,Dublin,Houses,124.7,0.6,1.9,0.5
2020-12-01,2020-12,Dublin City - houses,Dublin City,Houses,124.2,0.8,2.9,-0.9
2020-12-01,2020-12,Dun Laoghaire-Rathdown - houses,Dun Laoghaire-Rathdown,Houses,120.9,0.9,0.9,0.1
2020-12-01,2020-12,Fingal - houses,Fingal,Houses,125.0,0.5,0.7,1.2
2020-12-01,2020-12,Mid-East - houses,Mid-East,Houses,138.3,0.9,2.4,3.4
2020-12-01,2020-12,Mid-West - houses,Mid-West,Houses,153.7,1.5,2.5,-1.7
2020-12-01,2020-12,Midland - houses,Midland,Houses,161.1,1.0,0.8,1.8
2020-12-01,2020-12,National - all residential properties,National,All residential,137.2,0.7,1.8,2.2
2020-12-01,2020-12,National - apartments,National,Apartments,140.9,0.3,0.7,5.0
2020-12-01,2020-12,National - houses,National,Houses,137.0,0.8,2.0,1.8
2020-12-01,2020-12,National excluding Dublin - all residential properties,National excluding Dublin,All residential,150.2,1.0,2.2,3.0
2020-12-01,2020-12,National excluding Dublin - apartments,National excluding Dublin,Apartments,167.7,1.5,3.4,4.6
2020-12-01,2020-12,National excluding Dublin - houses,National excluding Dublin,Houses,148.8,0.9,2.1,2.8
2020-12-01,2020-12,South Dublin - houses,South Dublin,Houses,124.9,0.3,2.9,2.8
2020-12-01,2020-12,South-East - houses,South-East,Houses,149.5,1.4,2.4,4.6
2020-12-01,2020-12,South-West - houses,South-West,Houses,150.3,0.3,0.4,3.6
2020-12-01,2020-12,West - houses,West,Houses,169.9,1.4,4.1,4.4
2021-01-01,2021-01,Border - houses,Border,Houses,148.1,1.9,5.1,1.2
2021-01-01,2021-01,Dublin - all residential properties,Dublin,All residential,125.7,0.2,1.1,0.9
2021-01-01,2021-01,Dublin - apartments,Dublin,Apartments,129.8,-0.7,-1.4,2.0
2021-01-01,2021-01,Dublin - houses,Dublin,Houses,125.2,0.4,1.8,0.6
2021-01-01,2021-01,Dublin City - houses,Dublin City,Houses,124.6,0.3,2.7,-0.1
2021-01-01,2021-01,Dun Laoghaire-Rathdown - houses,Dun Laoghaire-Rathdown,Houses,122.4,1.3,2.5,0.9
2021-01-01,2021-01,Fingal - houses,Fingal,Houses,124.7,-0.2,-0.2,-0.7
2021-01-01,2021-01,Mid-East - houses,Mid-East,Houses,138.0,-0.2,1.4,4.1
2021-01-01,2021-01,Mid-West - houses,Mid-West,Houses,153.8,0.1,3.0,0.1
2021-01-01,2021-01,Midland - houses,Midland,Houses,161.2,0.0,1.2,3.2
2021-01-01,2021-01,National - all residential properties,National,All residential,137.8,0.4,1.8,2.5
2021-01-01,2021-01,National - apartments,National,Apartments,140.2,-0.5,-0.4,3.3
2021-01-01,2021-01,National - houses,National,Houses,137.7,0.5,2.1,2.3
2021-01-01,2021-01,National excluding Dublin - all residential properties,National excluding Dublin,All residential,151.0,0.5,2.4,3.9
2021-01-01,2021-01,National excluding Dublin - apartments,National excluding Dublin,Apartments,167.4,-0.1,2.1,6.7
2021-01-01,2021-01,National excluding Dublin - houses,National excluding Dublin,Houses,149.6,0.6,2.4,3.7
2021-01-01,2021-01,South Dublin - houses,South Dublin,Houses,125.1,0.2,1.6,3.1
2021-01-01,2021-01,South-East - houses,South-East,Houses,150.8,0.8,3.0,5.4
2021-01-01,2021-01,South-West - houses,South-West,Houses,152.4,1.4,2.3,3.9
2021-01-01,2021-01,West - houses,West,Houses,171.5,0.9,3.4,5.4
2021-02-01,2021-02,Border - houses,Border,Houses,147.9,-0.1,3.2,0.4
2021-02-01,2021-02,Dublin - all residential properties,Dublin,All residential,126.4,0.6,1.3,1.4
2021-02-01,2021-02,Dublin - apartments,Dublin,Apartments,129.8,0.1,-0.8,1.1
2021-02-01,2021-02,Dublin - houses,Dublin,Houses,126.1,0.7,1.8,1.5
2021-02-01,2021-02,Dublin City - houses,Dublin City,Houses,126.2,1.3,2.4,1.6
2021-02-01,2021-02,Dun Laoghaire-Rathdown - houses,Dun Laoghaire-Rathdown,Houses,123.1,0.5,2.7,1.6
2021-02-01,2021-02,Fingal - houses,Fingal,Houses,125.6,0.7,1.0,-0.4
2021-02-01,2021-02,Mid-East - houses,Mid-East,Houses,138.3,0.2,0.8,5.3
2021-02-01,2021-02,Mid-West - houses,Mid-West,Houses,154.7,0.6,2.1,1.0
2021-02-01,2021-02,Midland - houses,Midland,Houses,163.5,1.5,2.5,4.7
2021-02-01,2021-02,National - all residential properties,National,All residential,138.3,0.4,1.5,3.0
2021-02-01,2021-02,National - apartments,National,Apartments,140.6,0.3,0.0,3.1
2021-02-01,2021-02,National - houses,National,Houses,138.2,0.4,1.7,3.0
2021-02-01,2021-02,National excluding Dublin - all residential properties,National excluding Dublin,All residential,151.2,0.2,1.7,4.5
2021-02-01,2021-02,National excluding Dublin - apartments,National excluding Dublin,Apartments,168.7,0.8,2.1,8.3
2021-02-01,2021-02,National excluding Dublin - houses,National excluding Dublin,Houses,149.8,0.1,1.6,4.2
2021-02-01,2021-02,South Dublin - houses,South Dublin,Houses,124.9,-0.2,0.3,3.3
2021-02-01,2021-02,South-East - houses,South-East,Houses,151.9,0.7,2.9,6.3
2021-02-01,2021-02,South-West - houses,South-West,Houses,151.1,-0.8,0.8,3.2
2021-02-01,2021-02,West - houses,West,Houses,171.9,0.2,2.6,5.3
2021-03-01,2021-03,Border - houses,Border,Houses,151.1,2.1,4.0,4.0
2021-03-01,2021-03,Dublin - all residential properties,Dublin,All residential,127.6,0.9,1.7,2.3
2021-03-01,2021-03,Dublin - apartments,Dublin,Apartments,130.2,0.3,-0.3,0.5
2021-03-01,2021-03,Dublin - houses,Dublin,Houses,127.4,1.1,2.2,2.7
2021-03-01,2021-03,Dublin City - houses,Dublin City,Houses,127.7,1.2,2.8,3.3
2021-03-01,2021-03,Dun Laoghaire-Rathdown - houses,Dun Laoghaire-Rathdown,Houses,124.6,1.3,3.1,2.6
2021-03-01,2021-03,Fingal - houses,Fingal,Houses,127.0,1.2,1.6,0.8
2021-03-01,2021-03,Mid-East - houses,Mid-East,Houses,139.2,0.7,0.6,5.6
2021-03-01,2021-03,Mid-West - houses,Mid-West,Houses,154.3,-0.2,0.4,0.8
2021-03-01,2021-03,Midland - houses,Midland,Houses,164.6,0.7,2.2,7.1
2021-03-01,2021-03,National - all residential properties,National,All residential,139.0,0.5,1.3,3.5
2021-03-01,2021-03,National - apartments,National,Apartments,141.3,0.5,0.2,3.2
2021-03-01,2021-03,National - houses,National,Houses,139.0,0.5,1.4,3.5
2021-03-01,2021-03,National excluding Dublin - all residential properties,National excluding Dublin,All residential,151.5,0.2,0.9,4.7
2021-03-01,2021-03,National excluding Dublin - apartments,National excluding Dublin,Apartments,170.2,0.9,1.5,10.2
2021-03-01,2021-03,National excluding Dublin - houses,National excluding Dublin,Houses,150.1,0.2,0.9,4.3
2021-03-01,2021-03,South Dublin - houses,South Dublin,Houses,125.3,0.4,0.4,3.7
2021-03-01,2021-03,South-East - houses,South-East,Houses,150.8,-0.7,0.8,5.6
2021-03-01,2021-03,South-West - houses,South-West,Houses,149.9,-0.8,-0.2,2.3
2021-03-01,2021-03,West - houses,West,Houses,172.5,0.4,1.5,4.5
2021-04-01,2021-04,Border - houses,Border,Houses,154.6,2.3,4.4,8.0
2021-04-01,2021-04,Dublin - all residential properties,Dublin,All residential,128.8,1.0,2.5,3.7
2021-04-01,2021-04,Dublin - apartments,Dublin,Apartments,131.1,0.7,1.0,0.6
2021-04-01,2021-04,Dublin - houses,Dublin,Houses,128.7,1.0,2.8,4.4
2021-04-01,2021-04,Dublin City - houses,Dublin City,Houses,129.1,1.1,3.6,4.9
2021-04-01,2021-04,Dun Laoghaire-Rathdown - houses,Dun Laoghaire-Rathdown,Houses,126.5,1.5,3.3,5.0
2021-04-01,2021-04,Fingal - houses,Fingal,Houses,127.5,0.4,2.3,3.0
2021-04-01,2021-04,Mid-East - houses,Mid-East,Houses,140.1,0.6,1.5,5.5
2021-04-01,2021-04,Mid-West - houses,Mid-West,Houses,157.6,2.1,2.5,4.1
2021-04-01,2021-04,Midland - houses,Midland,Houses,165.8,0.7,2.9,7.8
2021-04-01,2021-04,National - all residential properties,National,All residential,140.2,0.9,1.8,4.5
2021-04-01,2021-04,National - apartments,National,Apartments,142.8,1.1,1.8,3.7
2021-04-01,2021-04,National - houses,National,Houses,140.2,0.9,1.8,4.6
2021-04-01,2021-04,National excluding Dublin - all residential properties,National excluding Dublin,All residential,152.8,0.8,1.2,5.3
2021-04-01,2021-04,National excluding Dublin - apartments,National excluding Dublin,Apartments,173.8,2.1,3.8,11.7
2021-04-01,2021-04,National excluding Dublin - houses,National excluding Dublin,Houses,151.2,0.8,1.0,4.9
2021-04-01,2021-04,South Dublin - houses,South Dublin,Houses,126.6,1.0,1.2,3.9
2021-04-01,2021-04,South-East - houses,South-East,Houses,151.0,0.1,0.1,6.3
2021-04-01,2021-04,South-West - houses,South-West,Houses,150.2,0.2,-1.5,2.0
2021-04-01,2021-04,West - houses,West,Houses,173.7,0.7,1.3,4.5
2021-05-01,2021-05,Border - houses,Border,Houses,156.6,1.3,5.9,9.6
2021-05-01,2021-05,Dublin - all residential properties,Dublin,All residential,129.9,0.8,2.7,4.8
2021-05-01,2021-05,Dublin - apartments,Dublin,Apartments,132.1,0.8,1.7,1.3
2021-05-01,2021-05,Dublin - houses,Dublin,Houses,129.8,0.9,3.0,5.6
2021-05-01,2021-05,Dublin City - houses,Dublin City,Houses,129.5,0.3,2.6,5.7
2021-05-01,2021-05,Dun Laoghaire-Rathdown - houses,Dun Laoghaire-Rathdown,Houses,128.2,1.4,4.2,6.3
2021-05-01,2021-05,Fingal - houses,Fingal,Houses,127.8,0.2,1.8,3.7
2021-05-01,2021-05,Mid-East - houses,Mid-East,Houses,140.5,0.3,1.6,6.5
2021-05-01,2021-05,Mid-West - houses,Mid-West,Houses,160.8,2.0,4.0,7.4
2021-05-01,2021-05,Midland - houses,Midland,Houses,166.8,0.6,2.0,8.8
2021-05-01,2021-05,National - all residential properties,National,All residential,141.3,0.8,2.2,5.4
2021-05-01,2021-05,National - apartments,National,Apartments,144.7,1.3,2.9,4.8
2021-05-01,2021-05,National - houses,National,Houses,141.2,0.7,2.2,5.5
2021-05-01,2021-05,National excluding Dublin - all residential properties,National excluding Dublin,All residential,154.0,0.8,1.8,6.0
2021-05-01,2021-05,National excluding Dublin - apartments,National excluding Dublin,Apartments,178.3,2.6,5.6,13.8
2021-05-01,2021-05,National excluding Dublin - houses,National excluding Dublin,Houses,152.2,0.7,1.6,5.5
2021-05-01,2021-05,South Dublin - houses,South Dublin,Houses,128.9,1.9,3.3,6.6
2021-05-01,2021-05,South-East - houses,South-East,Houses,151.9,0.6,0.0,5.9
2021-05-01,2021-05,South-West - houses,South-West,Houses,150.6,0.3,-0.4,0.9
2021-05-01,2021-05,West - houses,West,Houses,175.4,1.0,2.1,5.1
2021-06-01,2021-06,Border - houses,Border,Houses,159.3,1.7,5.4,13.5
2021-06-01,2021-06,Dublin - all residential properties,Dublin,All residential,131.6,1.3,3.1,6.3
2021-06-01,2021-06,Dublin - apartments,Dublin,Apartments,134.6,1.9,3.4,2.1
2021-06-01,2021-06,Dublin - houses,Dublin,Houses,131.3,1.1,3.0,7.4
2021-06-01,2021-06,Dublin City - houses,Dublin City,Houses,131.1,1.2,2.7,7.0
2021-06-01,2021-06,Dun Laoghaire-Rathdown - houses,Dun Laoghaire-Rathdown,Houses,130.0,1.4,4.3,7.8
2021-06-01,2021-06,Fingal - houses,Fingal,Houses,128.6,0.6,1.2,5.6
2021-06-01,2021-06,Mid-East - houses,Mid-East,Houses,142.1,1.1,2.1,7.4
2021-06-01,2021-06,Mid-West - houses,Mid-West,Houses,161.9,0.7,4.9,8.0
2021-06-01,2021-06,Midland - houses,Midland,Houses,170.7,2.3,3.7,9.7
2021-06-01,2021-06,National - all residential properties,National,All residential,143.4,1.4,3.2,6.8
2021-06-01,2021-06,National - apartments,National,Apartments,146.9,1.5,4.0,5.6
2021-06-01,2021-06,National - houses,National,Houses,143.2,1.4,3.1,7.0
2021-06-01,2021-06,National excluding Dublin - all residential properties,National excluding Dublin,All residential,156.4,1.6,3.2,7.4
2021-06-01,2021-06,National excluding Dublin - apartments,National excluding Dublin,Apartments,179.2,0.5,5.2,14.6
2021-06-01,2021-06,National excluding Dublin - houses,National excluding Dublin,Houses,154.7,1.6,3.1,6.8
2021-06-01,2021-06,South Dublin - houses,South Dublin,Houses,130.6,1.3,4.2,9.1
2021-06-01,2021-06,South-East - houses,South-East,Houses,155.5,2.4,3.1,8.5
2021-06-01,2021-06,South-West - houses,South-West,Houses,155.5,3.3,3.7,2.9
2021-06-01,2021-06,West - houses,West,Houses,174.9,-0.3,1.4,5.0
2021-07-01,2021-07,Border - houses,Border,Houses,163.2,2.5,5.6,15.7
2021-07-01,2021-07,Dublin - all residential properties,Dublin,All residential,133.5,1.5,3.7,8.1
2021-07-01,2021-07,Dublin - apartments,Dublin,Apartments,136.9,1.7,4.5,4.0
2021-07-01,2021-07,Dublin - houses,Dublin,Houses,133.2,1.5,3.5,9.1
2021-07-01,2021-07,Dublin City - houses,Dublin City,Houses,132.8,1.3,2.9,9.4
2021-07-01,2021-07,Dun Laoghaire-Rathdown - houses,Dun Laoghaire-Rathdown,Houses,131.8,1.4,4.2,9.7
2021-07-01,2021-07,Fingal - houses,Fingal,Houses,129.9,1.1,1.9,6.1
2021-07-01,2021-07,Mid-East - houses,Mid-East,Houses,144.1,1.4,2.9,8.0
2021-07-01,2021-07,Mid-West - houses,Mid-West,Houses,165.9,2.4,5.2,8.6
2021-07-01,2021-07,Midland - houses,Midland,Houses,173.7,1.7,4.7,11.0
2021-07-01,2021-07,National - all residential properties,National,All residential,145.8,1.7,4.0,8.5
2021-07-01,2021-07,National - apartments,National,Apartments,149.3,1.7,4.6,7.0
2021-07-01,2021-07,National - houses,National,Houses,145.7,1.7,3.9,8.7
2021-07-01,2021-07,National excluding Dublin - all residential properties,National excluding Dublin,All residential,159.3,1.9,4.3,8.9
2021-07-01,2021-07,National excluding Dublin - apartments,National excluding Dublin,Apartments,182.1,1.7,4.8,14.6
2021-07-01,2021-07,National excluding Dublin - houses,National excluding Dublin,Houses,157.6,1.9,4.3,8.5
2021-07-01,2021-07,South Dublin - houses,South Dublin,Houses,133.7,2.3,5.6,11.2
2021-07-01,2021-07,South-East - houses,South-East,Houses,158.6,2.1,5.1,10.8
2021-07-01,2021-07,South-West - houses,South-West,Houses,158.5,1.9,5.6,5.2
2021-07-01,2021-07,West - houses,West,Houses,178.8,2.2,2.9,8.4
2021-08-01,2021-08,Border - houses,Border,Houses,167.9,2.9,7.2,21.1
2021-08-01,2021-08,Dublin - all residential properties,Dublin,All residential,136.3,2.1,4.9,10.3
2021-08-01,2021-08,Dublin - apartments,Dublin,Apartments,139.2,1.7,5.4,5.8
2021-08-01,2021-08,Dublin - houses,Dublin,Houses,136.1,2.2,4.8,11.4
2021-08-01,2021-08,Dublin City - houses,Dublin City,Houses,135.5,2.0,4.6,12.2
2021-08-01,2021-08,Dun Laoghaire-Rathdown - houses,Dun Laoghaire-Rathdown,Houses,134.7,2.2,5.1,12.1
2021-08-01,2021-08,Fingal - houses,Fingal,Houses,133.5,2.8,4.5,8.2
2021-08-01,2021-08,Mid-East - houses,Mid-East,Houses,146.8,1.9,4.5,9.7
2021-08-01,2021-08,Mid-West - houses,Mid-West,Houses,168.6,1.6,4.8,11.7
2021-08-01,2021-08,Midland - houses,Midland,Houses,177.2,2.1,6.2,11.3
2021-08-01,2021-08,National - all residential properties,National,All residential,149.1,2.2,5.5,10.9
2021-08-01,2021-08,National - apartments,National,Apartments,151.5,1.5,4.7,8.7
2021-08-01,2021-08,National - houses,National,Houses,149.1,2.3,5.6,11.2
2021-08-01,2021-08,National excluding Dublin - all residential properties,National excluding Dublin,All residential,163.1,2.4,5.9,11.4
2021-08-01,2021-08,National excluding Dublin - apartments,National excluding Dublin,Apartments,184.1,1.1,3.3,16.1
2021-08-01,2021-08,National excluding Dublin - houses,National excluding Dublin,Houses,161.5,2.4,6.1,11.1
2021-08-01,2021-08,South Dublin - houses,South Dublin,Houses,135.8,1.6,5.3,12.9
2021-08-01,2021-08,South-East - houses,South-East,Houses,165.7,4.4,9.1,14.9
2021-08-01,2021-08,South-West - houses,South-West,Houses,162.9,2.8,8.2,8.2
2021-08-01,2021-08,West - houses,West,Houses,182.3,2.0,3.9,10.9
2021-09-01,2021-09,Border - houses,Border,Houses,172.0,2.5,8.0,22.9
2021-09-01,2021-09,Dublin - all residential properties,Dublin,All residential,138.1,1.3,5.0,11.7
2021-09-01,2021-09,Dublin - apartments,Dublin,Apartments,141.3,1.5,5.0,7.9
2021-09-01,2021-09,Dublin - houses,Dublin,Houses,137.8,1.3,5.0,12.6
2021-09-01,2021-09,Dublin City - houses,Dublin City,Houses,137.8,1.7,5.2,14.2
2021-09-01,2021-09,Dun Laoghaire-Rathdown - houses,Dun Laoghaire-Rathdown,Houses,135.6,0.6,4.3,13.2
2021-09-01,2021-09,Fingal - houses,Fingal,Houses,135.7,1.6,5.5,9.3
2021-09-01,2021-09,Mid-East - houses,Mid-East,Houses,149.2,1.6,5.0,10.5
2021-09-01,2021-09,Mid-West - houses,Mid-West,Houses,169.6,0.6,4.7,13.1
2021-09-01,2021-09,Midland - houses,Midland,Houses,179.4,1.2,5.1,12.3
2021-09-01,2021-09,National - all residential properties,National,All residential,151.5,1.6,5.7,12.4
2021-09-01,2021-09,National - apartments,National,Apartments,153.7,1.4,4.6,9.8
2021-09-01,2021-09,National - houses,National,Houses,151.5,1.6,5.8,12.8
2021-09-01,2021-09,National excluding Dublin - all residential properties,National excluding Dublin,All residential,166.1,1.8,6.2,13.1
2021-09-01,2021-09,National excluding Dublin - apartments,National excluding Dublin,Apartments,186.1,1.1,3.9,14.8
2021-09-01,2021-09,National excluding Dublin - houses,National excluding Dublin,Houses,164.5,1.9,6.4,12.9
2021-09-01,2021-09,South Dublin - houses,South Dublin,Houses,137.2,1.0,5.0,13.1
2021-09-01,2021-09,South-East - houses,South-East,Houses,170.6,3.0,9.7,16.8
2021-09-01,2021-09,South-West - houses,South-West,Houses,166.8,2.3,7.2,11.5
2021-09-01,2021-09,West - houses,West,Houses,185.8,1.9,6.2,13.8
2021-10-01,2021-10,Border - houses,Border,Houses,173.9,1.1,6.6,23.4
2021-10-01,2021-10,Dublin - all residential properties,Dublin,All residential,139.3,0.9,4.4,12.1
2021-10-01,2021-10,Dublin - apartments,Dublin,Apartments,142.0,0.5,3.8,7.9
2021-10-01,2021-10,Dublin - houses,Dublin,Houses,139.2,1.0,4.5,13.1
2021-10-01,2021-10,Dublin City - houses,Dublin City,Houses,139.9,1.5,5.4,15.3
2021-10-01,2021-10,Dun Laoghaire-Rathdown - houses,Dun Laoghaire-Rathdown,Houses,137.2,1.2,4.1,14.9
2021-10-01,2021-10,Fingal - houses,Fingal,Houses,136.1,0.4,4.8,9.0
2021-10-01,2021-10,Mid-East - houses,Mid-East,Houses,151.7,1.7,5.3,11.5
2021-10-01,2021-10,Mid-West - houses,Mid-West,Houses,171.2,1.0,3.2,14.7
2021-10-01,2021-10,Midland - houses,Midland,Houses,181.8,1.3,4.7,14.2
2021-10-01,2021-10,National - all residential properties,National,All residential,153.3,1.2,5.1,13.3
2021-10-01,2021-10,National - apartments,National,Apartments,155.0,0.9,3.8,10.1
2021-10-01,2021-10,National - houses,National,Houses,153.4,1.2,5.3,13.7
2021-10-01,2021-10,National excluding Dublin - all residential properties,National excluding Dublin,All residential,168.5,1.5,5.8,14.3
2021-10-01,2021-10,National excluding Dublin - apartments,National excluding Dublin,Apartments,189.4,1.7,4.0,15.5
2021-10-01,2021-10,National excluding Dublin - houses,National excluding Dublin,Houses,166.9,1.4,5.9,14.2
2021-10-01,2021-10,South Dublin - houses,South Dublin,Houses,137.7,0.4,3.0,11.9
2021-10-01,2021-10,South-East - houses,South-East,Houses,174.1,2.1,9.7,18.9
2021-10-01,2021-10,South-West - houses,South-West,Houses,168.7,1.2,6.4,13.2
2021-10-01,2021-10,West - houses,West,Houses,188.2,1.3,5.3,13.5
2021-11-01,2021-11,Border - houses,Border,Houses,176.7,1.6,5.3,23.3
2021-11-01,2021-11,Dublin - all residential properties,Dublin,All residential,140.7,1.0,3.2,12.7
2021-11-01,2021-11,Dublin - apartments,Dublin,Apartments,143.9,1.3,3.4,9.9
2021-11-01,2021-11,Dublin - houses,Dublin,Houses,140.4,0.9,3.2,13.3
2021-11-01,2021-11,Dublin City - houses,Dublin City,Houses,141.5,1.1,4.4,14.8
2021-11-01,2021-11,Dun Laoghaire-Rathdown - houses,Dun Laoghaire-Rathdown,Houses,138.4,0.8,2.7,15.5
2021-11-01,2021-11,Fingal - houses,Fingal,Houses,137.8,1.2,3.1,10.8
2021-11-01,2021-11,Mid-East - houses,Mid-East,Houses,154.5,1.8,5.2,12.6
2021-11-01,2021-11,Mid-West - houses,Mid-West,Houses,171.5,0.1,1.7,13.2
2021-11-01,2021-11,Midland - houses,Midland,Houses,186.6,2.6,5.3,17.0
2021-11-01,2021-11,National - all residential properties,National,All residential,155.3,1.3,4.1,14.0
2021-11-01,2021-11,National - apartments,National,Apartments,157.5,1.6,3.9,12.0
2021-11-01,2021-11,National - houses,National,Houses,155.3,1.2,4.2,14.2
2021-11-01,2021-11,National excluding Dublin - all residential properties,National excluding Dublin,All residential,171.0,1.5,4.9,15.0
2021-11-01,2021-11,National excluding Dublin - apartments,National excluding Dublin,Apartments,193.7,2.3,5.2,17.2
2021-11-01,2021-11,National excluding Dublin - houses,National excluding Dublin,Houses,169.3,1.5,4.9,14.9
2021-11-01,2021-11,South Dublin - houses,South Dublin,Houses,137.9,0.1,1.6,10.8
2021-11-01,2021-11,South-East - houses,South-East,Houses,176.7,1.5,6.6,19.8
2021-11-01,2021-11,South-West - houses,South-West,Houses,171.0,1.4,5.0,14.1
2021-11-01,2021-11,West - houses,West,Houses,190.1,1.0,4.3,13.4
2021-12-01,2021-12,Border - houses,Border,Houses,179.5,1.6,4.3,23.5
2021-12-01,2021-12,Dublin - all residential properties,Dublin,All residential,141.5,0.6,2.5,12.9
2021-12-01,2021-12,Dublin - apartments,Dublin,Apartments,144.9,0.7,2.5,10.9
2021-12-01,2021-12,Dublin - houses,Dublin,Houses,141.2,0.6,2.5,13.3
2021-12-01,2021-12,Dublin City - houses,Dublin City,Houses,142.3,0.6,3.2,14.6
2021-12-01,2021-12,Dun Laoghaire-Rathdown - houses,Dun Laoghaire-Rathdown,Houses,138.4,0.0,2.1,14.5
2021-12-01,2021-12,Fingal - houses,Fingal,Houses,139.2,1.0,2.6,11.3
2021-12-01,2021-12,Mid-East - houses,Mid-East,Houses,157.2,1.8,5.4,13.6
2021-12-01,2021-12,Mid-West - houses,Mid-West,Houses,172.0,0.3,1.4,11.9
2021-12-01,2021-12,Midland - houses,Midland,Houses,189.3,1.4,5.5,17.5
2021-12-01,2021-12,National - all residential properties,National,All residential,156.7,0.9,3.4,14.2
2021-12-01,2021-12,National - apartments,National,Apartments,158.8,0.8,3.3,12.7
2021-12-01,2021-12,National - houses,National,Houses,156.7,0.9,3.4,14.4
2021-12-01,2021-12,National excluding Dublin - all residential properties,National excluding Dublin,All residential,173.1,1.2,4.2,15.2
2021-12-01,2021-12,National excluding Dublin - apartments,National excluding Dublin,Apartments,195.9,1.1,5.3,16.9
2021-12-01,2021-12,National excluding Dublin - houses,National excluding Dublin,Houses,171.3,1.2,4.1,15.1
2021-12-01,2021-12,South Dublin - houses,South Dublin,Houses,139.2,0.9,1.5,11.5
2021-12-01,2021-12,South-East - houses,South-East,Houses,177.5,0.4,4.0,18.7
2021-12-01,2021-12,South-West - houses,South-West,Houses,172.1,0.6,3.2,14.5
2021-12-01,2021-12,West - houses,West,Houses,193.6,1.8,4.2,13.9
2022-01-01,2022-01,Border - houses,Border,Houses,183.8,2.4,5.7,24.1
2022-01-01,2022-01,Dublin - all residential properties,Dublin,All residential,142.2,0.5,2.1,13.2
2022-01-01,2022-01,Dublin - apartments,Dublin,Apartments,145.8,0.7,2.7,12.4
2022-01-01,2022-01,Dublin - houses,Dublin,Houses,141.9,0.5,1.9,13.3
2022-01-01,2022-01,Dublin City - houses,Dublin City,Houses,143.1,0.6,2.3,14.9
2022-01-01,2022-01,Dun Laoghaire-Rathdown - houses,Dun Laoghaire-Rathdown,Houses,138.3,-0.1,0.8,12.9
2022-01-01,2022-01,Fingal - houses,Fingal,Houses,140.5,1.0,3.2,12.7
2022-01-01,2022-01,Mid-East - houses,Mid-East,Houses,158.3,0.7,4.4,14.7
2022-01-01,2022-01,Mid-West - houses,Mid-West,Houses,176.6,2.7,3.2,14.9
2022-01-01,2022-01,Midland - houses,Midland,Houses,191.5,1.2,5.3,18.8
2022-01-01,2022-01,National - all residential properties,National,All residential,158.1,0.9,3.1,14.8
2022-01-01,2022-01,National - apartments,National,Apartments,159.7,0.5,3.0,13.9
2022-01-01,2022-01,National - houses,National,Houses,158.2,0.9,3.1,14.9
2022-01-01,2022-01,National excluding Dublin - all residential properties,National excluding Dublin,All residential,175.2,1.2,4.0,16.0
2022-01-01,2022-01,National excluding Dublin - apartments,National excluding Dublin,Apartments,196.5,0.3,3.8,17.4
2022-01-01,2022-01,National excluding Dublin - houses,National excluding Dublin,Houses,173.5,1.3,4.0,16.0
2022-01-01,2022-01,South Dublin - houses,South Dublin,Houses,139.8,0.5,1.5,11.8
2022-01-01,2022-01,South-East - houses,South-East,Houses,178.4,0.6,2.5,18.3
2022-01-01,2022-01,South-West - houses,South-West,Houses,172.9,0.5,2.5,13.5
2022-01-01,2022-01,West - houses,West,Houses,199.8,3.2,6.2,16.5
2022-02-01,2022-02,Border - houses,Border,Houses,187.1,1.8,5.9,26.5
2022-02-01,2022-02,Dublin - all residential properties,Dublin,All residential,143.1,0.6,1.7,13.2
2022-02-01,2022-02,Dublin - apartments,Dublin,Apartments,146.3,0.3,1.7,12.7
2022-02-01,2022-02,Dublin - houses,Dublin,Houses,142.9,0.7,1.8,13.3
2022-02-01,2022-02,Dublin City - houses,Dublin City,Houses,144.4,0.9,2.1,14.4
2022-02-01,2022-02,Dun Laoghaire-Rathdown - houses,Dun Laoghaire-Rathdown,Houses,139.7,1.0,0.9,13.5
2022-02-01,2022-02,Fingal - houses,Fingal,Houses,141.8,0.9,2.9,12.9
2022-02-01,2022-02,Mid-East - houses,Mid-East,Houses,159.1,0.5,3.0,15.0
2022-02-01,2022-02,Mid-West - houses,Mid-West,Houses,178.2,0.9,3.9,15.2
2022-02-01,2022-02,Midland - houses,Midland,Houses,193.4,1.0,3.7,18.2
2022-02-01,2022-02,National - all residential properties,National,All residential,159.1,0.7,2.5,15.1
2022-02-01,2022-02,National - apartments,National,Apartments,160.7,0.7,2.0,14.3
2022-02-01,2022-02,National - houses,National,Houses,159.3,0.7,2.6,15.2
2022-02-01,2022-02,National excluding Dublin - all residential properties,National excluding Dublin,All residential,176.3,0.7,3.1,16.6
2022-02-01,2022-02,National excluding Dublin - apartments,National excluding Dublin,Apartments,199.3,1.4,2.9,18.1
2022-02-01,2022-02,National excluding Dublin - houses,National excluding Dublin,Houses,174.6,0.6,3.1,16.5
2022-02-01,2022-02,South Dublin - houses,South Dublin,Houses,139.2,-0.5,0.9,11.5
2022-02-01,2022-02,South-East - houses,South-East,Houses,180.2,1.0,2.0,18.7
2022-02-01,2022-02,South-West - houses,South-West,Houses,173.1,0.1,1.2,14.5
2022-02-01,2022-02,West - houses,West,Houses,200.5,0.4,5.5,16.7
2022-03-01,2022-03,Border - houses,Border,Houses,188.7,0.8,5.1,24.9
2022-03-01,2022-03,Dublin - all residential properties,Dublin,All residential,143.6,0.3,1.5,12.6
2022-03-01,2022-03,Dublin - apartments,Dublin,Apartments,147.2,0.6,1.6,13.0
2022-03-01,2022-03,Dublin - houses,Dublin,Houses,143.3,0.3,1.5,12.5
2022-03-01,2022-03,Dublin City - houses,Dublin City,Houses,144.9,0.4,1.9,13.5
2022-03-01,2022-03,Dun Laoghaire-Rathdown - houses,Dun Laoghaire-Rathdown,Houses,139.4,-0.2,0.7,11.8
2022-03-01,2022-03,Fingal - houses,Fingal,Houses,142.5,0.5,2.4,12.2
2022-03-01,2022-03,Mid-East - houses,Mid-East,Houses,160.1,0.6,1.8,15.0
2022-03-01,2022-03,Mid-West - houses,Mid-West,Houses,178.9,0.4,4.0,15.9
2022-03-01,2022-03,Midland - houses,Midland,Houses,194.3,0.5,2.6,18.0
2022-03-01,2022-03,National - all residential properties,National,All residential,159.9,0.5,2.1,15.1
2022-03-01,2022-03,National - apartments,National,Apartments,161.6,0.5,1.7,14.4
2022-03-01,2022-03,National - houses,National,Houses,160.0,0.5,2.1,15.2
2022-03-01,2022-03,National excluding Dublin - all residential properties,National excluding Dublin,All residential,177.4,0.6,2.5,17.1
2022-03-01,2022-03,National excluding Dublin - apartments,National excluding Dublin,Apartments,200.1,0.4,2.1,17.5
2022-03-01,2022-03,National excluding Dublin - houses,National excluding Dublin,Houses,175.7,0.6,2.5,17.1
2022-03-01,2022-03,South Dublin - houses,South Dublin,Houses,140.0,0.6,0.6,11.7
2022-03-01,2022-03,South-East - houses,South-East,Houses,181.0,0.5,2.0,20.1
2022-03-01,2022-03,South-West - houses,South-West,Houses,173.7,0.4,0.9,15.8
2022-03-01,2022-03,West - houses,West,Houses,203.6,1.5,5.2,18.0
2022-04-01,2022-04,Border - houses,Border,Houses,191.1,1.3,4.0,23.6
2022-04-01,2022-04,Dublin - all residential properties,Dublin,All residential,143.9,0.2,1.2,11.7
2022-04-01,2022-04,Dublin - apartments,Dublin,Apartments,147.7,0.4,1.3,12.7
2022-04-01,2022-04,Dublin - houses,Dublin,Houses,143.5,0.1,1.1,11.5
2022-04-01,2022-04,Dublin City - houses,Dublin City,Houses,145.7,0.5,1.8,12.9
2022-04-01,2022-04,Dun Laoghaire-Rathdown - houses,Dun Laoghaire-Rathdown,Houses,138.8,-0.4,0.4,9.8
2022-04-01,2022-04,Fingal - houses,Fingal,Houses,142.0,-0.3,1.1,11.4
2022-04-01,2022-04,Mid-East - houses,Mid-East,Houses,160.7,0.4,1.5,14.7
2022-04-01,2022-04,Mid-West - houses,Mid-West,Houses,177.3,-0.9,0.4,12.5
2022-04-01,2022-04,Midland - houses,Midland,Houses,194.6,0.2,1.6,17.3
2022-04-01,2022-04,National - all residential properties,National,All residential,160.5,0.4,1.5,14.5
2022-04-01,2022-04,National - apartments,National,Apartments,162.3,0.5,1.7,13.7
2022-04-01,2022-04,National - houses,National,Houses,160.6,0.4,1.5,14.6
2022-04-01,2022-04,National excluding Dublin - all residential properties,National excluding Dublin,All residential,178.4,0.5,1.8,16.8
2022-04-01,2022-04,National excluding Dublin - apartments,National excluding Dublin,Apartments,201.5,0.7,2.5,15.9
2022-04-01,2022-04,National excluding Dublin - houses,National excluding Dublin,Houses,176.6,0.5,1.8,16.8
2022-04-01,2022-04,South Dublin - houses,South Dublin,Houses,141.3,0.9,1.0,11.6
2022-04-01,2022-04,South-East - houses,South-East,Houses,182.6,0.9,2.3,20.9
2022-04-01,2022-04,South-West - houses,South-West,Houses,176.5,1.6,2.0,17.5
2022-04-01,2022-04,West - houses,West,Houses,203.0,-0.3,1.6,16.9
2022-05-01,2022-05,Border - houses,Border,Houses,190.5,-0.3,1.8,21.6
2022-05-01,2022-05,Dublin - all residential properties,Dublin,All residential,144.9,0.7,1.2,11.5
2022-05-01,2022-05,Dublin - apartments,Dublin,Apartments,148.0,0.2,1.1,12.0
2022-05-01,2022-05,Dublin - houses,Dublin,Houses,144.7,0.8,1.2,11.5
2022-05-01,2022-05,Dublin City - houses,Dublin City,Houses,146.6,0.6,1.5,13.2
2022-05-01,2022-05,Dun Laoghaire-Rathdown - houses,Dun Laoghaire-Rathdown,Houses,140.5,1.2,0.6,9.6
2022-05-01,2022-05,Fingal - houses,Fingal,Houses,143.1,0.7,0.9,11.9
2022-05-01,2022-05,Mid-East - houses,Mid-East,Houses,161.7,0.7,1.7,15.1
2022-05-01,2022-05,Mid-West - houses,Mid-West,Houses,179.3,1.1,0.6,11.5
2022-05-01,2022-05,Midland - houses,Midland,Houses,197.4,1.5,2.1,18.4
2022-05-01,2022-05,National - all residential properties,National,All residential,161.7,0.7,1.6,14.4
2022-05-01,2022-05,National - apartments,National,Apartments,163.0,0.4,1.4,12.6
2022-05-01,2022-05,National - houses,National,Houses,161.9,0.8,1.6,14.6
2022-05-01,2022-05,National excluding Dublin - all residential properties,National excluding Dublin,All residential,179.7,0.8,1.9,16.7
2022-05-01,2022-05,National excluding Dublin - apartments,National excluding Dublin,Apartments,203.3,0.9,2.0,14.0
2022-05-01,2022-05,National excluding Dublin - houses,National excluding Dublin,Houses,177.9,0.7,1.9,16.9
2022-05-01,2022-05,South Dublin - houses,South Dublin,Houses,142.3,0.7,2.2,10.4
2022-05-01,2022-05,South-East - houses,South-East,Houses,184.8,1.2,2.6,21.7
2022-05-01,2022-05,South-West - houses,South-West,Houses,176.8,0.2,2.2,17.4
2022-05-01,2022-05,West - houses,West,Houses,206.0,1.5,2.7,17.4
2022-06-01,2022-06,Border - houses,Border,Houses,191.3,0.4,1.4,20.1
2022-06-01,2022-06,Dublin - all residential properties,Dublin,All residential,146.6,1.2,2.1,11.4
2022-06-01,2022-06,Dublin - apartments,Dublin,Apartments,149.3,0.9,1.5,10.9
2022-06-01,2022-06,Dublin - houses,Dublin,Houses,146.4,1.2,2.2,11.5
2022-06-01,2022-06,Dublin City - houses,Dublin City,Houses,147.9,0.9,2.0,12.8
2022-06-01,2022-06,Dun Laoghaire-Rathdown - houses,Dun Laoghaire-Rathdown,Houses,142.8,1.6,2.4,9.9
2022-06-01,2022-06,Fingal - houses,Fingal,Houses,144.6,1.1,1.4,12.5
2022-06-01,2022-06,Mid-East - houses,Mid-East,Houses,164.0,1.4,2.4,15.4
2022-06-01,2022-06,Mid-West - houses,Mid-West,Houses,181.2,1.0,1.3,11.9
2022-06-01,2022-06,Midland - houses,Midland,Houses,200.3,1.5,3.1,17.4
2022-06-01,2022-06,National - all residential properties,National,All residential,163.4,1.1,2.2,14.0
2022-06-01,2022-06,National - apartments,National,Apartments,164.3,0.8,1.7,11.8
2022-06-01,2022-06,National - houses,National,Houses,163.6,1.1,2.2,14.3
2022-06-01,2022-06,National excluding Dublin - all residential properties,National excluding Dublin,All residential,181.5,1.0,2.3,16.0
2022-06-01,2022-06,National excluding Dublin - apartments,National excluding Dublin,Apartments,204.2,0.4,2.1,14.0
2022-06-01,2022-06,National excluding Dublin - houses,National excluding Dublin,Houses,179.7,1.0,2.3,16.2
2022-06-01,2022-06,South Dublin - houses,South Dublin,Houses,144.5,1.6,3.2,10.7
2022-06-01,2022-06,South-East - houses,South-East,Houses,185.1,0.2,2.2,19.1
2022-06-01,2022-06,South-West - houses,South-West,Houses,178.1,0.7,2.6,14.6
2022-06-01,2022-06,West - houses,West,Houses,208.7,1.3,2.5,19.3
2022-07-01,2022-07,Border - houses,Border,Houses,192.4,0.6,0.7,17.9
2022-07-01,2022-07,Dublin - all residential properties,Dublin,All residential,147.8,0.8,2.7,10.7
2022-07-01,2022-07,Dublin - apartments,Dublin,Apartments,149.9,0.4,1.5,9.5
2022-07-01,2022-07,Dublin - houses,Dublin,Houses,147.8,0.9,3.0,11.0
2022-07-01,2022-07,Dublin City - houses,Dublin City,Houses,149.2,0.9,2.4,12.3
2022-07-01,2022-07,Dun Laoghaire-Rathdown - houses,Dun Laoghaire-Rathdown,Houses,144.6,1.3,4.2,9.7
2022-07-01,2022-07,Fingal - houses,Fingal,Houses,144.9,0.2,2.0,11.5
2022-07-01,2022-07,Mid-East - houses,Mid-East,Houses,165.7,1.1,3.1,15.0
2022-07-01,2022-07,Mid-West - houses,Mid-West,Houses,185.1,2.2,4.4,11.6
2022-07-01,2022-07,Midland - houses,Midland,Houses,202.2,0.9,3.9,16.4
2022-07-01,2022-07,National - all residential properties,National,All residential,165.0,1.0,2.8,13.1
2022-07-01,2022-07,National - apartments,National,Apartments,165.0,0.4,1.6,10.5
2022-07-01,2022-07,National - houses,National,Houses,165.3,1.0,2.9,13.5
2022-07-01,2022-07,National excluding Dublin - all residential properties,National excluding Dublin,All residential,183.4,1.1,2.8,15.1
2022-07-01,2022-07,National excluding Dublin - apartments,National excluding Dublin,Apartments,205.5,0.6,2.0,12.8
2022-07-01,2022-07,National excluding Dublin - houses,National excluding Dublin,Houses,181.7,1.1,2.9,15.3
2022-07-01,2022-07,South Dublin - houses,South Dublin,Houses,146.6,1.5,3.8,9.7
2022-07-01,2022-07,South-East - houses,South-East,Houses,187.3,1.2,2.6,18.0
2022-07-01,2022-07,South-West - houses,South-West,Houses,179.1,0.5,1.5,13.0
2022-07-01,2022-07,West - houses,West,Houses,212.0,1.6,4.4,18.6
2022-08-01,2022-08,Border - houses,Border,Houses,192.9,0.3,1.3,14.9
2022-08-01,2022-08,Dublin - all residential properties,Dublin,All residential,149.6,1.2,3.2,9.8
2022-08-01,2022-08,Dublin - apartments,Dublin,Apartments,151.4,1.0,2.3,8.8
2022-08-01,2022-08,Dublin - houses,Dublin,Houses,149.7,1.3,3.5,10.0
2022-08-01,2022-08,Dublin City - houses,Dublin City,Houses,149.8,0.4,2.2,10.5
2022-08-01,2022-08,Dun Laoghaire-Rathdown - houses,Dun Laoghaire-Rathdown,Houses,147.4,1.9,4.9,9.4
2022-08-01,2022-08,Fingal - houses,Fingal,Houses,146.9,1.4,2.7,10.0
2022-08-01,2022-08,Mid-East - houses,Mid-East,Houses,166.8,0.7,3.2,13.6
2022-08-01,2022-08,Mid-West - houses,Mid-West,Houses,187.5,1.3,4.6,11.2
2022-08-01,2022-08,Midland - houses,Midland,Houses,203.9,0.9,3.3,15.1
2022-08-01,2022-08,National - all residential properties,National,All residential,166.7,1.1,3.1,11.8
2022-08-01,2022-08,National - apartments,National,Apartments,166.3,0.8,2.1,9.8
2022-08-01,2022-08,National - houses,National,Houses,167.1,1.1,3.3,12.1
2022-08-01,2022-08,National excluding Dublin - all residential properties,National excluding Dublin,All residential,185.1,0.9,3.0,13.5
2022-08-01,2022-08,National excluding Dublin - apartments,National excluding Dublin,Apartments,206.3,0.4,1.5,12.0
2022-08-01,2022-08,National excluding Dublin - houses,National excluding Dublin,Houses,183.4,1.0,3.1,13.6
2022-08-01,2022-08,South Dublin - houses,South Dublin,Houses,149.5,1.9,5.1,10.1
2022-08-01,2022-08,South-East - houses,South-East,Houses,190.7,1.8,3.2,15.1
2022-08-01,2022-08,South-West - houses,South-West,Houses,180.4,0.7,2.0,10.7
2022-08-01,2022-08,West - houses,West,Houses,215.5,1.6,4.6,18.2
2022-09-01,2022-09,Border - houses,Border,Houses,193.9,0.5,1.4,12.7
2022-09-01,2022-09,Dublin - all residential properties,Dublin,All residential,150.9,0.8,2.9,9.2
2022-09-01,2022-09,Dublin - apartments,Dublin,Apartments,151.8,0.3,1.7,7.4
2022-09-01,2022-09,Dublin - houses,Dublin,Houses,151.1,1.0,3.2,9.7
2022-09-01,2022-09,Dublin City - houses,Dublin City,Houses,151.0,0.8,2.1,9.5
2022-09-01,2022-09,Dun Laoghaire-Rathdown - houses,Dun Laoghaire-Rathdown,Houses,148.4,0.7,3.9,9.4
2022-09-01,2022-09,Fingal - houses,Fingal,Houses,148.8,1.3,2.9,9.7
2022-09-01,2022-09,Mid-East - houses,Mid-East,Houses,167.3,0.3,2.1,12.1
2022-09-01,2022-09,Mid-West - houses,Mid-West,Houses,188.3,0.4,3.9,11.0
2022-09-01,2022-09,Midland - houses,Midland,Houses,204.0,0.0,1.8,13.7
2022-09-01,2022-09,National - all residential properties,National,All residential,167.7,0.6,2.6,10.7
2022-09-01,2022-09,National - apartments,National,Apartments,166.0,-0.2,1.1,8.1
2022-09-01,2022-09,National - houses,National,Houses,168.3,0.7,2.8,11.0
2022-09-01,2022-09,National excluding Dublin - all residential properties,National excluding Dublin,All residential,185.8,0.4,2.4,11.8
2022-09-01,2022-09,National excluding Dublin - apartments,National excluding Dublin,Apartments,203.8,-1.2,-0.2,9.5
2022-09-01,2022-09,National excluding Dublin - houses,National excluding Dublin,Houses,184.3,0.5,2.6,12.0
2022-09-01,2022-09,South Dublin - houses,South Dublin,Houses,151.6,1.4,4.9,10.5
2022-09-01,2022-09,South-East - houses,South-East,Houses,191.0,0.2,3.2,12.0
2022-09-01,2022-09,South-West - houses,South-West,Houses,182.2,1.0,2.3,9.2
2022-09-01,2022-09,West - houses,West,Houses,216.6,0.5,3.8,16.6
2022-10-01,2022-10,Border - houses,Border,Houses,193.8,-0.1,0.7,11.4
2022-10-01,2022-10,Dublin - all residential properties,Dublin,All residential,150.8,-0.1,2.0,8.2
2022-10-01,2022-10,Dublin - apartments,Dublin,Apartments,153.4,1.0,2.4,8.0
2022-10-01,2022-10,Dublin - houses,Dublin,Houses,150.7,-0.3,1.9,8.3
2022-10-01,2022-10,Dublin City - houses,Dublin City,Houses,149.4,-1.1,0.1,6.7
2022-10-01,2022-10,Dun Laoghaire-Rathdown - houses,Dun Laoghaire-Rathdown,Houses,147.3,-0.7,1.9,7.4
2022-10-01,2022-10,Fingal - houses,Fingal,Houses,149.6,0.5,3.3,9.9
2022-10-01,2022-10,Mid-East - houses,Mid-East,Houses,168.5,0.7,1.7,11.1
2022-10-01,2022-10,Mid-West - houses,Mid-West,Houses,187.5,-0.4,1.3,9.5
2022-10-01,2022-10,Midland - houses,Midland,Houses,203.5,-0.2,0.7,11.9
2022-10-01,2022-10,National - all residential properties,National,All residential,168.1,0.2,1.9,9.6
2022-10-01,2022-10,National - apartments,National,Apartments,167.5,0.9,1.5,8.0
2022-10-01,2022-10,National - houses,National,Houses,168.5,0.1,1.9,9.8
2022-10-01,2022-10,National excluding Dublin - all residential properties,National excluding Dublin,All residential,186.6,0.4,1.7,10.7
2022-10-01,2022-10,National excluding Dublin - apartments,National excluding Dublin,Apartments,204.8,0.5,-0.3,8.2
2022-10-01,2022-10,National excluding Dublin - houses,National excluding Dublin,Houses,185.1,0.4,1.9,10.9
2022-10-01,2022-10,South Dublin - houses,South Dublin,Houses,152.9,0.9,4.3,11.0
2022-10-01,2022-10,South-East - houses,South-East,Houses,191.0,0.0,2.0,9.7
2022-10-01,2022-10,South-West - houses,South-West,Houses,184.3,1.1,2.9,9.2
2022-10-01,2022-10,West - houses,West,Houses,217.5,0.4,2.6,15.6
2022-11-01,2022-11,Border - houses,Border,Houses,196.9,1.6,2.1,11.5
2022-11-01,2022-11,Dublin - all residential properties,Dublin,All residential,150.4,-0.2,0.6,6.9
2022-11-01,2022-11,Dublin - apartments,Dublin,Apartments,153.5,0.1,1.4,6.7
2022-11-01,2022-11,Dublin - houses,Dublin,Houses,150.2,-0.3,0.4,7.0
2022-11-01,2022-11,Dublin City - houses,Dublin City,Houses,148.4,-0.6,-0.9,4.9
2022-11-01,2022-11,Dun Laoghaire-Rathdown - houses,Dun Laoghaire-Rathdown,Houses,146.4,-0.6,-0.6,5.8
2022-11-01,2022-11,Fingal - houses,Fingal,Houses,149.8,0.2,2.0,8.7
2022-11-01,2022-11,Mid-East - houses,Mid-East,Houses,170.2,1.0,2.0,10.2
2022-11-01,2022-11,Mid-West - houses,Mid-West,Houses,186.8,-0.4,-0.4,9.0
2022-11-01,2022-11,Midland - houses,Midland,Houses,204.2,0.4,0.2,9.5
2022-11-01,2022-11,National - all residential properties,National,All residential,168.4,0.2,1.0,8.5
2022-11-01,2022-11,National - apartments,National,Apartments,167.1,-0.2,0.5,6.1
2022-11-01,2022-11,National - houses,National,Houses,168.9,0.3,1.1,8.8
2022-11-01,2022-11,National excluding Dublin - all residential properties,National excluding Dublin,All residential,187.6,0.5,1.3,9.7
2022-11-01,2022-11,National excluding Dublin - apartments,National excluding Dublin,Apartments,203.1,-0.9,-1.6,4.8
2022-11-01,2022-11,National excluding Dublin - houses,National excluding Dublin,Houses,186.3,0.6,1.6,10.0
2022-11-01,2022-11,South Dublin - houses,South Dublin,Houses,153.5,0.3,2.7,11.3
2022-11-01,2022-11,South-East - houses,South-East,Houses,191.1,0.1,0.2,8.2
2022-11-01,2022-11,South-West - houses,South-West,Houses,185.5,0.7,2.9,8.5
2022-11-01,2022-11,West - houses,West,Houses,219.0,0.7,1.6,15.2
2022-12-01,2022-12,Border - houses,Border,Houses,199.8,1.5,3.1,11.3
2022-12-01,2022-12,Dublin - all residential properties,Dublin,All residential,149.9,-0.3,-0.6,5.9
2022-12-01,2022-12,Dublin - apartments,Dublin,Apartments,153.1,-0.3,0.8,5.7
2022-12-01,2022-12,Dublin - houses,Dublin,Houses,149.7,-0.4,-1.0,6.0
2022-12-01,2022-12,Dublin City - houses,Dublin City,Houses,147.1,-0.9,-2.6,3.3
2022-12-01,2022-12,Dun Laoghaire-Rathdown - houses,Dun Laoghaire-Rathdown,Houses,145.7,-0.5,-1.8,5.2
2022-12-01,2022-12,Fingal - houses,Fingal,Houses,150.1,0.2,0.9,7.8
2022-12-01,2022-12,Mid-East - houses,Mid-East,Houses,171.6,0.8,2.5,9.1
2022-12-01,2022-12,Mid-West - houses,Mid-West,Houses,188.0,0.6,-0.2,9.3
2022-12-01,2022-12,Midland - houses,Midland,Houses,203.4,-0.4,-0.3,7.5
2022-12-01,2022-12,National - all residential properties,National,All residential,168.8,0.2,0.6,7.7
2022-12-01,2022-12,National - apartments,National,Apartments,167.3,0.1,0.8,5.4
2022-12-01,2022-12,National - houses,National,Houses,169.3,0.2,0.6,8.0
2022-12-01,2022-12,National excluding Dublin - all residential properties,National excluding Dublin,All residential,188.8,0.6,1.6,9.1
2022-12-01,2022-12,National excluding Dublin - apartments,National excluding Dublin,Apartments,205.0,0.9,0.5,4.6
2022-12-01,2022-12,National excluding Dublin - houses,National excluding Dublin,Houses,187.4,0.6,1.7,9.4
2022-12-01,2022-12,South Dublin - houses,South Dublin,Houses,154.0,0.3,1.6,10.6
2022-12-01,2022-12,South-East - houses,South-East,Houses,189.2,-1.0,-0.9,6.6
2022-12-01,2022-12,South-West - houses,South-West,Houses,187.2,0.9,2.7,8.8
2022-12-01,2022-12,West - houses,West,Houses,221.7,1.2,2.3,14.5
2023-01-01,2023-01,Border - houses,Border,Houses,201.4,0.8,4.0,9.6
2023-01-01,2023-01,Dublin - all residential properties,Dublin,All residential,148.3,-1.1,-1.6,4.3
2023-01-01,2023-01,Dublin - apartments,Dublin,Apartments,151.6,-1.0,-1.2,4.0
2023-01-01,2023-01,Dublin - houses,Dublin,Houses,148.1,-1.1,-1.7,4.4
2023-01-01,2023-01,Dublin City - houses,Dublin City,Houses,144.4,-1.8,-3.3,0.9
2023-01-01,2023-01,Dun Laoghaire-Rathdown - houses,Dun Laoghaire-Rathdown,Houses,143.9,-1.2,-2.3,4.1
2023-01-01,2023-01,Fingal - houses,Fingal,Houses,149.6,-0.3,0.0,6.5
2023-01-01,2023-01,Mid-East - houses,Mid-East,Houses,170.7,-0.5,1.3,7.8
2023-01-01,2023-01,Mid-West - houses,Mid-West,Houses,186.6,-0.7,-0.5,5.7
2023-01-01,2023-01,Midland - houses,Midland,Houses,205.0,0.8,0.7,7.0
2023-01-01,2023-01,National - all residential properties,National,All residential,167.9,-0.5,-0.1,6.2
2023-01-01,2023-01,National - apartments,National,Apartments,166.5,-0.5,-0.6,4.3
2023-01-01,2023-01,National - houses,National,Houses,168.4,-0.5,-0.1,6.4
2023-01-01,2023-01,National excluding Dublin - all residential properties,National excluding Dublin,All residential,188.5,-0.1,1.0,7.6
2023-01-01,2023-01,National excluding Dublin - apartments,National excluding Dublin,Apartments,206.1,0.6,0.6,4.9
2023-01-01,2023-01,National excluding Dublin - houses,National excluding Dublin,Houses,187.1,-0.2,1.1,7.8
2023-01-01,2023-01,South Dublin - houses,South Dublin,Houses,153.2,-0.5,0.2,9.6
2023-01-01,2023-01,South-East - houses,South-East,Houses,191.4,1.1,0.2,7.2
2023-01-01,2023-01,South-West - houses,South-West,Houses,186.3,-0.5,1.1,7.7
2023-01-01,2023-01,West - houses,West,Houses,219.5,-1.0,0.9,9.9
2023-02-01,2023-02,Border - houses,Border,Houses,203.2,0.9,3.2,8.6
2023-02-01,2023-02,Dublin - all residential properties,Dublin,All residential,147.6,-0.5,-1.9,3.1
2023-02-01,2023-02,Dublin - apartments,Dublin,Apartments,151.7,0.0,-1.2,3.7
2023-02-01,2023-02,Dublin - houses,Dublin,Houses,147.1,-0.7,-2.1,2.9
2023-02-01,2023-02,Dublin City - houses,Dublin City,Houses,143.6,-0.5,-3.2,-0.5
2023-02-01,2023-02,Dun Laoghaire-Rathdown - houses,Dun Laoghaire-Rathdown,Houses,142.3,-1.1,-2.8,1.9
2023-02-01,2023-02,Fingal - houses,Fingal,Houses,148.8,-0.5,-0.7,5.0
2023-02-01,2023-02,Mid-East - houses,Mid-East,Houses,171.0,0.2,0.5,7.5
2023-02-01,2023-02,Mid-West - houses,Mid-West,Houses,184.9,-0.9,-1.0,3.8
2023-02-01,2023-02,Midland - houses,Midland,Houses,207.0,1.0,1.4,7.1
2023-02-01,2023-02,National - all residential properties,National,All residential,167.3,-0.3,-0.6,5.1
2023-02-01,2023-02,National - apartments,National,Apartments,166.3,-0.1,-0.5,3.5
2023-02-01,2023-02,National - houses,National,Houses,167.8,-0.3,-0.7,5.4
2023-02-01,2023-02,National excluding Dublin - all residential properties,National excluding Dublin,All residential,188.3,-0.1,0.4,6.8
2023-02-01,2023-02,National excluding Dublin - apartments,National excluding Dublin,Apartments,205.1,-0.5,1.0,2.9
2023-02-01,2023-02,National excluding Dublin - houses,National excluding Dublin,Houses,186.9,-0.1,0.3,7.0
2023-02-01,2023-02,South Dublin - houses,South Dublin,Houses,152.7,-0.3,-0.5,9.7
2023-02-01,2023-02,South-East - houses,South-East,Houses,190.8,-0.3,-0.2,5.9
2023-02-01,2023-02,South-West - houses,South-West,Houses,185.7,-0.3,0.1,7.3
2023-02-01,2023-02,West - houses,West,Houses,217.3,-1.0,-0.8,8.3
2023-03-01,2023-03,Border - houses,Border,Houses,201.7,-0.7,0.9,6.9
2023-03-01,2023-03,Dublin - all residential properties,Dublin,All residential,146.3,-0.8,-2.4,1.9
2023-03-01,2023-03,Dublin - apartments,Dublin,Apartments,150.6,-0.7,-1.7,2.3
2023-03-01,2023-03,Dublin - houses,Dublin,Houses,145.8,-0.8,-2.6,1.8
2023-03-01,2023-03,Dublin City - houses,Dublin City,Houses,142.9,-0.5,-2.8,-1.4
2023-03-01,2023-03,Dun Laoghaire-Rathdown - houses,Dun Laoghaire-Rathdown,Houses,141.6,-0.4,-2.8,1.6
2023-03-01,2023-03,Fingal - houses,Fingal,Houses,146.7,-1.4,-2.2,2.9
2023-03-01,2023-03,Mid-East - houses,Mid-East,Houses,169.7,-0.8,-1.1,6.0
2023-03-01,2023-03,Mid-West - houses,Mid-West,Houses,182.9,-1.1,-2.7,2.2
2023-03-01,2023-03,Midland - houses,Midland,Houses,208.0,0.4,2.2,7.1
2023-03-01,2023-03,National - all residential properties,National,All residential,166.3,-0.6,-1.5,4.0
2023-03-01,2023-03,National - apartments,National,Apartments,165.3,-0.6,-1.2,2.3
2023-03-01,2023-03,National - houses,National,Houses,166.8,-0.6,-1.5,4.2
2023-03-01,2023-03,National excluding Dublin - all residential properties,National excluding Dublin,All residential,187.4,-0.5,-0.7,5.6
2023-03-01,2023-03,National excluding Dublin - apartments,National excluding Dublin,Apartments,204.5,-0.3,-0.2,2.2
2023-03-01,2023-03,National excluding Dublin - houses,National excluding Dublin,Houses,186.0,-0.5,-0.8,5.9
2023-03-01,2023-03,South Dublin - houses,South Dublin,Houses,150.6,-1.4,-2.2,7.6
2023-03-01,2023-03,South-East - houses,South-East,Houses,191.0,0.1,0.9,5.5
2023-03-01,2023-03,South-West - houses,South-West,Houses,185.8,0.1,-0.7,7.0
2023-03-01,2023-03,West - houses,West,Houses,214.7,-1.2,-3.2,5.4
2023-04-01,2023-04,Border - houses,Border,Houses,198.9,-1.4,-1.3,4.1
2023-04-01,2023-04,Dublin - all residential properties,Dublin,All residential,145.1,-0.9,-2.2,0.8
2023-04-01,2023-04,Dublin - apartments,Dublin,Apartments,149.4,-0.8,-1.5,1.2
2023-04-01,2023-04,Dublin - houses,Dublin,Houses,144.6,-0.9,-2.4,0.8
2023-04-01,2023-04,Dublin City - houses,Dublin City,Houses,141.9,-0.8,-1.8,-2.6
2023-04-01,2023-04,Dun Laoghaire-Rathdown - houses,Dun Laoghaire-Rathdown,Houses,139.9,-1.2,-2.8,0.8
2023-04-01,2023-04,Fingal - houses,Fingal,Houses,146.4,-0.2,-2.2,3.1
2023-04-01,2023-04,Mid-East - houses,Mid-East,Houses,170.8,0.7,0.0,6.3
2023-04-01,2023-04,Mid-West - houses,Mid-West,Houses,187.6,2.6,0.5,5.8
2023-04-01,2023-04,Midland - houses,Midland,Houses,207.9,0.0,1.4,6.9
2023-04-01,2023-04,National - all residential properties,National,All residential,166.1,-0.1,-1.0,3.5
2023-04-01,2023-04,National - apartments,National,Apartments,164.9,-0.3,-1.0,1.6
2023-04-01,2023-04,National - houses,National,Houses,166.7,-0.1,-1.0,3.8
2023-04-01,2023-04,National excluding Dublin - all residential properties,National excluding Dublin,All residential,188.3,0.5,-0.1,5.6
2023-04-01,2023-04,National excluding Dublin - apartments,National excluding Dublin,Apartments,206.2,0.8,0.0,2.3
2023-04-01,2023-04,National excluding Dublin - houses,National excluding Dublin,Houses,186.8,0.5,-0.1,5.8
2023-04-01,2023-04,South Dublin - houses,South Dublin,Houses,148.4,-1.4,-3.1,5.0
2023-04-01,2023-04,South-East - houses,South-East,Houses,192.0,0.5,0.3,5.1
2023-04-01,2023-04,South-West - houses,South-West,Houses,185.9,0.1,-0.2,5.4
2023-04-01,2023-04,West - houses,West,Houses,215.0,0.2,-2.1,5.9
2023-05-01,2023-05,Border - houses,Border,Houses,199.2,0.2,-1.9,4.6
2023-05-01,2023-05,Dublin - all residential properties,Dublin,All residential,144.8,-0.2,-1.9,-0.1
2023-05-01,2023-05,Dublin - apartments,Dublin,Apartments,149.2,-0.1,-1.6,0.9
2023-05-01,2023-05,Dublin - houses,Dublin,Houses,144.3,-0.2,-1.9,-0.3
2023-05-01,2023-05,Dublin City - houses,Dublin City,Houses,141.7,-0.1,-1.4,-3.4
2023-05-01,2023-05,Dun Laoghaire-Rathdown - houses,Dun Laoghaire-Rathdown,Houses,138.6,-0.9,-2.6,-1.3
2023-05-01,2023-05,Fingal - houses,Fingal,Houses,146.6,0.2,-1.5,2.5
2023-05-01,2023-05,Mid-East - houses,Mid-East,Houses,170.5,-0.1,-0.3,5.5
2023-05-01,2023-05,Mid-West - houses,Mid-West,Houses,187.9,0.1,1.6,4.7
2023-05-01,2023-05,Midland - houses,Midland,Houses,207.6,-0.2,0.3,5.1
2023-05-01,2023-05,National - all residential properties,National,All residential,165.9,-0.2,-0.9,2.6
2023-05-01,2023-05,National - apartments,National,Apartments,165.0,0.1,-0.8,1.2
2023-05-01,2023-05,National - houses,National,Houses,166.4,-0.2,-0.9,2.8
2023-05-01,2023-05,National excluding Dublin - all residential properties,National excluding Dublin,All residential,188.1,-0.1,-0.1,4.6
2023-05-01,2023-05,National excluding Dublin - apartments,National excluding Dublin,Apartments,207.2,0.5,1.0,1.9
2023-05-01,2023-05,National excluding Dublin - houses,National excluding Dublin,Houses,186.5,-0.2,-0.2,4.8
2023-05-01,2023-05,South Dublin - houses,South Dublin,Houses,148.7,0.2,-2.6,4.5
2023-05-01,2023-05,South-East - houses,South-East,Houses,191.6,-0.2,0.4,3.7
2023-05-01,2023-05,South-West - houses,South-West,Houses,184.1,-1.0,-0.8,4.1
2023-05-01,2023-05,West - houses,West,Houses,216.9,0.9,-0.1,5.3
2023-06-01,2023-06,Border - houses,Border,Houses,197.8,-0.7,-1.9,3.4
2023-06-01,2023-06,Dublin - all residential properties,Dublin,All residential,145.4,0.4,-0.7,-0.8
2023-06-01,2023-06,Dublin - apartments,Dublin,Apartments,149.3,0.0,-0.8,0.0
2023-06-01,2023-06,Dublin - houses,Dublin,Houses,144.9,0.5,-0.6,-1.0
2023-06-01,2023-06,Dublin City - houses,Dublin City,Houses,141.9,0.2,-0.7,-4.0
2023-06-01,2023-06,Dun Laoghaire-Rathdown - houses,Dun Laoghaire-Rathdown,Houses,140.0,1.0,-1.1,-1.9
2023-06-01,2023-06,Fingal - houses,Fingal,Houses,147.5,0.6,0.5,2.0
2023-06-01,2023-06,Mid-East - houses,Mid-East,Houses,171.7,0.7,1.2,4.7
2023-06-01,2023-06,Mid-West - houses,Mid-West,Houses,190.7,1.5,4.3,5.2
2023-06-01,2023-06,Midland - houses,Midland,Houses,207.1,-0.2,-0.4,3.4
2023-06-01,2023-06,National - all residential properties,National,All residential,166.9,0.6,0.3,2.1
2023-06-01,2023-06,National - apartments,National,Apartments,165.3,0.2,0.0,0.6
2023-06-01,2023-06,National - houses,National,Houses,167.4,0.6,0.4,2.3
2023-06-01,2023-06,National excluding Dublin - all residential properties,National excluding Dublin,All residential,189.5,0.7,1.1,4.4
2023-06-01,2023-06,National excluding Dublin - apartments,National excluding Dublin,Apartments,208.2,0.5,1.8,1.9
2023-06-01,2023-06,National excluding Dublin - houses,National excluding Dublin,Houses,187.9,0.8,1.1,4.6
2023-06-01,2023-06,South Dublin - houses,South Dublin,Houses,148.7,0.0,-1.3,2.9
2023-06-01,2023-06,South-East - houses,South-East,Houses,194.8,1.7,2.0,5.3
2023-06-01,2023-06,South-West - houses,South-West,Houses,186.0,1.0,0.1,4.4
2023-06-01,2023-06,West - houses,West,Houses,217.8,0.4,1.5,4.4
2023-07-01,2023-07,Border - houses,Border,Houses,197.4,-0.2,-0.8,2.6
2023-07-01,2023-07,Dublin - all residential properties,Dublin,All residential,145.9,0.4,0.6,-1.3
2023-07-01,2023-07,Dublin - apartments,Dublin,Apartments,150.0,0.5,0.4,0.1
2023-07-01,2023-07,Dublin - houses,Dublin,Houses,145.4,0.3,0.6,-1.6
2023-07-01,2023-07,Dublin City - houses,Dublin City,Houses,142.9,0.7,0.8,-4.2
2023-07-01,2023-07,Dun Laoghaire-Rathdown - houses,Dun Laoghaire-Rathdown,Houses,141.4,1.0,1.1,-2.2
2023-07-01,2023-07,Fingal - houses,Fingal,Houses,146.7,-0.6,0.2,1.2
2023-07-01,2023-07,Mid-East - houses,Mid-East,Houses,171.7,0.0,0.5,3.6
2023-07-01,2023-07,Mid-West - houses,Mid-West,Houses,194.0,1.8,3.4,4.8
2023-07-01,2023-07,Midland - houses,Midland,Houses,208.0,0.4,0.0,2.9
2023-07-01,2023-07,National - all residential properties,National,All residential,167.7,0.5,1.0,1.7
2023-07-01,2023-07,National - apartments,National,Apartments,166.0,0.4,0.7,0.6
2023-07-01,2023-07,National - houses,National,Houses,168.3,0.5,1.0,1.8
2023-07-01,2023-07,National excluding Dublin - all residential properties,National excluding Dublin,All residential,190.7,0.6,1.3,4.0
2023-07-01,2023-07,National excluding Dublin - apartments,National excluding Dublin,Apartments,208.6,0.2,1.2,1.5
2023-07-01,2023-07,National excluding Dublin - houses,National excluding Dublin,Houses,189.2,0.7,1.3,4.1
2023-07-01,2023-07,South Dublin - houses,South Dublin,Houses,148.5,-0.1,0.1,1.3
2023-07-01,2023-07,South-East - houses,South-East,Houses,197.3,1.3,2.8,5.4
2023-07-01,2023-07,South-West - houses,South-West,Houses,188.1,1.2,1.2,5.0
2023-07-01,2023-07,West - houses,West,Houses,219.7,0.9,2.2,3.6
2023-08-01,2023-08,Border - houses,Border,Houses,197.9,0.3,-0.7,2.6
2023-08-01,2023-08,Dublin - all residential properties,Dublin,All residential,146.9,0.7,1.4,-1.8
2023-08-01,2023-08,Dublin - apartments,Dublin,Apartments,151.1,0.7,1.2,-0.2
2023-08-01,2023-08,Dublin - houses,Dublin,Houses,146.4,0.7,1.5,-2.2
2023-08-01,2023-08,Dublin City - houses,Dublin City,Houses,144.3,0.9,1.8,-3.7
2023-08-01,2023-08,Dun Laoghaire-Rathdown - houses,Dun Laoghaire-Rathdown,Houses,141.5,0.1,2.1,-4.0
2023-08-01,2023-08,Fingal - houses,Fingal,Houses,147.9,0.8,0.9,0.7
2023-08-01,2023-08,Mid-East - houses,Mid-East,Houses,172.3,0.4,1.0,3.3
2023-08-01,2023-08,Mid-West - houses,Mid-West,Houses,195.2,0.6,3.9,4.1
2023-08-01,2023-08,Midland - houses,Midland,Houses,207.8,-0.1,0.1,1.9
2023-08-01,2023-08,National - all residential properties,National,All residential,168.5,0.5,1.6,1.1
2023-08-01,2023-08,National - apartments,National,Apartments,167.3,0.8,1.4,0.6
2023-08-01,2023-08,National - houses,National,Houses,169.0,0.4,1.6,1.1
2023-08-01,2023-08,National excluding Dublin - all residential properties,National excluding Dublin,All residential,191.3,0.3,1.7,3.3
2023-08-01,2023-08,National excluding Dublin - apartments,National excluding Dublin,Apartments,210.7,1.0,1.7,2.1
2023-08-01,2023-08,National excluding Dublin - houses,National excluding Dublin,Houses,189.7,0.3,1.7,3.4
2023-08-01,2023-08,South Dublin - houses,South Dublin,Houses,149.8,0.9,0.8,0.3
2023-08-01,2023-08,South-East - houses,South-East,Houses,197.1,-0.1,2.9,3.3
2023-08-01,2023-08,South-West - houses,South-West,Houses,188.4,0.1,2.3,4.4
2023-08-01,2023-08,West - houses,West,Houses,220.7,0.4,1.7,2.4
2023-09-01,2023-09,Border - houses,Border,Houses,200.5,1.4,1.4,3.4
2023-09-01,2023-09,Dublin - all residential properties,Dublin,All residential,148.3,1.0,2.0,-1.7
2023-09-01,2023-09,Dublin - apartments,Dublin,Apartments,152.5,1.0,2.2,0.5
2023-09-01,2023-09,Dublin - houses,Dublin,Houses,147.8,1.0,2.0,-2.2
2023-09-01,2023-09,Dublin City - houses,Dublin City,Houses,145.8,1.1,2.7,-3.4
2023-09-01,2023-09,Dun Laoghaire-Rathdown - houses,Dun Laoghaire-Rathdown,Houses,143.1,1.1,2.2,-3.5
2023-09-01,2023-09,Fingal - houses,Fingal,Houses,149.0,0.8,1.1,0.2
2023-09-01,2023-09,Mid-East - houses,Mid-East,Houses,173.3,0.6,1.0,3.6
2023-09-01,2023-09,Mid-West - houses,Mid-West,Houses,196.8,0.8,3.2,4.5
2023-09-01,2023-09,Midland - houses,Midland,Houses,209.1,0.6,0.9,2.5
2023-09-01,2023-09,National - all residential properties,National,All residential,170.1,0.9,1.9,1.4
2023-09-01,2023-09,National - apartments,National,Apartments,169.0,1.0,2.2,1.8
2023-09-01,2023-09,National - houses,National,Houses,170.6,0.9,1.9,1.4
2023-09-01,2023-09,National excluding Dublin - all residential properties,National excluding Dublin,All residential,193.0,0.9,1.8,3.9
2023-09-01,2023-09,National excluding Dublin - apartments,National excluding Dublin,Apartments,213.1,1.2,2.4,4.5
2023-09-01,2023-09,National excluding Dublin - houses,National excluding Dublin,Houses,191.3,0.9,1.8,3.8
2023-09-01,2023-09,South Dublin - houses,South Dublin,Houses,150.9,0.7,1.5,-0.4
2023-09-01,2023-09,South-East - houses,South-East,Houses,198.7,0.8,2.0,4.0
2023-09-01,2023-09,South-West - houses,South-West,Houses,191.5,1.7,3.0,5.1
2023-09-01,2023-09,West - houses,West,Houses,220.8,0.0,1.4,1.9
2023-10-01,2023-10,Border - houses,Border,Houses,203.3,1.4,3.0,4.9
2023-10-01,2023-10,Dublin - all residential properties,Dublin,All residential,149.9,1.1,2.8,-0.5
2023-10-01,2023-10,Dublin - apartments,Dublin,Apartments,152.8,0.1,1.8,-0.4
2023-10-01,2023-10,Dublin - houses,Dublin,Houses,149.8,1.3,3.0,-0.6
2023-10-01,2023-10,Dublin City - houses,Dublin City,Houses,147.6,1.2,3.2,-1.2
2023-10-01,2023-10,Dun Laoghaire-Rathdown - houses,Dun Laoghaire-Rathdown,Houses,145.1,1.4,2.6,-1.5
2023-10-01,2023-10,Fingal - houses,Fingal,Houses,151.2,1.4,3.1,1.1
2023-10-01,2023-10,Mid-East - houses,Mid-East,Houses,174.9,0.9,1.9,3.8
2023-10-01,2023-10,Mid-West - houses,Mid-West,Houses,199.0,1.2,2.6,6.2
2023-10-01,2023-10,Midland - houses,Midland,Houses,210.6,0.7,1.2,3.5
2023-10-01,2023-10,National - all residential properties,National,All residential,171.9,1.0,2.5,2.3
2023-10-01,2023-10,National - apartments,National,Apartments,169.8,0.4,2.3,1.4
2023-10-01,2023-10,National - houses,National,Houses,172.5,1.1,2.5,2.4
2023-10-01,2023-10,National excluding Dublin - all residential properties,National excluding Dublin,All residential,194.9,1.0,2.2,4.5
2023-10-01,2023-10,National excluding Dublin - apartments,National excluding Dublin,Apartments,215.3,1.0,3.2,5.1
2023-10-01,2023-10,National excluding Dublin - houses,National excluding Dublin,Houses,193.3,1.0,2.1,4.4
2023-10-01,2023-10,South Dublin - houses,South Dublin,Houses,152.9,1.3,3.0,0.0
2023-10-01,2023-10,South-East - houses,South-East,Houses,200.3,0.8,1.5,4.9
2023-10-01,2023-10,South-West - houses,South-West,Houses,192.9,0.7,2.6,4.7
2023-10-01,2023-10,West - houses,West,Houses,225.1,2.0,2.5,3.5
2023-11-01,2023-11,Border - houses,Border,Houses,206.0,1.3,4.1,4.6
2023-11-01,2023-11,Dublin - all residential properties,Dublin,All residential,151.8,1.2,3.3,0.9
2023-11-01,2023-11,Dublin - apartments,Dublin,Apartments,154.8,1.3,2.5,0.8
2023-11-01,2023-11,Dublin - houses,Dublin,Houses,151.6,1.2,3.5,0.9
2023-11-01,2023-11,Dublin City - houses,Dublin City,Houses,149.1,1.1,3.4,0.5
2023-11-01,2023-11,Dun Laoghaire-Rathdown - houses,Dun Laoghaire-Rathdown,Houses,146.7,1.1,3.6,0.2
2023-11-01,2023-11,Fingal - houses,Fingal,Houses,153.1,1.3,3.5,2.2
2023-11-01,2023-11,Mid-East - houses,Mid-East,Houses,176.8,1.1,2.6,3.9
2023-11-01,2023-11,Mid-West - houses,Mid-West,Houses,201.4,1.2,3.2,7.8
2023-11-01,2023-11,Midland - houses,Midland,Houses,212.1,0.7,2.1,3.9
2023-11-01,2023-11,National - all residential properties,National,All residential,173.5,1.0,3.0,3.0
2023-11-01,2023-11,National - apartments,National,Apartments,171.9,1.3,2.8,2.9
2023-11-01,2023-11,National - houses,National,Houses,174.1,0.9,3.0,3.1
2023-11-01,2023-11,National excluding Dublin - all residential properties,National excluding Dublin,All residential,196.4,0.8,2.7,4.7
2023-11-01,2023-11,National excluding Dublin - apartments,National excluding Dublin,Apartments,217.6,1.1,3.3,7.2
2023-11-01,2023-11,National excluding Dublin - houses,National excluding Dublin,Houses,194.7,0.8,2.6,4.5
2023-11-01,2023-11,South Dublin - houses,South Dublin,Houses,155.2,1.5,3.6,1.1
2023-11-01,2023-11,South-East - houses,South-East,Houses,201.1,0.4,2.0,5.2
2023-11-01,2023-11,South-West - houses,South-West,Houses,192.7,-0.1,2.3,3.9
2023-11-01,2023-11,West - houses,West,Houses,227.4,1.0,3.0,3.8
2023-12-01,2023-12,Border - houses,Border,Houses,206.3,0.1,2.9,3.2
2023-12-01,2023-12,Dublin - all residential properties,Dublin,All residential,153.7,1.3,3.6,2.5
2023-12-01,2023-12,Dublin - apartments,Dublin,Apartments,156.6,1.2,2.7,2.3
2023-12-01,2023-12,Dublin - houses,Dublin,Houses,153.6,1.3,3.9,2.6
2023-12-01,2023-12,Dublin City - houses,Dublin City,Houses,151.0,1.3,3.6,2.7
2023-12-01,2023-12,Dun Laoghaire-Rathdown - houses,Dun Laoghaire-Rathdown,Houses,147.2,0.4,2.9,1.0
2023-12-01,2023-12,Fingal - houses,Fingal,Houses,154.2,0.7,3.5,2.8
2023-12-01,2023-12,Mid-East - houses,Mid-East,Houses,180.1,1.8,3.9,5.0
2023-12-01,2023-12,Mid-West - houses,Mid-West,Houses,202.2,0.4,2.7,7.5
2023-12-01,2023-12,Midland - houses,Midland,Houses,218.7,3.1,4.6,7.5
2023-12-01,2023-12,National - all residential properties,National,All residential,175.7,1.3,3.3,4.1
2023-12-01,2023-12,National - apartments,National,Apartments,174.0,1.2,2.9,4.0
2023-12-01,2023-12,National - houses,National,Houses,176.3,1.3,3.4,4.1
2023-12-01,2023-12,National excluding Dublin - all residential properties,National excluding Dublin,All residential,198.8,1.2,3.0,5.3
2023-12-01,2023-12,National excluding Dublin - apartments,National excluding Dublin,Apartments,220.3,1.2,3.4,7.5
2023-12-01,2023-12,National excluding Dublin - houses,National excluding Dublin,Houses,197.1,1.2,3.0,5.2
2023-12-01,2023-12,South Dublin - houses,South Dublin,Houses,160.9,3.7,6.6,4.5
2023-12-01,2023-12,South-East - houses,South-East,Houses,202.0,0.5,1.7,6.8
2023-12-01,2023-12,South-West - houses,South-West,Houses,195.3,1.3,2.0,4.3
2023-12-01,2023-12,West - houses,West,Houses,228.5,0.5,3.5,3.1
2024-01-01,2024-01,Border - houses,Border,Houses,206.8,0.2,1.7,2.7
2024-01-01,2024-01,Dublin - all residential properties,Dublin,All residential,155.1,0.9,3.5,4.6
2024-01-01,2024-01,Dublin - apartments,Dublin,Apartments,157.6,0.6,3.2,3.9
2024-01-01,2024-01,Dublin - houses,Dublin,Houses,155.1,1.0,3.6,4.8
2024-01-01,2024-01,Dublin City - houses,Dublin City,Houses,152.9,1.3,3.6,5.9
2024-01-01,2024-01,Dun Laoghaire-Rathdown - houses,Dun Laoghaire-Rathdown,Houses,148.4,0.8,2.2,3.1
2024-01-01,2024-01,Fingal - houses,Fingal,Houses,156.2,1.3,3.3,4.4
2024-01-01,2024-01,Mid-East - houses,Mid-East,Houses,180.7,0.3,3.3,5.8
2024-01-01,2024-01,Mid-West - houses,Mid-West,Houses,203.7,0.8,2.4,9.2
2024-01-01,2024-01,Midland - houses,Midland,Houses,223.2,2.1,6.0,8.9
2024-01-01,2024-01,National - all residential properties,National,All residential,176.9,0.7,2.9,5.4
2024-01-01,2024-01,National - apartments,National,Apartments,174.8,0.5,2.9,5.0
2024-01-01,2024-01,National - houses,National,Houses,177.5,0.7,2.9,5.4
2024-01-01,2024-01,National excluding Dublin - all residential properties,National excluding Dublin,All residential,199.8,0.5,2.5,6.0
2024-01-01,2024-01,National excluding Dublin - apartments,National excluding Dublin,Apartments,220.7,0.2,2.5,7.1
2024-01-01,2024-01,National excluding Dublin - houses,National excluding Dublin,Houses,198.1,0.5,2.5,5.9
2024-01-01,2024-01,South Dublin - houses,South Dublin,Houses,161.8,0.6,5.8,5.6
2024-01-01,2024-01,South-East - houses,South-East,Houses,201.3,-0.4,0.5,5.2
2024-01-01,2024-01,South-West - houses,South-West,Houses,196.4,0.6,1.8,5.5
2024-01-01,2024-01,West - houses,West,Houses,230.0,0.7,2.2,4.8
2024-02-01,2024-02,Border - houses,Border,Houses,206.0,-0.4,0.0,1.4
2024-02-01,2024-02,Dublin - all residential properties,Dublin,All residential,155.8,0.4,2.7,5.6
2024-02-01,2024-02,Dublin - apartments,Dublin,Apartments,158.3,0.5,2.3,4.4
2024-02-01,2024-02,Dublin - houses,Dublin,Houses,155.8,0.4,2.8,5.9
2024-02-01,2024-02,Dublin City - houses,Dublin City,Houses,154.7,1.2,3.8,7.7
2024-02-01,2024-02,Dun Laoghaire-Rathdown - houses,Dun Laoghaire-Rathdown,Houses,148.0,-0.2,0.9,4.1
2024-02-01,2024-02,Fingal - houses,Fingal,Houses,156.3,0.1,2.1,5.1
2024-02-01,2024-02,Mid-East - houses,Mid-East,Houses,181.2,0.3,2.5,6.0
2024-02-01,2024-02,Mid-West - houses,Mid-West,Houses,204.0,0.1,1.3,10.3
2024-02-01,2024-02,Midland - houses,Midland,Houses,223.8,0.3,5.5,8.1
2024-02-01,2024-02,National - all residential properties,National,All residential,177.7,0.4,2.4,6.2
2024-02-01,2024-02,National - apartments,National,Apartments,176.1,0.7,2.4,5.9
2024-02-01,2024-02,National - houses,National,Houses,178.3,0.4,2.4,6.2
2024-02-01,2024-02,National excluding Dublin - all residential properties,National excluding Dublin,All residential,200.7,0.5,2.2,6.6
2024-02-01,2024-02,National excluding Dublin - apartments,National excluding Dublin,Apartments,223.6,1.3,2.7,9.0
2024-02-01,2024-02,National excluding Dublin - houses,National excluding Dublin,Houses,198.9,0.4,2.1,6.4
2024-02-01,2024-02,South Dublin - houses,South Dublin,Houses,162.5,0.5,4.7,6.4
2024-02-01,2024-02,South-East - houses,South-East,Houses,201.4,0.1,0.2,5.5
2024-02-01,2024-02,South-West - houses,South-West,Houses,199.4,1.5,3.5,7.4
2024-02-01,2024-02,West - houses,West,Houses,229.1,-0.4,0.7,5.4
2024-03-01,2024-03,Border - houses,Border,Houses,206.2,0.1,0.0,2.2
2024-03-01,2024-03,Dublin - all residential properties,Dublin,All residential,157.0,0.7,2.1,7.3
2024-03-01,2024-03,Dublin - apartments,Dublin,Apartments,158.2,-0.1,1.0,5.1
2024-03-01,2024-03,Dublin - houses,Dublin,Houses,157.3,1.0,2.4,7.8
2024-03-01,2024-03,Dublin City - houses,Dublin City,Houses,156.2,0.9,3.4,9.3
2024-03-01,2024-03,Dun Laoghaire-Rathdown - houses,Dun Laoghaire-Rathdown,Houses,149.0,0.7,1.2,5.2
2024-03-01,2024-03,Fingal - houses,Fingal,Houses,158.5,1.4,2.8,8.1
2024-03-01,2024-03,Mid-East - houses,Mid-East,Houses,181.1,0.0,0.6,6.8
2024-03-01,2024-03,Mid-West - houses,Mid-West,Houses,204.7,0.4,1.3,11.9
2024-03-01,2024-03,Midland - houses,Midland,Houses,224.4,0.3,2.6,7.9
2024-03-01,2024-03,National - all residential properties,National,All residential,178.6,0.5,1.6,7.4
2024-03-01,2024-03,National - apartments,National,Apartments,176.5,0.2,1.5,6.8
2024-03-01,2024-03,National - houses,National,Houses,179.2,0.5,1.6,7.5
2024-03-01,2024-03,National excluding Dublin - all residential properties,National excluding Dublin,All residential,201.3,0.3,1.2,7.4
2024-03-01,2024-03,National excluding Dublin - apartments,National excluding Dublin,Apartments,225.7,0.9,2.5,10.3
2024-03-01,2024-03,National excluding Dublin - houses,National excluding Dublin,Houses,199.4,0.3,1.1,7.2
2024-03-01,2024-03,South Dublin - houses,South Dublin,Houses,163.9,0.8,1.8,8.8
2024-03-01,2024-03,South-East - houses,South-East,Houses,203.4,1.0,0.7,6.5
2024-03-01,2024-03,South-West - houses,South-West,Houses,200.8,0.7,2.8,8.1
2024-03-01,2024-03,West - houses,West,Houses,227.9,-0.5,-0.3,6.1
2024-04-01,2024-04,Border - houses,Border,Houses,209.8,1.8,1.5,5.5
2024-04-01,2024-04,Dublin - all residential properties,Dublin,All residential,157.0,0.0,1.2,8.2
2024-04-01,2024-04,Dublin - apartments,Dublin,Apartments,158.7,0.3,0.7,6.2
2024-04-01,2024-04,Dublin - houses,Dublin,Houses,157.2,0.0,1.4,8.8
2024-04-01,2024-04,Dublin City - houses,Dublin City,Houses,156.1,-0.1,2.1,10.0
2024-04-01,2024-04,Dun Laoghaire-Rathdown - houses,Dun Laoghaire-Rathdown,Houses,150.0,0.6,1.1,7.2
2024-04-01,2024-04,Fingal - houses,Fingal,Houses,157.6,-0.6,0.9,7.6
2024-04-01,2024-04,Mid-East - houses,Mid-East,Houses,181.8,0.4,0.6,6.5
2024-04-01,2024-04,Mid-West - houses,Mid-West,Houses,205.4,0.3,0.8,9.5
2024-04-01,2024-04,Midland - houses,Midland,Houses,226.6,1.0,1.5,9.0
2024-04-01,2024-04,National - all residential properties,National,All residential,179.3,0.4,1.4,7.9
2024-04-01,2024-04,National - apartments,National,Apartments,177.2,0.4,1.4,7.5
2024-04-01,2024-04,National - houses,National,Houses,180.0,0.4,1.4,8.0
2024-04-01,2024-04,National excluding Dublin - all residential properties,National excluding Dublin,All residential,202.8,0.7,1.5,7.7
2024-04-01,2024-04,National excluding Dublin - apartments,National excluding Dublin,Apartments,227.1,0.6,2.9,10.1
2024-04-01,2024-04,National excluding Dublin - houses,National excluding Dublin,Houses,200.9,0.7,1.4,7.5
2024-04-01,2024-04,South Dublin - houses,South Dublin,Houses,163.5,-0.2,1.1,10.2
2024-04-01,2024-04,South-East - houses,South-East,Houses,204.7,0.7,1.7,6.6
2024-04-01,2024-04,South-West - houses,South-West,Houses,203.1,1.2,3.4,9.3
2024-04-01,2024-04,West - houses,West,Houses,229.6,0.7,-0.2,6.8
2024-05-01,2024-05,Border - houses,Border,Houses,212.4,1.3,3.1,6.6
2024-05-01,2024-05,Dublin - all residential properties,Dublin,All residential,157.6,0.3,1.1,8.8
2024-05-01,2024-05,Dublin - apartments,Dublin,Apartments,158.8,0.1,0.3,6.4
2024-05-01,2024-05,Dublin - houses,Dublin,Houses,157.9,0.4,1.4,9.4
2024-05-01,2024-05,Dublin City - houses,Dublin City,Houses,156.6,0.3,1.2,10.6
2024-05-01,2024-05,Dun Laoghaire-Rathdown - houses,Dun Laoghaire-Rathdown,Houses,150.6,0.4,1.7,8.6
2024-05-01,2024-05,Fingal - houses,Fingal,Houses,158.6,0.7,1.5,8.2
2024-05-01,2024-05,Mid-East - houses,Mid-East,Houses,181.4,-0.2,0.1,6.4
2024-05-01,2024-05,Mid-West - houses,Mid-West,Houses,209.3,1.9,2.6,11.4
2024-05-01,2024-05,Midland - houses,Midland,Houses,228.6,0.9,2.1,10.1
2024-05-01,2024-05,National - all residential properties,National,All residential,180.0,0.4,1.3,8.5
2024-05-01,2024-05,National - apartments,National,Apartments,177.8,0.3,1.0,7.7
2024-05-01,2024-05,National - houses,National,Houses,180.7,0.4,1.4,8.6
2024-05-01,2024-05,National excluding Dublin - all residential properties,National excluding Dublin,All residential,203.7,0.4,1.5,8.3
2024-05-01,2024-05,National excluding Dublin - apartments,National excluding Dublin,Apartments,229.1,0.9,2.5,10.6
2024-05-01,2024-05,National excluding Dublin - houses,National excluding Dublin,Houses,201.7,0.4,1.4,8.1
2024-05-01,2024-05,South Dublin - houses,South Dublin,Houses,163.9,0.2,0.8,10.2
2024-05-01,2024-05,South-East - houses,South-East,Houses,204.2,-0.3,1.4,6.6
2024-05-01,2024-05,South-West - houses,South-West,Houses,203.7,0.3,2.1,10.6
2024-05-01,2024-05,West - houses,West,Houses,232.4,1.2,1.5,7.1
2024-06-01,2024-06,Border - houses,Border,Houses,216.5,1.9,5.0,9.5
2024-06-01,2024-06,Dublin - all residential properties,Dublin,All residential,158.9,0.8,1.2,9.3
2024-06-01,2024-06,Dublin - apartments,Dublin,Apartments,159.9,0.7,1.1,7.1
2024-06-01,2024-06,Dublin - houses,Dublin,Houses,159.3,0.9,1.3,9.9
2024-06-01,2024-06,Dublin City - houses,Dublin City,Houses,158.0,0.9,1.2,11.3
2024-06-01,2024-06,Dun Laoghaire-Rathdown - houses,Dun Laoghaire-Rathdown,Houses,152.2,1.1,2.1,8.7
2024-06-01,2024-06,Fingal - houses,Fingal,Houses,160.3,1.0,1.1,8.7
2024-06-01,2024-06,Mid-East - houses,Mid-East,Houses,183.4,1.1,1.2,6.8
2024-06-01,2024-06,Mid-West - houses,Mid-West,Houses,214.0,2.3,4.5,12.2
2024-06-01,2024-06,Midland - houses,Midland,Houses,229.3,0.3,2.2,10.7
2024-06-01,2024-06,National - all residential properties,National,All residential,181.7,0.9,1.7,8.9
2024-06-01,2024-06,National - apartments,National,Apartments,178.4,0.4,1.1,7.9
2024-06-01,2024-06,National - houses,National,Houses,182.5,1.0,1.8,9.0
2024-06-01,2024-06,National excluding Dublin - all residential properties,National excluding Dublin,All residential,205.6,1.0,2.1,8.5
2024-06-01,2024-06,National excluding Dublin - apartments,National excluding Dublin,Apartments,228.2,-0.4,1.1,9.6
2024-06-01,2024-06,National excluding Dublin - houses,National excluding Dublin,Houses,203.8,1.1,2.2,8.5
2024-06-01,2024-06,South Dublin - houses,South Dublin,Houses,164.2,0.2,0.2,10.5
2024-06-01,2024-06,South-East - houses,South-East,Houses,206.7,1.2,1.6,6.1
2024-06-01,2024-06,South-West - houses,South-West,Houses,204.1,0.2,1.7,9.8
2024-06-01,2024-06,West - houses,West,Houses,235.7,1.4,3.5,8.2
2024-07-01,2024-07,Border - houses,Border,Houses,221.2,2.1,5.4,12.1
2024-07-01,2024-07,Dublin - all residential properties,Dublin,All residential,161.0,1.3,2.5,10.4
2024-07-01,2024-07,Dublin - apartments,Dublin,Apartments,162.6,1.7,2.5,8.4
2024-07-01,2024-07,Dublin - houses,Dublin,Houses,161.3,1.3,2.6,10.9
2024-07-01,2024-07,Dublin City - houses,Dublin City,Houses,159.2,0.7,2.0,11.3
2024-07-01,2024-07,Dun Laoghaire-Rathdown - houses,Dun Laoghaire-Rathdown,Houses,153.7,1.0,2.5,8.7
2024-07-01,2024-07,Fingal - houses,Fingal,Houses,164.0,2.3,4.1,11.8
2024-07-01,2024-07,Mid-East - houses,Mid-East,Houses,185.3,1.1,1.9,8.0
2024-07-01,2024-07,Mid-West - houses,Mid-West,Houses,218.4,2.0,6.3,12.5
2024-07-01,2024-07,Midland - houses,Midland,Houses,230.6,0.6,1.7,10.9
2024-07-01,2024-07,National - all residential properties,National,All residential,183.9,1.2,2.6,9.6
2024-07-01,2024-07,National - apartments,National,Apartments,180.7,1.3,2.0,8.9
2024-07-01,2024-07,National - houses,National,Houses,184.8,1.2,2.6,9.8
2024-07-01,2024-07,National excluding Dublin - all residential properties,National excluding Dublin,All residential,208.0,1.1,2.6,9.1
2024-07-01,2024-07,National excluding Dublin - apartments,National excluding Dublin,Apartments,229.2,0.4,0.9,9.9
2024-07-01,2024-07,National excluding Dublin - houses,National excluding Dublin,Houses,206.3,1.2,2.7,9.0
2024-07-01,2024-07,South Dublin - houses,South Dublin,Houses,166.5,1.4,1.8,12.1
2024-07-01,2024-07,South-East - houses,South-East,Houses,209.1,1.2,2.1,6.0
2024-07-01,2024-07,South-West - houses,South-West,Houses,206.0,0.9,1.4,9.5
2024-07-01,2024-07,West - houses,West,Houses,239.0,1.4,4.1,8.8
2024-08-01,2024-08,Border - houses,Border,Houses,229.2,3.6,7.9,15.8
2024-08-01,2024-08,Dublin - all residential properties,Dublin,All residential,162.9,1.1,3.4,10.9
2024-08-01,2024-08,Dublin - apartments,Dublin,Apartments,163.9,0.8,3.2,8.5
2024-08-01,2024-08,Dublin - houses,Dublin,Houses,163.3,1.2,3.4,11.5
2024-08-01,2024-08,Dublin City - houses,Dublin City,Houses,161.8,1.7,3.3,12.2
2024-08-01,2024-08,Dun Laoghaire-Rathdown - houses,Dun Laoghaire-Rathdown,Houses,155.3,1.0,3.1,9.7
2024-08-01,2024-08,Fingal - houses,Fingal,Houses,165.8,1.1,4.5,12.1
2024-08-01,2024-08,Mid-East - houses,Mid-East,Houses,185.7,0.2,2.4,7.8
2024-08-01,2024-08,Mid-West - houses,Mid-West,Houses,219.4,0.5,4.8,12.4
2024-08-01,2024-08,Midland - houses,Midland,Houses,233.4,1.2,2.1,12.3
2024-08-01,2024-08,National - all residential properties,National,All residential,185.6,0.9,3.1,10.1
2024-08-01,2024-08,National - apartments,National,Apartments,181.5,0.4,2.1,8.5
2024-08-01,2024-08,National - houses,National,Houses,186.6,1.0,3.2,10.4
2024-08-01,2024-08,National excluding Dublin - all residential properties,National excluding Dublin,All residential,209.5,0.7,2.9,9.6
2024-08-01,2024-08,National excluding Dublin - apartments,National excluding Dublin,Apartments,228.5,-0.3,-0.3,8.5
2024-08-01,2024-08,National excluding Dublin - houses,National excluding Dublin,Houses,208.0,0.8,3.1,9.6
2024-08-01,2024-08,South Dublin - houses,South Dublin,Houses,168.0,0.9,2.5,12.1
2024-08-01,2024-08,South-East - houses,South-East,Houses,212.7,1.7,4.2,7.9
2024-08-01,2024-08,South-West - houses,South-West,Houses,205.6,-0.2,0.9,9.1
2024-08-01,2024-08,West - houses,West,Houses,243.6,1.9,4.8,10.4
2024-09-01,2024-09,Border - houses,Border,Houses,231.4,1.0,6.9,15.4
2024-09-01,2024-09,Dublin - all residential properties,Dublin,All residential,164.3,0.9,3.4,10.8
2024-09-01,2024-09,Dublin - apartments,Dublin,Apartments,164.7,0.5,3.0,8.0
2024-09-01,2024-09,Dublin - houses,Dublin,Houses,164.9,1.0,3.5,11.5
2024-09-01,2024-09,Dublin City - houses,Dublin City,Houses,163.7,1.2,3.6,12.3
2024-09-01,2024-09,Dun Laoghaire-Rathdown - houses,Dun Laoghaire-Rathdown,Houses,156.0,0.5,2.5,9.0
2024-09-01,2024-09,Fingal - houses,Fingal,Houses,168.2,1.4,4.9,12.9
2024-09-01,2024-09,Mid-East - houses,Mid-East,Houses,186.1,0.2,1.5,7.4
2024-09-01,2024-09,Mid-West - houses,Mid-West,Houses,218.8,-0.3,2.2,11.2
2024-09-01,2024-09,Midland - houses,Midland,Houses,234.3,0.4,2.2,12.1
2024-09-01,2024-09,National - all residential properties,National,All residential,187.0,0.8,2.9,9.9
2024-09-01,2024-09,National - apartments,National,Apartments,182.4,0.5,2.2,7.9
2024-09-01,2024-09,National - houses,National,Houses,188.1,0.8,3.0,10.3
2024-09-01,2024-09,National excluding Dublin - all residential properties,National excluding Dublin,All residential,210.9,0.7,2.6,9.3
2024-09-01,2024-09,National excluding Dublin - apartments,National excluding Dublin,Apartments,229.7,0.5,0.7,7.8
2024-09-01,2024-09,National excluding Dublin - houses,National excluding Dublin,Houses,209.4,0.7,2.7,9.4
2024-09-01,2024-09,South Dublin - houses,South Dublin,Houses,169.4,0.9,3.2,12.2
2024-09-01,2024-09,South-East - houses,South-East,Houses,214.3,0.8,3.7,7.8
2024-09-01,2024-09,South-West - houses,South-West,Houses,208.4,1.4,2.1,8.8
2024-09-01,2024-09,West - houses,West,Houses,247.5,1.6,5.0,12.1
2024-10-01,2024-10,Border - houses,Border,Houses,232.4,0.4,5.1,14.3
2024-10-01,2024-10,Dublin - all residential properties,Dublin,All residential,165.3,0.6,2.6,10.2
2024-10-01,2024-10,Dublin - apartments,Dublin,Apartments,166.2,0.9,2.2,8.8
2024-10-01,2024-10,Dublin - houses,Dublin,Houses,165.7,0.5,2.8,10.6
2024-10-01,2024-10,Dublin City - houses,Dublin City,Houses,165.1,0.9,3.8,11.9
2024-10-01,2024-10,Dun Laoghaire-Rathdown - houses,Dun Laoghaire-Rathdown,Houses,156.8,0.5,2.0,8.0
2024-10-01,2024-10,Fingal - houses,Fingal,Houses,168.4,0.1,2.7,11.4
2024-10-01,2024-10,Mid-East - houses,Mid-East,Houses,187.6,0.8,1.2,7.3
2024-10-01,2024-10,Mid-West - houses,Mid-West,Houses,223.6,2.2,2.4,12.4
2024-10-01,2024-10,Midland - houses,Midland,Houses,236.9,1.1,2.8,12.5
2024-10-01,2024-10,National - all residential properties,National,All residential,188.5,0.8,2.5,9.7
2024-10-01,2024-10,National - apartments,National,Apartments,183.8,0.8,1.7,8.3
2024-10-01,2024-10,National - houses,National,Houses,189.6,0.8,2.6,9.9
2024-10-01,2024-10,National excluding Dublin - all residential properties,National excluding Dublin,All residential,213.0,1.0,2.4,9.3
2024-10-01,2024-10,National excluding Dublin - apartments,National excluding Dublin,Apartments,230.5,0.3,0.6,7.1
2024-10-01,2024-10,National excluding Dublin - houses,National excluding Dublin,Houses,211.5,1.0,2.5,9.4
2024-10-01,2024-10,South Dublin - houses,South Dublin,Houses,169.9,0.3,2.1,11.1
2024-10-01,2024-10,South-East - houses,South-East,Houses,216.0,0.8,3.3,7.9
2024-10-01,2024-10,South-West - houses,South-West,Houses,210.8,1.2,2.4,9.3
2024-10-01,2024-10,West - houses,West,Houses,249.4,0.8,4.4,10.8
2024-11-01,2024-11,Border - houses,Border,Houses,232.8,0.2,1.6,13.0
2024-11-01,2024-11,Dublin - all residential properties,Dublin,All residential,166.5,0.7,2.2,9.7
2024-11-01,2024-11,Dublin - apartments,Dublin,Apartments,167.9,1.0,2.4,8.4
2024-11-01,2024-11,Dublin - houses,Dublin,Houses,166.8,0.7,2.2,10.1
2024-11-01,2024-11,Dublin City - houses,Dublin City,Houses,166.1,0.6,2.6,11.3
2024-11-01,2024-11,Dun Laoghaire-Rathdown - houses,Dun Laoghaire-Rathdown,Houses,157.5,0.5,1.5,7.4
2024-11-01,2024-11,Fingal - houses,Fingal,Houses,170.1,1.0,2.6,11.1
2024-11-01,2024-11,Mid-East - houses,Mid-East,Houses,188.7,0.6,1.6,6.7
2024-11-01,2024-11,Mid-West - houses,Mid-West,Houses,225.5,0.8,2.8,11.9
2024-11-01,2024-11,Midland - houses,Midland,Houses,239.1,0.9,2.5,12.7
2024-11-01,2024-11,National - all residential properties,National,All residential,190.1,0.9,2.5,9.6
2024-11-01,2024-11,National - apartments,National,Apartments,185.1,0.7,2.0,7.7
2024-11-01,2024-11,National - houses,National,Houses,191.3,0.9,2.5,9.9
2024-11-01,2024-11,National excluding Dublin - all residential properties,National excluding Dublin,All residential,215.0,1.0,2.6,9.5
2024-11-01,2024-11,National excluding Dublin - apartments,National excluding Dublin,Apartments,230.8,0.1,1.0,6.1
2024-11-01,2024-11,National excluding Dublin - houses,National excluding Dublin,Houses,213.7,1.0,2.8,9.8
2024-11-01,2024-11,South Dublin - houses,South Dublin,Houses,171.2,0.7,1.9,10.3
2024-11-01,2024-11,South-East - houses,South-East,Houses,218.8,1.3,2.8,8.8
2024-11-01,2024-11,South-West - houses,South-West,Houses,215.3,2.1,4.7,11.7
2024-11-01,2024-11,West - houses,West,Houses,251.8,1.0,3.4,10.8
2024-12-01,2024-12,Border - houses,Border,Houses,235.4,1.1,1.8,14.1
2024-12-01,2024-12,Dublin - all residential properties,Dublin,All residential,166.7,0.1,1.4,8.4
2024-12-01,2024-12,Dublin - apartments,Dublin,Apartments,168.1,0.2,2.1,7.3
2024-12-01,2024-12,Dublin - houses,Dublin,Houses,166.9,0.1,1.2,8.7
2024-12-01,2024-12,Dublin City - houses,Dublin City,Houses,165.7,-0.2,1.2,9.7
2024-12-01,2024-12,Dun Laoghaire-Rathdown - houses,Dun Laoghaire-Rathdown,Houses,158.0,0.3,1.3,7.3
2024-12-01,2024-12,Fingal - houses,Fingal,Houses,169.5,-0.3,0.8,9.9
2024-12-01,2024-12,Mid-East - houses,Mid-East,Houses,191.4,1.5,2.9,6.3
2024-12-01,2024-12,Mid-West - houses,Mid-West,Houses,229.3,1.7,4.8,13.4
2024-12-01,2024-12,Midland - houses,Midland,Houses,241.6,1.0,3.1,10.5
2024-12-01,2024-12,National - all residential properties,National,All residential,191.3,0.6,2.3,8.9
2024-12-01,2024-12,National - apartments,National,Apartments,185.7,0.3,1.8,6.7
2024-12-01,2024-12,National - houses,National,Houses,192.5,0.6,2.3,9.2
2024-12-01,2024-12,National excluding Dublin - all residential properties,National excluding Dublin,All residential,217.1,1.0,2.9,9.2
2024-12-01,2024-12,National excluding Dublin - apartments,National excluding Dublin,Apartments,232.2,0.6,1.1,5.4
2024-12-01,2024-12,National excluding Dublin - houses,National excluding Dublin,Houses,215.9,1.0,3.1,9.5
2024-12-01,2024-12,South Dublin - houses,South Dublin,Houses,172.6,0.8,1.9,7.3
2024-12-01,2024-12,South-East - houses,South-East,Houses,218.7,0.0,2.1,8.3
2024-12-01,2024-12,South-West - houses,South-West,Houses,216.5,0.6,3.9,10.9
2024-12-01,2024-12,West - houses,West,Houses,254.2,1.0,2.7,11.3
2025-01-01,2025-01,Border - houses,Border,Houses,233.1,-1.0,0.3,12.7
2025-01-01,2025-01,Dublin - all residential properties,Dublin,All residential,167.0,0.2,1.0,7.6
2025-01-01,2025-01,Dublin - apartments,Dublin,Apartments,167.6,-0.3,0.8,6.3
2025-01-01,2025-01,Dublin - houses,Dublin,Houses,167.5,0.3,1.1,8.0
2025-01-01,2025-01,Dublin City - houses,Dublin City,Houses,165.7,0.0,0.4,8.4
2025-01-01,2025-01,Dun Laoghaire-Rathdown - houses,Dun Laoghaire-Rathdown,Houses,158.2,0.1,0.9,6.7
2025-01-01,2025-01,Fingal - houses,Fingal,Houses,171.1,0.9,1.6,9.6
2025-01-01,2025-01,Mid-East - houses,Mid-East,Houses,192.0,0.3,2.3,6.3
2025-01-01,2025-01,Mid-West - houses,Mid-West,Houses,229.4,0.0,2.6,12.6
2025-01-01,2025-01,Midland - houses,Midland,Houses,244.1,1.0,3.0,9.4
2025-01-01,2025-01,National - all residential properties,National,All residential,191.6,0.2,1.6,8.3
2025-01-01,2025-01,National - apartments,National,Apartments,185.3,-0.2,0.8,6.0
2025-01-01,2025-01,National - houses,National,Houses,193.0,0.2,1.8,8.7
2025-01-01,2025-01,National excluding Dublin - all residential properties,National excluding Dublin,All residential,217.6,0.2,2.2,8.9
2025-01-01,2025-01,National excluding Dublin - apartments,National excluding Dublin,Apartments,232.5,0.1,0.8,5.3
2025-01-01,2025-01,National excluding Dublin - houses,National excluding Dublin,Houses,216.3,0.2,2.3,9.2
2025-01-01,2025-01,South Dublin - houses,South Dublin,Houses,173.3,0.4,2.0,7.1
2025-01-01,2025-01,South-East - houses,South-East,Houses,217.4,-0.6,0.6,8.0
2025-01-01,2025-01,South-West - houses,South-West,Houses,218.0,0.7,3.4,11.0
2025-01-01,2025-01,West - houses,West,Houses,254.6,0.1,2.1,10.7
2025-02-01,2025-02,Border - houses,Border,Houses,233.5,0.2,0.3,13.3
2025-02-01,2025-02,Dublin - all residential properties,Dublin,All residential,166.9,0.0,0.3,7.1
2025-02-01,2025-02,Dublin - apartments,Dublin,Apartments,167.4,-0.1,-0.3,5.7
2025-02-01,2025-02,Dublin - houses,Dublin,Houses,167.5,0.0,0.4,7.5
2025-02-01,2025-02,Dublin City - houses,Dublin City,Houses,165.7,0.0,-0.2,7.1
2025-02-01,2025-02,Dun Laoghaire-Rathdown - houses,Dun Laoghaire-Rathdown,Houses,158.4,0.1,0.6,7.0
2025-02-01,2025-02,Fingal - houses,Fingal,Houses,170.9,-0.1,0.5,9.3
2025-02-01,2025-02,Mid-East - houses,Mid-East,Houses,191.8,-0.1,1.7,5.9
2025-02-01,2025-02,Mid-West - houses,Mid-West,Houses,229.4,0.0,1.7,12.5
2025-02-01,2025-02,Midland - houses,Midland,Houses,246.3,0.9,3.0,10.1
2025-02-01,2025-02,National - all residential properties,National,All residential,191.8,0.1,0.9,8.0
2025-02-01,2025-02,National - apartments,National,Apartments,185.3,0.0,0.1,5.2
2025-02-01,2025-02,National - houses,National,Houses,193.2,0.1,1.0,8.4
2025-02-01,2025-02,National excluding Dublin - all residential properties,National excluding Dublin,All residential,218.0,0.2,1.4,8.6
2025-02-01,2025-02,National excluding Dublin - apartments,National excluding Dublin,Apartments,232.9,0.2,0.9,4.2
2025-02-01,2025-02,National excluding Dublin - houses,National excluding Dublin,Houses,216.7,0.2,1.4,9.0
2025-02-01,2025-02,South Dublin - houses,South Dublin,Houses,173.5,0.1,1.4,6.7
2025-02-01,2025-02,South-East - houses,South-East,Houses,217.3,-0.1,-0.7,7.9
2025-02-01,2025-02,South-West - houses,South-West,Houses,220.0,0.9,2.2,10.3
2025-02-01,2025-02,West - houses,West,Houses,253.8,-0.3,0.8,10.8
2025-03-01,2025-03,Border - houses,Border,Houses,231.9,-0.7,-1.5,12.5
2025-03-01,2025-03,Dublin - all residential properties,Dublin,All residential,166.4,-0.3,-0.1,6.0
2025-03-01,2025-03,Dublin - apartments,Dublin,Apartments,167.9,0.3,-0.1,6.1
2025-03-01,2025-03,Dublin - houses,Dublin,Houses,166.7,-0.5,-0.1,6.0
2025-03-01,2025-03,Dublin City - houses,Dublin City,Houses,165.7,0.0,0.0,6.1
2025-03-01,2025-03,Dun Laoghaire-Rathdown - houses,Dun Laoghaire-Rathdown,Houses,156.8,-1.0,-0.8,5.2
2025-03-01,2025-03,Fingal - houses,Fingal,Houses,170.8,-0.1,0.7,7.7
2025-03-01,2025-03,Mid-East - houses,Mid-East,Houses,193.6,0.9,1.1,6.9
2025-03-01,2025-03,Mid-West - houses,Mid-West,Houses,228.8,-0.3,-0.2,11.7
2025-03-01,2025-03,Midland - houses,Midland,Houses,248.9,1.0,3.0,10.9
2025-03-01,2025-03,National - all residential properties,National,All residential,192.1,0.1,0.4,7.6
2025-03-01,2025-03,National - apartments,National,Apartments,186.4,0.6,0.4,5.6
2025-03-01,2025-03,National - houses,National,Houses,193.3,0.0,0.4,7.9
2025-03-01,2025-03,National excluding Dublin - all residential properties,National excluding Dublin,All residential,219.0,0.5,0.9,8.8
2025-03-01,2025-03,National excluding Dublin - apartments,National excluding Dublin,Apartments,236.0,1.4,1.6,4.6
2025-03-01,2025-03,National excluding Dublin - houses,National excluding Dublin,Houses,217.6,0.4,0.8,9.1
2025-03-01,2025-03,South Dublin - houses,South Dublin,Houses,171.9,-0.9,-0.4,4.9
2025-03-01,2025-03,South-East - houses,South-East,Houses,218.1,0.4,-0.3,7.2
2025-03-01,2025-03,South-West - houses,South-West,Houses,220.7,0.4,1.9,9.9
2025-03-01,2025-03,West - houses,West,Houses,253.4,-0.2,-0.3,11.2
2025-04-01,2025-04,Border - houses,Border,Houses,233.0,0.5,0.0,11.1
2025-04-01,2025-04,Dublin - all residential properties,Dublin,All residential,167.2,0.5,0.2,6.5
2025-04-01,2025-04,Dublin - apartments,Dublin,Apartments,169.1,0.7,0.9,6.6
2025-04-01,2025-04,Dublin - houses,Dublin,Houses,167.4,0.4,-0.1,6.4
2025-04-01,2025-04,Dublin City - houses,Dublin City,Houses,165.7,0.0,0.0,6.1
2025-04-01,2025-04,Dun Laoghaire-Rathdown - houses,Dun Laoghaire-Rathdown,Houses,156.7,0.0,-0.9,4.5
2025-04-01,2025-04,Fingal - houses,Fingal,Houses,173.0,1.3,1.1,9.8
2025-04-01,2025-04,Mid-East - houses,Mid-East,Houses,195.3,0.9,1.7,7.4
2025-04-01,2025-04,Mid-West - houses,Mid-West,Houses,229.7,0.4,0.2,11.8
2025-04-01,2025-04,Midland - houses,Midland,Houses,248.6,-0.1,1.8,9.7
2025-04-01,2025-04,National - all residential properties,National,All residential,192.9,0.5,0.7,7.6
2025-04-01,2025-04,National - apartments,National,Apartments,188.4,1.1,1.7,6.4
2025-04-01,2025-04,National - houses,National,Houses,194.0,0.4,0.5,7.8
2025-04-01,2025-04,National excluding Dublin - all residential properties,National excluding Dublin,All residential,220.0,0.4,1.1,8.5
2025-04-01,2025-04,National excluding Dublin - apartments,National excluding Dublin,Apartments,240.5,1.9,3.4,5.9
2025-04-01,2025-04,National excluding Dublin - houses,National excluding Dublin,Houses,218.3,0.3,0.9,8.7
2025-04-01,2025-04,South Dublin - houses,South Dublin,Houses,173.1,0.7,-0.1,5.9
2025-04-01,2025-04,South-East - houses,South-East,Houses,218.8,0.3,0.6,6.9
2025-04-01,2025-04,South-West - houses,South-West,Houses,220.0,-0.3,0.9,8.3
2025-04-01,2025-04,West - houses,West,Houses,253.7,0.1,-0.3,10.5
2025-05-01,2025-05,Border - houses,Border,Houses,233.2,0.1,-0.1,9.8
2025-05-01,2025-05,Dublin - all residential properties,Dublin,All residential,168.2,0.6,0.8,6.8
2025-05-01,2025-05,Dublin - apartments,Dublin,Apartments,171.0,1.1,2.1,7.7
2025-05-01,2025-05,Dublin - houses,Dublin,Houses,168.2,0.5,0.4,6.5
2025-05-01,2025-05,Dublin City - houses,Dublin City,Houses,166.9,0.7,0.7,6.5
2025-05-01,2025-05,Dun Laoghaire-Rathdown - houses,Dun Laoghaire-Rathdown,Houses,157.8,0.7,-0.4,4.8
2025-05-01,2025-05,Fingal - houses,Fingal,Houses,173.2,0.1,1.3,9.2
2025-05-01,2025-05,Mid-East - houses,Mid-East,Houses,197.0,0.9,2.7,8.6
2025-05-01,2025-05,Mid-West - houses,Mid-West,Houses,232.9,1.4,1.5,11.3
2025-05-01,2025-05,Midland - houses,Midland,Houses,249.3,0.3,1.2,9.1
2025-05-01,2025-05,National - all residential properties,National,All residential,194.0,0.6,1.1,7.8
2025-05-01,2025-05,National - apartments,National,Apartments,190.3,1.0,2.7,7.0
2025-05-01,2025-05,National - houses,National,Houses,195.0,0.5,0.9,7.9
2025-05-01,2025-05,National excluding Dublin - all residential properties,National excluding Dublin,All residential,221.2,0.5,1.5,8.6
2025-05-01,2025-05,National excluding Dublin - apartments,National excluding Dublin,Apartments,242.3,0.8,4.0,5.7
2025-05-01,2025-05,National excluding Dublin - houses,National excluding Dublin,Houses,219.4,0.5,1.2,8.8
2025-05-01,2025-05,South Dublin - houses,South Dublin,Houses,173.5,0.2,0.0,5.9
2025-05-01,2025-05,South-East - houses,South-East,Houses,218.4,-0.2,0.5,7.0
2025-05-01,2025-05,South-West - houses,South-West,Houses,220.1,0.1,0.1,8.1
2025-05-01,2025-05,West - houses,West,Houses,255.0,0.5,0.5,9.7
2025-06-01,2025-06,Border - houses,Border,Houses,237.4,1.8,2.4,9.7
2025-06-01,2025-06,Dublin - all residential properties,Dublin,All residential,169.7,0.9,2.0,6.8
2025-06-01,2025-06,Dublin - apartments,Dublin,Apartments,171.1,0.1,1.9,7.0
2025-06-01,2025-06,Dublin - houses,Dublin,Houses,170.0,1.1,2.0,6.7
2025-06-01,2025-06,Dublin City - houses,Dublin City,Houses,169.1,1.3,2.1,7.0
2025-06-01,2025-06,Dun Laoghaire-Rathdown - houses,Dun Laoghaire-Rathdown,Houses,160.5,1.7,2.4,5.5
2025-06-01,2025-06,Fingal - houses,Fingal,Houses,174.0,0.5,1.9,8.6
2025-06-01,2025-06,Mid-East - houses,Mid-East,Houses,199.4,1.2,3.0,8.8
2025-06-01,2025-06,Mid-West - houses,Mid-West,Houses,236.3,1.4,3.3,10.4
2025-06-01,2025-06,Midland - houses,Midland,Houses,253.2,1.6,1.7,10.4
2025-06-01,2025-06,National - all residential properties,National,All residential,196.1,1.0,2.1,7.9
2025-06-01,2025-06,National - apartments,National,Apartments,190.9,0.3,2.4,7.0
2025-06-01,2025-06,National - houses,National,Houses,197.2,1.2,2.0,8.1
2025-06-01,2025-06,National excluding Dublin - all residential properties,National excluding Dublin,All residential,223.8,1.2,2.2,8.8
2025-06-01,2025-06,National excluding Dublin - apartments,National excluding Dublin,Apartments,244.4,0.9,3.5,7.1
2025-06-01,2025-06,National excluding Dublin - houses,National excluding Dublin,Houses,222.1,1.2,2.1,9.0
2025-06-01,2025-06,South Dublin - houses,South Dublin,Houses,174.0,0.3,1.3,6.0
2025-06-01,2025-06,South-East - houses,South-East,Houses,221.9,1.6,1.7,7.4
2025-06-01,2025-06,South-West - houses,South-West,Houses,221.9,0.8,0.5,8.7
2025-06-01,2025-06,West - houses,West,Houses,257.1,0.8,1.4,9.0
2025-07-01,2025-07,Border - houses,Border,Houses,239.0,0.7,2.5,8.1
2025-07-01,2025-07,Dublin - all residential properties,Dublin,All residential,170.6,0.5,2.0,5.9
2025-07-01,2025-07,Dublin - apartments,Dublin,Apartments,171.7,0.4,1.5,5.6
2025-07-01,2025-07,Dublin - houses,Dublin,Houses,171.0,0.6,2.1,6.0
2025-07-01,2025-07,Dublin City - houses,Dublin City,Houses,171.2,1.2,3.4,7.6
2025-07-01,2025-07,Dun Laoghaire-Rathdown - houses,Dun Laoghaire-Rathdown,Houses,160.8,0.2,2.6,4.6
2025-07-01,2025-07,Fingal - houses,Fingal,Houses,173.9,0.0,0.5,6.1
2025-07-01,2025-07,Mid-East - houses,Mid-East,Houses,201.6,1.1,3.2,8.8
2025-07-01,2025-07,Mid-West - houses,Mid-West,Houses,239.8,1.5,4.4,9.8
2025-07-01,2025-07,Midland - houses,Midland,Houses,257.1,1.6,3.4,11.5
2025-07-01,2025-07,National - all residential properties,National,All residential,197.7,0.8,2.4,7.5
2025-07-01,2025-07,National - apartments,National,Apartments,192.1,0.6,1.9,6.3
2025-07-01,2025-07,National - houses,National,Houses,198.9,0.8,2.5,7.7
2025-07-01,2025-07,National excluding Dublin - all residential properties,National excluding Dublin,All residential,226.2,1.1,2.8,8.7
2025-07-01,2025-07,National excluding Dublin - apartments,National excluding Dublin,Apartments,247.3,1.2,2.9,7.9
2025-07-01,2025-07,National excluding Dublin - houses,National excluding Dublin,Houses,224.4,1.0,2.8,8.8
2025-07-01,2025-07,South Dublin - houses,South Dublin,Houses,175.3,0.7,1.3,5.3
2025-07-01,2025-07,South-East - houses,South-East,Houses,226.9,2.3,3.7,8.5
2025-07-01,2025-07,South-West - houses,South-West,Houses,222.6,0.3,1.2,8.1
2025-07-01,2025-07,West - houses,West,Houses,257.8,0.3,1.6,7.9
2025-08-01,2025-08,Border - houses,Border,Houses,244.0,2.1,4.6,6.5
2025-08-01,2025-08,Dublin - all residential properties,Dublin,All residential,171.8,0.7,2.1,5.5
2025-08-01,2025-08,Dublin - apartments,Dublin,Apartments,173.2,0.9,1.3,5.7
2025-08-01,2025-08,Dublin - houses,Dublin,Houses,172.1,0.7,2.3,5.4
2025-08-01,2025-08,Dublin City - houses,Dublin City,Houses,173.5,1.3,3.9,7.2
2025-08-01,2025-08,Dun Laoghaire-Rathdown - houses,Dun Laoghaire-Rathdown,Houses,161.6,0.5,2.4,4.1
2025-08-01,2025-08,Fingal - houses,Fingal,Houses,173.1,-0.5,-0.1,4.4
2025-08-01,2025-08,Mid-East - houses,Mid-East,Houses,202.6,0.5,2.9,9.1
2025-08-01,2025-08,Mid-West - houses,Mid-West,Houses,241.0,0.5,3.5,9.9
2025-08-01,2025-08,Midland - houses,Midland,Houses,261.9,1.9,5.1,12.2
2025-08-01,2025-08,National - all residential properties,National,All residential,199.4,0.9,2.8,7.5
2025-08-01,2025-08,National - apartments,National,Apartments,194.0,1.0,1.9,6.8
2025-08-01,2025-08,National - houses,National,Houses,200.7,0.9,2.9,7.5
2025-08-01,2025-08,National excluding Dublin - all residential properties,National excluding Dublin,All residential,228.5,1.0,3.3,9.1
2025-08-01,2025-08,National excluding Dublin - apartments,National excluding Dublin,Apartments,250.3,1.2,3.3,9.6
2025-08-01,2025-08,National excluding Dublin - houses,National excluding Dublin,Houses,226.7,1.0,3.3,9.0
2025-08-01,2025-08,South Dublin - houses,South Dublin,Houses,177.6,1.3,2.4,5.8
2025-08-01,2025-08,South-East - houses,South-East,Houses,229.4,1.1,5.0,7.8
2025-08-01,2025-08,South-West - houses,South-West,Houses,225.3,1.2,2.4,9.6
2025-08-01,2025-08,West - houses,West,Houses,261.4,1.4,2.5,7.3
2025-09-01,2025-09,Border - houses,Border,Houses,243.9,0.0,2.7,5.4
2025-09-01,2025-09,Dublin - all residential properties,Dublin,All residential,173.1,0.8,2.0,5.3
2025-09-01,2025-09,Dublin - apartments,Dublin,Apartments,174.9,1.0,2.2,6.2
2025-09-01,2025-09,Dublin - houses,Dublin,Houses,173.3,0.7,1.9,5.1
2025-09-01,2025-09,Dublin City - houses,Dublin City,Houses,173.9,0.2,2.8,6.2
2025-09-01,2025-09,Dun Laoghaire-Rathdown - houses,Dun Laoghaire-Rathdown,Houses,163.5,1.2,1.9,4.8
2025-09-01,2025-09,Fingal - houses,Fingal,Houses,174.6,0.9,0.3,3.8
2025-09-01,2025-09,Mid-East - houses,Mid-East,Houses,203.2,0.3,1.9,9.2
2025-09-01,2025-09,Mid-West - houses,Mid-West,Houses,243.4,1.0,3.0,11.2
2025-09-01,2025-09,Midland - houses,Midland,Houses,266.5,1.8,5.3,13.8
2025-09-01,2025-09,National - all residential properties,National,All residential,201.0,0.8,2.5,7.5
2025-09-01,2025-09,National - apartments,National,Apartments,195.9,1.0,2.6,7.4
2025-09-01,2025-09,National - houses,National,Houses,202.2,0.7,2.5,7.5
2025-09-01,2025-09,National excluding Dublin - all residential properties,National excluding Dublin,All residential,230.4,0.8,2.9,9.2
2025-09-01,2025-09,National excluding Dublin - apartments,National excluding Dublin,Apartments,253.0,1.1,3.5,10.1
2025-09-01,2025-09,National excluding Dublin - houses,National excluding Dublin,Houses,228.5,0.8,2.9,9.1
2025-09-01,2025-09,South Dublin - houses,South Dublin,Houses,178.7,0.6,2.7,5.5
2025-09-01,2025-09,South-East - houses,South-East,Houses,232.8,1.5,4.9,8.6
2025-09-01,2025-09,South-West - houses,South-West,Houses,227.9,1.1,2.7,9.4
2025-09-01,2025-09,West - houses,West,Houses,262.5,0.4,2.1,6.0
2025-10-01,2025-10,Border - houses,Border,Houses,247.1,1.3,3.4,6.3
2025-10-01,2025-10,Dublin - all residential properties,Dublin,All residential,174.4,0.7,2.2,5.5
2025-10-01,2025-10,Dublin - apartments,Dublin,Apartments,176.8,1.1,2.9,6.3
2025-10-01,2025-10,Dublin - houses,Dublin,Houses,174.5,0.7,2.0,5.3
2025-10-01,2025-10,Dublin City - houses,Dublin City,Houses,174.9,0.6,2.1,5.9
2025-10-01,2025-10,Dun Laoghaire-Rathdown - houses,Dun Laoghaire-Rathdown,Houses,164.3,0.5,2.2,4.8
2025-10-01,2025-10,Fingal - houses,Fingal,Houses,176.2,0.9,1.3,4.6
2025-10-01,2025-10,Mid-East - houses,Mid-East,Houses,203.2,0.0,0.8,8.3
2025-10-01,2025-10,Mid-West - houses,Mid-West,Houses,242.2,-0.5,1.0,8.3
2025-10-01,2025-10,Midland - houses,Midland,Houses,272.2,2.1,5.9,14.9
2025-10-01,2025-10,National - all residential properties,National,All residential,202.2,0.6,2.3,7.3
2025-10-01,2025-10,National - apartments,National,Apartments,197.8,1.0,3.0,7.6
2025-10-01,2025-10,National - houses,National,Houses,203.3,0.6,2.2,7.2
2025-10-01,2025-10,National excluding Dublin - all residential properties,National excluding Dublin,All residential,231.5,0.5,2.4,8.7
2025-10-01,2025-10,National excluding Dublin - apartments,National excluding Dublin,Apartments,255.1,0.8,3.1,10.7
2025-10-01,2025-10,National excluding Dublin - houses,National excluding Dublin,Houses,229.6,0.5,2.3,8.6
2025-10-01,2025-10,South Dublin - houses,South Dublin,Houses,180.0,0.7,2.7,5.9
2025-10-01,2025-10,South-East - houses,South-East,Houses,233.3,0.2,2.8,8.0
2025-10-01,2025-10,South-West - houses,South-West,Houses,230.0,0.9,3.3,9.1
2025-10-01,2025-10,West - houses,West,Houses,264.0,0.6,2.4,5.9
2025-11-01,2025-11,Border - houses,Border,Houses,248.4,0.6,1.8,6.7
2025-11-01,2025-11,Dublin - all residential properties,Dublin,All residential,175.2,0.4,2.0,5.2
2025-11-01,2025-11,Dublin - apartments,Dublin,Apartments,177.5,0.4,2.5,5.7
2025-11-01,2025-11,Dublin - houses,Dublin,Houses,175.3,0.5,1.8,5.1
2025-11-01,2025-11,Dublin City - houses,Dublin City,Houses,175.4,0.3,1.1,5.6
2025-11-01,2025-11,Dun Laoghaire-Rathdown - houses,Dun Laoghaire-Rathdown,Houses,164.7,0.2,1.9,4.6
2025-11-01,2025-11,Fingal - houses,Fingal,Houses,177.5,0.7,2.5,4.3
2025-11-01,2025-11,Mid-East - houses,Mid-East,Houses,203.1,-0.1,0.2,7.6
2025-11-01,2025-11,Mid-West - houses,Mid-West,Houses,241.8,-0.2,0.3,7.2
2025-11-01,2025-11,Midland - houses,Midland,Houses,272.5,0.1,4.0,13.9
2025-11-01,2025-11,National - all residential properties,National,All residential,203.1,0.4,1.8,6.8
2025-11-01,2025-11,National - apartments,National,Apartments,198.7,0.5,2.5,7.3
2025-11-01,2025-11,National - houses,National,Houses,204.2,0.4,1.7,6.7
2025-11-01,2025-11,National excluding Dublin - all residential properties,National excluding Dublin,All residential,232.5,0.4,1.8,8.1
2025-11-01,2025-11,National excluding Dublin - apartments,National excluding Dublin,Apartments,256.5,0.6,2.5,11.1
2025-11-01,2025-11,National excluding Dublin - houses,National excluding Dublin,Houses,230.5,0.4,1.7,7.9
2025-11-01,2025-11,South Dublin - houses,South Dublin,Houses,181.4,0.8,2.1,6.0
2025-11-01,2025-11,South-East - houses,South-East,Houses,233.9,0.2,1.9,6.9
2025-11-01,2025-11,South-West - houses,South-West,Houses,232.0,0.9,2.9,7.7
2025-11-01,2025-11,West - houses,West,Houses,269.4,2.0,3.1,7.0
2025-12-01,2025-12,Border - houses,Border,Houses,253.5,2.0,3.9,7.7
2025-12-01,2025-12,Dublin - all residential properties,Dublin,All residential,175.9,0.4,1.6,5.6
2025-12-01,2025-12,Dublin - apartments,Dublin,Apartments,180.0,1.4,2.9,7.1
2025-12-01,2025-12,Dublin - houses,Dublin,Houses,175.5,0.2,1.3,5.2
2025-12-01,2025-12,Dublin City - houses,Dublin City,Houses,176.8,0.8,1.7,6.7
2025-12-01,2025-12,Dun Laoghaire-Rathdown - houses,Dun Laoghaire-Rathdown,Houses,164.6,0.0,0.7,4.2
2025-12-01,2025-12,Fingal - houses,Fingal,Houses,176.2,-0.7,0.9,3.9
2025-12-01,2025-12,Mid-East - houses,Mid-East,Houses,203.9,0.4,0.3,6.5
2025-12-01,2025-12,Mid-West - houses,Mid-West,Houses,243.1,0.5,-0.1,6.0
2025-12-01,2025-12,Midland - houses,Midland,Houses,277.0,1.6,3.9,14.6
2025-12-01,2025-12,National - all residential properties,National,All residential,204.4,0.6,1.7,6.8
2025-12-01,2025-12,National - apartments,National,Apartments,201.8,1.5,3.0,8.6
2025-12-01,2025-12,National - houses,National,Houses,205.1,0.5,1.5,6.6
2025-12-01,2025-12,National excluding Dublin - all residential properties,National excluding Dublin,All residential,234.3,0.8,1.7,7.9
2025-12-01,2025-12,National excluding Dublin - apartments,National excluding Dublin,Apartments,260.9,1.7,3.1,12.3
2025-12-01,2025-12,National excluding Dublin - houses,National excluding Dublin,Houses,232.1,0.7,1.6,7.5
2025-12-01,2025-12,South Dublin - houses,South Dublin,Houses,182.1,0.4,1.9,5.5
2025-12-01,2025-12,South-East - houses,South-East,Houses,235.5,0.7,1.2,7.7
2025-12-01,2025-12,South-West - houses,South-West,Houses,233.6,0.7,2.5,7.9
2025-12-01,2025-12,West - houses,West,Houses,269.3,0.0,2.6,5.9
2026-01-01,2026-01,Border - houses,Border,Houses,254.3,0.3,2.9,9.1
2026-01-01,2026-01,Dublin - all residential properties,Dublin,All residential,177.1,0.6,1.5,6.1
2026-01-01,2026-01,Dublin - apartments,Dublin,Apartments,181.4,0.7,2.6,8.2
2026-01-01,2026-01,Dublin - houses,Dublin,Houses,176.6,0.6,1.2,5.5
2026-01-01,2026-01,Dublin City - houses,Dublin City,Houses,178.5,0.9,2.1,7.7
2026-01-01,2026-01,Dun Laoghaire-Rathdown - houses,Dun Laoghaire-Rathdown,Houses,166.0,0.8,1.0,4.9
2026-01-01,2026-01,Fingal - houses,Fingal,Houses,176.7,0.3,0.3,3.3
2026-01-01,2026-01,Mid-East - houses,Mid-East,Houses,204.6,0.3,0.7,6.5
2026-01-01,2026-01,Mid-West - houses,Mid-West,Houses,241.8,-0.6,-0.2,5.4
2026-01-01,2026-01,Midland - houses,Midland,Houses,282.5,2.0,3.8,15.7
2026-01-01,2026-01,National - all residential properties,National,All residential,205.2,0.4,1.5,7.1
2026-01-01,2026-01,National - apartments,National,Apartments,203.2,0.7,2.7,9.6
2026-01-01,2026-01,National - houses,National,Houses,205.9,0.4,1.3,6.7
2026-01-01,2026-01,National excluding Dublin - all residential properties,National excluding Dublin,All residential,234.8,0.2,1.4,7.9
2026-01-01,2026-01,National excluding Dublin - apartments,National excluding Dublin,Apartments,262.4,0.6,2.9,12.9
2026-01-01,2026-01,National excluding Dublin - houses,National excluding Dublin,Houses,232.6,0.2,1.3,7.5
2026-01-01,2026-01,South Dublin - houses,South Dublin,Houses,182.4,0.1,1.3,5.2
2026-01-01,2026-01,South-East - houses,South-East,Houses,236.3,0.3,1.3,8.7
2026-01-01,2026-01,South-West - houses,South-West,Houses,232.6,-0.4,1.2,6.7
2026-01-01,2026-01,West - houses,West,Houses,270.3,0.4,2.4,6.2
2026-02-01,2026-02,Border - houses,Border,Houses,256.4,0.8,3.2,9.8
2026-02-01,2026-02,Dublin - all residential properties,Dublin,All residential,176.3,-0.4,0.7,5.6
2026-02-01,2026-02,Dublin - apartments,Dublin,Apartments,180.8,-0.3,1.9,8.0
2026-02-01,2026-02,Dublin - houses,Dublin,Houses,175.8,-0.5,0.3,5.0
2026-02-01,2026-02,Dublin City - houses,Dublin City,Houses,177.4,-0.6,1.1,7.1
2026-02-01,2026-02,Dun Laoghaire-Rathdown - houses,Dun Laoghaire-Rathdown,Houses,165.6,-0.3,0.5,4.5
2026-02-01,2026-02,Fingal - houses,Fingal,Houses,176.0,-0.4,-0.8,3.0
2026-02-01,2026-02,Mid-East - houses,Mid-East,Houses,205.0,0.2,1.0,6.9
2026-02-01,2026-02,Mid-West - houses,Mid-West,Houses,242.6,0.3,0.3,5.7
2026-02-01,2026-02,Midland - houses,Midland,Houses,284.0,0.5,4.2,15.3
2026-02-01,2026-02,National - all residential properties,National,All residential,204.7,-0.2,0.8,6.7
2026-02-01,2026-02,National - apartments,National,Apartments,202.9,-0.1,2.1,9.5
2026-02-01,2026-02,National - houses,National,Houses,205.3,-0.3,0.6,6.3
2026-02-01,2026-02,National excluding Dublin - all residential properties,National excluding Dublin,All residential,234.6,-0.1,0.9,7.6
2026-02-01,2026-02,National excluding Dublin - apartments,National excluding Dublin,Apartments,263.1,0.3,2.6,13.0
2026-02-01,2026-02,National excluding Dublin - houses,National excluding Dublin,Houses,232.3,-0.1,0.8,7.2
2026-02-01,2026-02,South Dublin - houses,South Dublin,Houses,181.3,-0.6,0.0,4.5
2026-02-01,2026-02,South-East - houses,South-East,Houses,237.2,0.4,1.4,9.2
2026-02-01,2026-02,South-West - houses,South-West,Houses,229.8,-1.2,-1.0,4.5
2026-02-01,2026-02,West - houses,West,Houses,267.7,-1.0,-0.6,5.5
2026-03-01,2026-03,Border - houses,Border,Houses,255.7,-0.2,0.9,10.3
2026-03-01,2026-03,Dublin - all residential properties,Dublin,All residential,176.4,0.0,0.3,6.0
2026-03-01,2026-03,Dublin - apartments,Dublin,Apartments,181.8,0.6,1.0,8.3
2026-03-01,2026-03,Dublin - houses,Dublin,Houses,175.6,-0.1,0.0,5.3
2026-03-01,2026-03,Dublin City - houses,Dublin City,Houses,175.7,-0.9,-0.6,6.1
2026-03-01,2026-03,Dun Laoghaire-Rathdown - houses,Dun Laoghaire-Rathdown,Houses,166.0,0.3,0.8,5.9
2026-03-01,2026-03,Fingal - houses,Fingal,Houses,178.0,1.1,1.0,4.2
2026-03-01,2026-03,Mid-East - houses,Mid-East,Houses,206.2,0.5,1.1,6.5
2026-03-01,2026-03,Mid-West - houses,Mid-West,Houses,243.6,0.4,0.2,6.5
2026-03-01,2026-03,Midland - houses,Midland,Houses,282.1,-0.7,1.8,13.3
2026-03-01,2026-03,National - all residential properties,National,All residential,204.9,0.1,0.3,6.7
2026-03-01,2026-03,National - apartments,National,Apartments,203.8,0.5,1.0,9.3
2026-03-01,2026-03,National - houses,National,Houses,205.4,0.0,0.1,6.2
2026-03-01,2026-03,National excluding Dublin - all residential properties,National excluding Dublin,All residential,234.9,0.1,0.3,7.2
2026-03-01,2026-03,National excluding Dublin - apartments,National excluding Dublin,Apartments,263.7,0.2,1.1,11.7
2026-03-01,2026-03,National excluding Dublin - houses,National excluding Dublin,Houses,232.5,0.1,0.2,6.9
2026-03-01,2026-03,South Dublin - houses,South Dublin,Houses,179.8,-0.8,-1.3,4.6
2026-03-01,2026-03,South-East - houses,South-East,Houses,238.8,0.7,1.4,9.5
2026-03-01,2026-03,South-West - houses,South-West,Houses,228.5,-0.5,-2.2,3.5
2026-03-01,2026-03,West - houses,West,Houses,267.0,-0.3,-0.9,5.3
2026-04-01,2026-04,Border - houses,Border,Houses,257.5,0.7,1.2,10.5
2026-04-01,2026-04,Dublin - all residential properties,Dublin,All residential,176.5,0.1,-0.3,5.6
2026-04-01,2026-04,Dublin - apartments,Dublin,Apartments,181.7,-0.1,0.2,7.4
2026-04-01,2026-04,Dublin - houses,Dublin,Houses,175.8,0.1,-0.5,5.0
2026-04-01,2026-04,Dublin City - houses,Dublin City,Houses,174.8,-0.6,-2.1,5.5
2026-04-01,2026-04,Dun Laoghaire-Rathdown - houses,Dun Laoghaire-Rathdown,Houses,166.3,0.1,0.1,6.1
2026-04-01,2026-04,Fingal - houses,Fingal,Houses,180.0,1.1,1.9,4.0
2026-04-01,2026-04,Mid-East - houses,Mid-East,Houses,207.3,0.5,1.3,6.2
2026-04-01,2026-04,Mid-West - houses,Mid-West,Houses,241.2,-1.0,-0.2,5.0
2026-04-01,2026-04,Midland - houses,Midland,Houses,280.1,-0.7,-0.9,12.7
2026-04-01,2026-04,National - all residential properties,National,All residential,205.0,0.1,-0.1,6.3
2026-04-01,2026-04,National - apartments,National,Apartments,203.8,0.0,0.3,8.1
2026-04-01,2026-04,National - houses,National,Houses,205.5,0.1,-0.2,6.0
2026-04-01,2026-04,National excluding Dublin - all residential properties,National excluding Dublin,All residential,235.1,0.1,0.1,6.8
2026-04-01,2026-04,National excluding Dublin - apartments,National excluding Dublin,Apartments,263.8,0.0,0.5,9.7
2026-04-01,2026-04,National excluding Dublin - houses,National excluding Dublin,Houses,232.7,0.1,0.1,6.6
2026-04-01,2026-04,South Dublin - houses,South Dublin,Houses,179.6,-0.1,-1.5,3.8
2026-04-01,2026-04,South-East - houses,South-East,Houses,238.7,0.0,1.0,9.1
2026-04-01,2026-04,South-West - houses,South-West,Houses,228.4,0.0,-1.8,3.8
2026-04-01,2026-04,West - houses,West,Houses,267.7,0.2,-1.0,5.5
2026-05-01,2026-05,Border - houses,Border,Houses,260.0,1.0,1.4,11.5
2026-05-01,2026-05,Dublin - all residential properties,Dublin,All residential,176.7,0.1,0.2,5.0
2026-05-01,2026-05,Dublin - apartments,Dublin,Apartments,181.6,-0.1,0.4,6.2
2026-05-01,2026-05,Dublin - houses,Dublin,Houses,176.0,0.1,0.1,4.7
2026-05-01,2026-05,Dublin City - houses,Dublin City,Houses,174.5,-0.1,-1.6,4.6
2026-05-01,2026-05,Dun Laoghaire-Rathdown - houses,Dun Laoghaire-Rathdown,Houses,167.4,0.7,1.1,6.1
2026-05-01,2026-05,Fingal - houses,Fingal,Houses,180.0,0.0,2.3,3.9
2026-05-01,2026-05,Mid-East - houses,Mid-East,Houses,208.6,0.7,1.7,5.9
2026-05-01,2026-05,Mid-West - houses,Mid-West,Houses,244.1,1.2,0.6,4.8
2026-05-01,2026-05,Midland - houses,Midland,Houses,280.4,0.1,-1.2,12.5
2026-05-01,2026-05,National - all residential properties,National,All residential,205.9,0.4,0.6,6.1
2026-05-01,2026-05,National - apartments,National,Apartments,204.3,0.3,0.7,7.4
2026-05-01,2026-05,National - houses,National,Houses,206.4,0.4,0.5,5.9
2026-05-01,2026-05,National excluding Dublin - all residential properties,National excluding Dublin,All residential,236.6,0.7,0.8,7.0
2026-05-01,2026-05,National excluding Dublin - apartments,National excluding Dublin,Apartments,266.3,1.0,1.2,9.9
2026-05-01,2026-05,National excluding Dublin - houses,National excluding Dublin,Houses,234.1,0.6,0.8,6.7
2026-05-01,2026-05,South Dublin - houses,South Dublin,Houses,179.7,0.1,-0.9,3.6
2026-05-01,2026-05,South-East - houses,South-East,Houses,242.2,1.4,2.1,10.9
2026-05-01,2026-05,South-West - houses,South-West,Houses,228.5,0.1,-0.5,3.8
2026-05-01,2026-05,West - houses,West,Houses,268.3,0.2,0.2,5.2
2026-06-01,2026-06,Border - houses,Border,Houses,262.4,0.9,2.6,10.5
2026-06-01,2026-06,Dublin - all residential properties,Dublin,All residential,177.4,0.4,0.6,4.6
2026-06-01,2026-06,Dublin - apartments,Dublin,Apartments,183.1,0.8,0.7,7.0
2026-06-01,2026-06,Dublin - houses,Dublin,Houses,176.6,0.3,0.6,3.9
2026-06-01,2026-06,Dublin City - houses,Dublin City,Houses,175.3,0.4,-0.3,3.6
2026-06-01,2026-06,Dun Laoghaire-Rathdown - houses,Dun Laoghaire-Rathdown,Houses,168.2,0.5,1.3,4.8
2026-06-01,2026-06,Fingal - houses,Fingal,Houses,179.6,-0.2,0.9,3.2
2026-06-01,2026-06,Mid-East - houses,Mid-East,Houses,210.4,0.8,2.1,5.5
2026-06-01,2026-06,Mid-West - houses,Mid-West,Houses,245.5,0.5,0.8,3.9
2026-06-01,2026-06,Midland - houses,Midland,Houses,278.4,-0.7,-1.3,10.0
2026-06-01,2026-06,National - all residential properties,National,All residential,206.9,0.5,1.0,5.6
2026-06-01,2026-06,National - apartments,National,Apartments,206.1,0.9,1.1,8.0
2026-06-01,2026-06,National - houses,National,Houses,207.4,0.5,1.0,5.2
2026-06-01,2026-06,National excluding Dublin - all residential properties,National excluding Dublin,All residential,238.1,0.6,1.3,6.4
2026-06-01,2026-06,National excluding Dublin - apartments,National excluding Dublin,Apartments,269.3,1.1,2.1,10.2
2026-06-01,2026-06,National excluding Dublin - houses,National excluding Dublin,Houses,235.5,0.6,1.3,6.0
2026-06-01,2026-06,South Dublin - houses,South Dublin,Houses,180.7,0.5,0.5,3.8
2026-06-01,2026-06,South-East - houses,South-East,Houses,243.6,0.6,2.0,9.8
2026-06-01,2026-06,South-West - houses,South-West,Houses,230.2,0.7,0.7,3.7
2026-06-01,2026-06,West - houses,West,Houses,268.6,0.1,0.6,4.5
