date,period,year,quarter,series,region,property_type,pct_1m,pct_12m,pct_3m,index
2005-01-01,2005-01,2005,2005Q1,Dublin - all residential properties,Dublin,All residential,,,,118.5
2005-01-01,2005-01,2005,2005Q1,Dublin - apartments,Dublin,Apartments,,,,144.0
2005-01-01,2005-01,2005,2005Q1,Dublin - houses,Dublin,Houses,,,,112.0
2005-01-01,2005-01,2005,2005Q1,National - all residential properties,National,All residential,,,,124.9
2005-01-01,2005-01,2005,2005Q1,National - apartments,National,Apartments,,,,153.4
2005-01-01,2005-01,2005,2005Q1,National - houses,National,Houses,,,,120.7
2005-01-01,2005-01,2005,2005Q1,National excluding Dublin - all residential properties,National excluding Dublin,All residential,,,,142.1
2005-01-01,2005-01,2005,2005Q1,National excluding Dublin - apartments,National excluding Dublin,Apartments,,,,200.3
2005-01-01,2005-01,2005,2005Q1,National excluding Dublin - houses,National excluding Dublin,Houses,,,,139.0
2005-02-01,2005-02,2005,2005Q1,Dublin - all residential properties,Dublin,All residential,2.1,,,121.0
2005-02-01,2005-02,2005,2005Q1,Dublin - apartments,Dublin,Apartments,3.3,,,148.8
2005-02-01,2005-02,2005,2005Q1,Dublin - houses,Dublin,Houses,1.7,,,113.9
2005-02-01,2005-02,2005,2005Q1,National - all residential properties,National,All residential,0.8,,,125.9
2005-02-01,2005-02,2005,2005Q1,National - apartments,National,Apartments,0.2,,,153.8
2005-02-01,2005-02,2005,2005Q1,National - houses,National,Houses,0.9,,,121.8
2005-02-01,2005-02,2005,2005Q1,National excluding Dublin - all residential properties,National excluding Dublin,All residential,0.1,,,142.2
2005-02-01,2005-02,2005,2005Q1,National excluding Dublin - apartments,National excluding Dublin,Apartments,-5.8,,,188.6
2005-02-01,2005-02,2005,2005Q1,National excluding Dublin - houses,National excluding Dublin,Houses,0.6,,,139.7
2005-03-01,2005-03,2005,2005Q1,Dublin - all residential properties,Dublin,All residential,0.7,,,121.9
2005-03-01,2005-03,2005,2005Q1,Dublin - apartments,Dublin,Apartments,0.8,,,150.0
2005-03-01,2005-03,2005,2005Q1,Dublin - houses,Dublin,Houses,0.9,,,114.9
2005-03-01,2005-03,2005,2005Q1,National - all residential properties,National,All residential,0.6,,,126.6
2005-03-01,2005-03,2005,2005Q1,National - apartments,National,Apartments,-0.1,,,153.7
2005-03-01,2005-03,2005,2005Q1,National - houses,National,Houses,0.7,,,122.7
2005-03-01,2005-03,2005,2005Q1,National excluding Dublin - all residential properties,National excluding Dublin,All residential,0.4,,,142.9
2005-03-01,2005-03,2005,2005Q1,National excluding Dublin - apartments,National excluding Dublin,Apartments,-2.2,,,184.4
2005-03-01,2005-03,2005,2005Q1,National excluding Dublin - houses,National excluding Dublin,Houses,0.6,,,140.5
2005-04-01,2005-04,2005,2005Q2,Dublin - all residential properties,Dublin,All residential,0.7,,3.6,122.7
2005-04-01,2005-04,2005,2005Q2,Dublin - apartments,Dublin,Apartments,0.0,,4.2,150.1
2005-04-01,2005-04,2005,2005Q2,Dublin - houses,Dublin,Houses,1.1,,3.7,116.2
2005-04-01,2005-04,2005,2005Q2,National - all residential properties,National,All residential,0.7,,2.1,127.5
2005-04-01,2005-04,2005,2005Q2,National - apartments,National,Apartments,-0.1,,0.0,153.5
2005-04-01,2005-04,2005,2005Q2,National - houses,National,Houses,0.8,,2.4,123.7
2005-04-01,2005-04,2005,2005Q2,National excluding Dublin - all residential properties,National excluding Dublin,All residential,0.7,,1.2,143.8
2005-04-01,2005-04,2005,2005Q2,National excluding Dublin - apartments,National excluding Dublin,Apartments,-0.9,,-8.7,182.8
2005-04-01,2005-04,2005,2005Q2,National excluding Dublin - houses,National excluding Dublin,Houses,0.7,,1.8,141.5
2005-05-01,2005-05,2005,2005Q2,Dublin - all residential properties,Dublin,All residential,0.7,,2.2,123.7
2005-05-01,2005-05,2005,2005Q2,Dublin - apartments,Dublin,Apartments,0.0,,0.8,150.1
2005-05-01,2005-05,2005,2005Q2,Dublin - houses,Dublin,Houses,1.1,,3.1,117.4
2005-05-01,2005-05,2005,2005Q2,National - all residential properties,National,All residential,0.7,,2.0,128.4
2005-05-01,2005-05,2005,2005Q2,National - apartments,National,Apartments,0.1,,-0.1,153.7
2005-05-01,2005-05,2005,2005Q2,National - houses,National,Houses,0.8,,2.3,124.6
2005-05-01,2005-05,2005,2005Q2,National excluding Dublin - all residential properties,National excluding Dublin,All residential,0.7,,1.8,144.8
2005-05-01,2005-05,2005,2005Q2,National excluding Dublin - apartments,National excluding Dublin,Apartments,0.6,,-2.5,184.0
2005-05-01,2005-05,2005,2005Q2,National excluding Dublin - houses,National excluding Dublin,Houses,0.7,,1.9,142.5
2005-06-01,2005-06,2005,2005Q2,Dublin - all residential properties,Dublin,All residential,0.1,,1.6,123.8
2005-06-01,2005-06,2005,2005Q2,Dublin - apartments,Dublin,Apartments,-0.5,,-0.4,149.4
2005-06-01,2005-06,2005,2005Q2,Dublin - houses,Dublin,Houses,0.3,,2.4,117.7
2005-06-01,2005-06,2005,2005Q2,National - all residential properties,National,All residential,0.9,,2.3,129.5
2005-06-01,2005-06,2005,2005Q2,National - apartments,National,Apartments,-0.3,,-0.3,153.2
2005-06-01,2005-06,2005,2005Q2,National - houses,National,Houses,1.1,,2.7,126.0
2005-06-01,2005-06,2005,2005Q2,National excluding Dublin - all residential properties,National excluding Dublin,All residential,1.3,,2.7,146.7
2005-06-01,2005-06,2005,2005Q2,National excluding Dublin - apartments,National excluding Dublin,Apartments,-0.2,,-0.5,183.6
2005-06-01,2005-06,2005,2005Q2,National excluding Dublin - houses,National excluding Dublin,Houses,1.5,,2.8,144.5
2005-07-01,2005-07,2005,2005Q3,Dublin - all residential properties,Dublin,All residential,1.2,,2.1,125.3
2005-07-01,2005-07,2005,2005Q3,Dublin - apartments,Dublin,Apartments,-0.4,,-0.9,148.8
2005-07-01,2005-07,2005,2005Q3,Dublin - houses,Dublin,Houses,1.7,,3.0,119.7
2005-07-01,2005-07,2005,2005Q3,National - all residential properties,National,All residential,1.6,,3.2,131.6
2005-07-01,2005-07,2005,2005Q3,National - apartments,National,Apartments,0.2,,0.1,153.6
2005-07-01,2005-07,2005,2005Q3,National - houses,National,Houses,1.7,,3.6,128.2
2005-07-01,2005-07,2005,2005Q3,National excluding Dublin - all residential properties,National excluding Dublin,All residential,1.8,,3.8,149.3
2005-07-01,2005-07,2005,2005Q3,National excluding Dublin - apartments,National excluding Dublin,Apartments,2.0,,2.4,187.2
2005-07-01,2005-07,2005,2005Q3,National excluding Dublin - houses,National excluding Dublin,Houses,1.8,,3.9,147.1
2005-08-01,2005-08,2005,2005Q3,Dublin - all residential properties,Dublin,All residential,1.9,,3.3,127.7
2005-08-01,2005-08,2005,2005Q3,Dublin - apartments,Dublin,Apartments,1.2,,0.4,150.6
2005-08-01,2005-08,2005,2005Q3,Dublin - houses,Dublin,Houses,1.9,,3.9,122.0
2005-08-01,2005-08,2005,2005Q3,National - all residential properties,National,All residential,1.7,,4.2,133.8
2005-08-01,2005-08,2005,2005Q3,National - apartments,National,Apartments,1.4,,1.4,155.8
2005-08-01,2005-08,2005,2005Q3,National - houses,National,Houses,1.6,,4.4,130.2
2005-08-01,2005-08,2005,2005Q3,National excluding Dublin - all residential properties,National excluding Dublin,All residential,1.5,,4.7,151.6
2005-08-01,2005-08,2005,2005Q3,National excluding Dublin - apartments,National excluding Dublin,Apartments,3.5,,5.3,193.7
2005-08-01,2005-08,2005,2005Q3,National excluding Dublin - houses,National excluding Dublin,Houses,1.4,,4.7,149.1
2005-09-01,2005-09,2005,2005Q3,Dublin - all residential properties,Dublin,All residential,1.8,,5.0,130.0
2005-09-01,2005-09,2005,2005Q3,Dublin - apartments,Dublin,Apartments,2.1,,3.0,153.8
2005-09-01,2005-09,2005,2005Q3,Dublin - houses,Dublin,Houses,1.5,,5.1,123.8
2005-09-01,2005-09,2005,2005Q3,National - all residential properties,National,All residential,1.1,,4.4,135.2
2005-09-01,2005-09,2005,2005Q3,National - apartments,National,Apartments,1.6,,3.3,158.3
2005-09-01,2005-09,2005,2005Q3,National - houses,National,Houses,0.9,,4.3,131.3
2005-09-01,2005-09,2005,2005Q3,National excluding Dublin - all residential properties,National excluding Dublin,All residential,0.7,,4.0,152.7
2005-09-01,2005-09,2005,2005Q3,National excluding Dublin - apartments,National excluding Dublin,Apartments,1.8,,7.4,197.2
2005-09-01,2005-09,2005,2005Q3,National excluding Dublin - houses,National excluding Dublin,Houses,0.7,,3.9,150.1
2005-10-01,2005-10,2005,2005Q4,Dublin - all residential properties,Dublin,All residential,2.8,,6.7,133.7
2005-10-01,2005-10,2005,2005Q4,Dublin - apartments,Dublin,Apartments,1.5,,5.0,156.2
2005-10-01,2005-10,2005,2005Q4,Dublin - houses,Dublin,Houses,3.2,,6.7,127.7
2005-10-01,2005-10,2005,2005Q4,National - all residential properties,National,All residential,2.1,,5.0,138.1
2005-10-01,2005-10,2005,2005Q4,National - apartments,National,Apartments,2.0,,5.1,161.4
2005-10-01,2005-10,2005,2005Q4,National - houses,National,Houses,2.1,,4.6,134.1
2005-10-01,2005-10,2005,2005Q4,National excluding Dublin - all residential properties,National excluding Dublin,All residential,1.7,,4.0,155.3
2005-10-01,2005-10,2005,2005Q4,National excluding Dublin - apartments,National excluding Dublin,Apartments,4.0,,9.5,205.0
2005-10-01,2005-10,2005,2005Q4,National excluding Dublin - houses,National excluding Dublin,Houses,1.6,,3.7,152.5
2005-11-01,2005-11,2005,2005Q4,Dublin - all residential properties,Dublin,All residential,1.3,,6.0,135.4
2005-11-01,2005-11,2005,2005Q4,Dublin - apartments,Dublin,Apartments,1.1,,4.8,157.8
2005-11-01,2005-11,2005,2005Q4,Dublin - houses,Dublin,Houses,1.4,,6.1,129.5
2005-11-01,2005-11,2005,2005Q4,National - all residential properties,National,All residential,0.9,,4.1,139.3
2005-11-01,2005-11,2005,2005Q4,National - apartments,National,Apartments,1.3,,4.9,163.4
2005-11-01,2005-11,2005,2005Q4,National - houses,National,Houses,0.9,,3.9,135.3
2005-11-01,2005-11,2005,2005Q4,National excluding Dublin - all residential properties,National excluding Dublin,All residential,0.6,,3.1,156.3
2005-11-01,2005-11,2005,2005Q4,National excluding Dublin - apartments,National excluding Dublin,Apartments,1.4,,7.3,207.8
2005-11-01,2005-11,2005,2005Q4,National excluding Dublin - houses,National excluding Dublin,Houses,0.6,,2.9,153.5
2005-12-01,2005-12,2005,2005Q4,Dublin - all residential properties,Dublin,All residential,0.6,,4.7,136.2
2005-12-01,2005-12,2005,2005Q4,Dublin - apartments,Dublin,Apartments,1.4,,4.1,160.1
2005-12-01,2005-12,2005,2005Q4,Dublin - houses,Dublin,Houses,0.3,,4.9,129.9
2005-12-01,2005-12,2005,2005Q4,National - all residential properties,National,All residential,1.0,,4.0,140.7
2005-12-01,2005-12,2005,2005Q4,National - apartments,National,Apartments,1.8,,5.1,166.4
2005-12-01,2005-12,2005,2005Q4,National - houses,National,Houses,0.9,,3.9,136.5
2005-12-01,2005-12,2005,2005Q4,National excluding Dublin - all residential properties,National excluding Dublin,All residential,1.2,,3.7,158.2
2005-12-01,2005-12,2005,2005Q4,National excluding Dublin - apartments,National excluding Dublin,Apartments,2.6,,8.1,213.2
2005-12-01,2005-12,2005,2005Q4,National excluding Dublin - houses,National excluding Dublin,Houses,1.2,,3.4,155.3
2006-01-01,2006-01,2006,2006Q1,Dublin - all residential properties,Dublin,All residential,0.5,15.4,2.3,136.8
2006-01-01,2006-01,2006,2006Q1,Dublin - apartments,Dublin,Apartments,-0.1,11.0,2.4,159.9
2006-01-01,2006-01,2006,2006Q1,Dublin - houses,Dublin,Houses,0.8,16.9,2.5,130.9
2006-01-01,2006-01,2006,2006Q1,National - all residential properties,National,All residential,0.5,13.2,2.4,141.4
2006-01-01,2006-01,2006,2006Q1,National - apartments,National,Apartments,0.8,9.3,4.0,167.8
2006-01-01,2006-01,2006,2006Q1,National - houses,National,Houses,0.6,13.7,2.4,137.3
2006-01-01,2006-01,2006,2006Q1,National excluding Dublin - all residential properties,National excluding Dublin,All residential,0.5,11.9,2.4,159.0
2006-01-01,2006-01,2006,2006Q1,National excluding Dublin - apartments,National excluding Dublin,Apartments,1.5,8.0,5.5,216.3
2006-01-01,2006-01,2006,2006Q1,National excluding Dublin - houses,National excluding Dublin,Houses,0.5,12.2,2.3,156.0
2006-02-01,2006-02,2006,2006Q1,Dublin - all residential properties,Dublin,All residential,0.8,14.0,1.9,137.9
2006-02-01,2006-02,2006,2006Q1,Dublin - apartments,Dublin,Apartments,0.5,8.0,1.8,160.7
2006-02-01,2006-02,2006,2006Q1,Dublin - houses,Dublin,Houses,1.0,16.1,2.2,132.3
2006-02-01,2006-02,2006,2006Q1,National - all residential properties,National,All residential,0.3,12.5,1.7,141.7
2006-02-01,2006-02,2006,2006Q1,National - apartments,National,Apartments,0.7,9.9,3.4,169.0
2006-02-01,2006-02,2006,2006Q1,National - houses,National,Houses,0.3,13.0,1.8,137.7
2006-02-01,2006-02,2006,2006Q1,National excluding Dublin - all residential properties,National excluding Dublin,All residential,-0.1,11.7,1.7,158.9
2006-02-01,2006-02,2006,2006Q1,National excluding Dublin - apartments,National excluding Dublin,Apartments,-0.1,14.6,4.0,216.2
2006-02-01,2006-02,2006,2006Q1,National excluding Dublin - houses,National excluding Dublin,Houses,0.0,11.6,1.6,155.9
2006-03-01,2006-03,2006,2006Q1,Dublin - all residential properties,Dublin,All residential,0.6,13.8,1.9,138.7
2006-03-01,2006-03,2006,2006Q1,Dublin - apartments,Dublin,Apartments,0.5,7.6,0.8,161.4
2006-03-01,2006-03,2006,2006Q1,Dublin - houses,Dublin,Houses,0.6,15.8,2.5,133.1
2006-03-01,2006-03,2006,2006Q1,National - all residential properties,National,All residential,0.5,12.5,1.3,142.5
2006-03-01,2006-03,2006,2006Q1,National - apartments,National,Apartments,0.6,10.7,2.2,170.1
2006-03-01,2006-03,2006,2006Q1,National - houses,National,Houses,0.6,12.9,1.5,138.5
2006-03-01,2006-03,2006,2006Q1,National excluding Dublin - all residential properties,National excluding Dublin,All residential,0.5,11.8,0.9,159.7
2006-03-01,2006-03,2006,2006Q1,National excluding Dublin - apartments,National excluding Dublin,Apartments,-0.1,17.2,1.4,216.0
2006-03-01,2006-03,2006,2006Q1,National excluding Dublin - houses,National excluding Dublin,Houses,0.6,11.6,1.0,156.8
2006-04-01,2006-04,2006,2006Q2,Dublin - all residential properties,Dublin,All residential,1.8,15.1,3.3,141.3
2006-04-01,2006-04,2006,2006Q2,Dublin - apartments,Dublin,Apartments,2.1,9.8,3.1,164.8
2006-04-01,2006-04,2006,2006Q2,Dublin - houses,Dublin,Houses,1.6,16.4,3.3,135.2
2006-04-01,2006-04,2006,2006Q2,National - all residential properties,National,All residential,1.5,13.4,2.3,144.6
2006-04-01,2006-04,2006,2006Q2,National - apartments,National,Apartments,1.5,12.5,2.9,172.7
2006-04-01,2006-04,2006,2006Q2,National - houses,National,Houses,1.4,13.6,2.3,140.5
2006-04-01,2006-04,2006,2006Q2,National excluding Dublin - all residential properties,National excluding Dublin,All residential,1.3,12.5,1.7,161.8
2006-04-01,2006-04,2006,2006Q2,National excluding Dublin - apartments,National excluding Dublin,Apartments,0.6,18.9,0.5,217.3
2006-04-01,2006-04,2006,2006Q2,National excluding Dublin - houses,National excluding Dublin,Houses,1.3,12.3,1.9,158.9
2006-05-01,2006-05,2006,2006Q2,Dublin - all residential properties,Dublin,All residential,2.6,17.2,5.1,145.0
2006-05-01,2006-05,2006,2006Q2,Dublin - apartments,Dublin,Apartments,1.6,11.6,4.2,167.5
2006-05-01,2006-05,2006,2006Q2,Dublin - houses,Dublin,Houses,2.9,18.5,5.2,139.1
2006-05-01,2006-05,2006,2006Q2,National - all residential properties,National,All residential,2.1,15.0,4.1,147.6
2006-05-01,2006-05,2006,2006Q2,National - apartments,National,Apartments,1.3,13.8,3.5,175.0
2006-05-01,2006-05,2006,2006Q2,National - houses,National,Houses,2.1,15.1,4.2,143.4
2006-05-01,2006-05,2006,2006Q2,National excluding Dublin - all residential properties,National excluding Dublin,All residential,1.7,13.7,3.6,164.6
2006-05-01,2006-05,2006,2006Q2,National excluding Dublin - apartments,National excluding Dublin,Apartments,0.9,19.2,1.4,219.3
2006-05-01,2006-05,2006,2006Q2,National excluding Dublin - houses,National excluding Dublin,Houses,1.8,13.5,3.7,161.7
2006-06-01,2006-06,2006,2006Q2,Dublin - all residential properties,Dublin,All residential,2.5,20.1,7.2,148.7
2006-06-01,2006-06,2006,2006Q2,Dublin - apartments,Dublin,Apartments,1.4,13.7,5.2,169.8
2006-06-01,2006-06,2006,2006Q2,Dublin - houses,Dublin,Houses,2.9,21.6,7.5,143.1
2006-06-01,2006-06,2006,2006Q2,National - all residential properties,National,All residential,1.8,16.0,5.5,150.3
2006-06-01,2006-06,2006,2006Q2,National - apartments,National,Apartments,1.1,15.4,4.0,176.9
2006-06-01,2006-06,2006,2006Q2,National - houses,National,Houses,1.9,16.0,5.6,146.2
2006-06-01,2006-06,2006,2006Q2,National excluding Dublin - all residential properties,National excluding Dublin,All residential,1.4,13.7,4.5,166.9
2006-06-01,2006-06,2006,2006Q2,National excluding Dublin - apartments,National excluding Dublin,Apartments,0.4,20.0,1.9,220.2
2006-06-01,2006-06,2006,2006Q2,National excluding Dublin - houses,National excluding Dublin,Houses,1.5,13.5,4.6,164.0
2006-07-01,2006-07,2006,2006Q3,Dublin - all residential properties,Dublin,All residential,3.2,22.5,8.6,153.4
2006-07-01,2006-07,2006,2006Q3,Dublin - apartments,Dublin,Apartments,1.3,15.6,4.4,172.0
2006-07-01,2006-07,2006,2006Q3,Dublin - houses,Dublin,Houses,3.8,24.1,9.9,148.6
2006-07-01,2006-07,2006,2006Q3,National - all residential properties,National,All residential,2.3,16.8,6.3,153.7
2006-07-01,2006-07,2006,2006Q3,National - apartments,National,Apartments,1.2,16.6,3.7,179.1
2006-07-01,2006-07,2006,2006Q3,National - houses,National,Houses,2.4,16.8,6.6,149.7
2006-07-01,2006-07,2006,2006Q3,National excluding Dublin - all residential properties,National excluding Dublin,All residential,1.7,13.7,4.9,169.7
2006-07-01,2006-07,2006,2006Q3,National excluding Dublin - apartments,National excluding Dublin,Apartments,1.3,19.2,2.7,223.2
2006-07-01,2006-07,2006,2006Q3,National excluding Dublin - houses,National excluding Dublin,Houses,1.7,13.4,5.0,166.8
2006-08-01,2006-08,2006,2006Q3,Dublin - all residential properties,Dublin,All residential,2.9,23.6,8.9,157.9
2006-08-01,2006-08,2006,2006Q3,Dublin - apartments,Dublin,Apartments,2.7,17.3,5.5,176.7
2006-08-01,2006-08,2006,2006Q3,Dublin - houses,Dublin,Houses,2.9,25.4,9.9,152.9
2006-08-01,2006-08,2006,2006Q3,National - all residential properties,National,All residential,2.2,17.4,6.4,157.1
2006-08-01,2006-08,2006,2006Q3,National - apartments,National,Apartments,1.9,17.2,4.3,182.5
2006-08-01,2006-08,2006,2006Q3,National - houses,National,Houses,2.2,17.5,6.7,153.0
2006-08-01,2006-08,2006,2006Q3,National excluding Dublin - all residential properties,National excluding Dublin,All residential,1.8,13.9,5.0,172.8
2006-08-01,2006-08,2006,2006Q3,National excluding Dublin - apartments,National excluding Dublin,Apartments,1.1,16.5,2.9,225.7
2006-08-01,2006-08,2006,2006Q3,National excluding Dublin - houses,National excluding Dublin,Houses,1.8,13.9,5.1,169.9
2006-09-01,2006-09,2006,2006Q3,Dublin - all residential properties,Dublin,All residential,0.2,21.7,6.4,158.2
2006-09-01,2006-09,2006,2006Q3,Dublin - apartments,Dublin,Apartments,1.7,16.8,5.8,179.7
2006-09-01,2006-09,2006,2006Q3,Dublin - houses,Dublin,Houses,-0.2,23.3,6.6,152.6
2006-09-01,2006-09,2006,2006Q3,National - all residential properties,National,All residential,0.8,17.2,5.4,158.4
2006-09-01,2006-09,2006,2006Q3,National - apartments,National,Apartments,1.6,17.2,4.9,185.5
2006-09-01,2006-09,2006,2006Q3,National - houses,National,Houses,0.7,17.3,5.4,154.1
2006-09-01,2006-09,2006,2006Q3,National excluding Dublin - all residential properties,National excluding Dublin,All residential,1.2,14.6,4.8,174.9
2006-09-01,2006-09,2006,2006Q3,National excluding Dublin - apartments,National excluding Dublin,Apartments,1.8,16.5,4.3,229.7
2006-09-01,2006-09,2006,2006Q3,National excluding Dublin - houses,National excluding Dublin,Houses,1.2,14.5,4.8,171.9
2006-10-01,2006-10,2006,2006Q4,Dublin - all residential properties,Dublin,All residential,0.6,19.1,3.8,159.3
2006-10-01,2006-10,2006,2006Q4,Dublin - apartments,Dublin,Apartments,-0.1,15.0,4.4,179.6
2006-10-01,2006-10,2006,2006Q4,Dublin - houses,Dublin,Houses,1.0,20.7,3.8,154.2
2006-10-01,2006-10,2006,2006Q4,National - all residential properties,National,All residential,0.6,15.4,3.7,159.4
2006-10-01,2006-10,2006,2006Q4,National - apartments,National,Apartments,0.8,15.8,4.4,186.9
2006-10-01,2006-10,2006,2006Q4,National - houses,National,Houses,0.7,15.7,3.6,155.1
2006-10-01,2006-10,2006,2006Q4,National excluding Dublin - all residential properties,National excluding Dublin,All residential,0.6,13.3,3.7,176.0
2006-10-01,2006-10,2006,2006Q4,National excluding Dublin - apartments,National excluding Dublin,Apartments,1.7,13.9,4.6,233.5
2006-10-01,2006-10,2006,2006Q4,National excluding Dublin - houses,National excluding Dublin,Houses,0.5,13.3,3.6,172.8
2006-11-01,2006-11,2006,2006Q4,Dublin - all residential properties,Dublin,All residential,-0.4,17.2,0.5,158.7
2006-11-01,2006-11,2006,2006Q4,Dublin - apartments,Dublin,Apartments,0.5,14.3,2.1,180.4
2006-11-01,2006-11,2006,2006Q4,Dublin - houses,Dublin,Houses,-0.5,18.5,0.3,153.4
2006-11-01,2006-11,2006,2006Q4,National - all residential properties,National,All residential,0.0,14.4,1.5,159.4
2006-11-01,2006-11,2006,2006Q4,National - apartments,National,Apartments,0.5,14.9,2.9,187.8
2006-11-01,2006-11,2006,2006Q4,National - houses,National,Houses,0.0,14.7,1.4,155.2
2006-11-01,2006-11,2006,2006Q4,National excluding Dublin - all residential properties,National excluding Dublin,All residential,0.2,12.8,2.1,176.3
2006-11-01,2006-11,2006,2006Q4,National excluding Dublin - apartments,National excluding Dublin,Apartments,-0.4,11.9,3.0,232.5
2006-11-01,2006-11,2006,2006Q4,National excluding Dublin - houses,National excluding Dublin,Houses,0.3,12.9,2.0,173.3
2006-12-01,2006-12,2006,2006Q4,Dublin - all residential properties,Dublin,All residential,0.1,16.7,0.4,158.9
2006-12-01,2006-12,2006,2006Q4,Dublin - apartments,Dublin,Apartments,0.5,13.3,0.9,181.3
2006-12-01,2006-12,2006,2006Q4,Dublin - houses,Dublin,Houses,0.0,18.1,0.5,153.4
2006-12-01,2006-12,2006,2006Q4,National - all residential properties,National,All residential,0.8,14.2,1.4,160.6
2006-12-01,2006-12,2006,2006Q4,National - apartments,National,Apartments,0.6,13.6,1.9,189.0
2006-12-01,2006-12,2006,2006Q4,National - houses,National,Houses,0.8,14.6,1.6,156.5
2006-12-01,2006-12,2006,2006Q4,National excluding Dublin - all residential properties,National excluding Dublin,All residential,1.2,12.7,2.0,178.4
2006-12-01,2006-12,2006,2006Q4,National excluding Dublin - apartments,National excluding Dublin,Apartments,0.3,9.4,1.5,233.1
2006-12-01,2006-12,2006,2006Q4,National excluding Dublin - houses,National excluding Dublin,Houses,1.2,13.0,2.1,175.4
2007-01-01,2007-01,2007,2007Q1,Dublin - all residential properties,Dublin,All residential,0.2,16.4,-0.1,159.2
2007-01-01,2007-01,2007,2007Q1,Dublin - apartments,Dublin,Apartments,1.1,14.7,2.1,183.4
2007-01-01,2007-01,2007,2007Q1,Dublin - houses,Dublin,Houses,-0.3,16.8,-0.8,153.0
2007-01-01,2007-01,2007,2007Q1,National - all residential properties,National,All residential,0.9,14.6,1.6,162.0
2007-01-01,2007-01,2007,2007Q1,National - apartments,National,Apartments,1.0,13.8,2.2,190.9
2007-01-01,2007-01,2007,2007Q1,National - houses,National,Houses,0.8,14.9,1.6,157.7
2007-01-01,2007-01,2007,2007Q1,National excluding Dublin - all residential properties,National excluding Dublin,All residential,1.3,13.6,2.6,180.6
2007-01-01,2007-01,2007,2007Q1,National excluding Dublin - apartments,National excluding Dublin,Apartments,1.1,8.9,0.9,235.6
2007-01-01,2007-01,2007,2007Q1,National excluding Dublin - houses,National excluding Dublin,Houses,1.3,13.9,2.8,177.6
2007-02-01,2007-02,2007,2007Q1,Dublin - all residential properties,Dublin,All residential,0.5,16.0,0.8,160.0
2007-02-01,2007-02,2007,2007Q1,Dublin - apartments,Dublin,Apartments,0.9,15.2,2.6,185.1
2007-02-01,2007-02,2007,2007Q1,Dublin - houses,Dublin,Houses,0.3,16.0,0.0,153.4
2007-02-01,2007-02,2007,2007Q1,National - all residential properties,National,All residential,0.5,14.8,2.1,162.7
2007-02-01,2007-02,2007,2007Q1,National - apartments,National,Apartments,0.7,13.8,2.4,192.3
2007-02-01,2007-02,2007,2007Q1,National - houses,National,Houses,0.4,15.0,2.0,158.3
2007-02-01,2007-02,2007,2007Q1,National excluding Dublin - all residential properties,National excluding Dublin,All residential,0.5,14.2,2.9,181.4
2007-02-01,2007-02,2007,2007Q1,National excluding Dublin - apartments,National excluding Dublin,Apartments,0.2,9.2,1.5,236.1
2007-02-01,2007-02,2007,2007Q1,National excluding Dublin - houses,National excluding Dublin,Houses,0.5,14.5,3.0,178.5
2007-03-01,2007-03,2007,2007Q1,Dublin - all residential properties,Dublin,All residential,-0.9,14.2,-0.3,158.5
2007-03-01,2007-03,2007,2007Q1,Dublin - apartments,Dublin,Apartments,-1.8,12.6,0.2,181.7
2007-03-01,2007-03,2007,2007Q1,Dublin - houses,Dublin,Houses,-0.4,14.8,-0.4,152.8
2007-03-01,2007-03,2007,2007Q1,National - all residential properties,National,All residential,0.1,14.4,1.5,162.9
2007-03-01,2007-03,2007,2007Q1,National - apartments,National,Apartments,-0.7,12.3,1.1,191.0
2007-03-01,2007-03,2007,2007Q1,National - houses,National,Houses,0.4,14.8,1.6,158.9
2007-03-01,2007-03,2007,2007Q1,National excluding Dublin - all residential properties,National excluding Dublin,All residential,0.7,14.4,2.5,182.7
2007-03-01,2007-03,2007,2007Q1,National excluding Dublin - apartments,National excluding Dublin,Apartments,0.3,9.6,1.6,236.8
2007-03-01,2007-03,2007,2007Q1,National excluding Dublin - houses,National excluding Dublin,Houses,0.8,14.7,2.5,179.8
2007-04-01,2007-04,2007,2007Q2,Dublin - all residential properties,Dublin,All residential,0.2,12.4,-0.2,158.8
2007-04-01,2007-04,2007,2007Q2,Dublin - apartments,Dublin,Apartments,-2.1,8.0,-2.9,178.0
2007-04-01,2007-04,2007,2007Q2,Dublin - houses,Dublin,Houses,1.2,14.4,1.1,154.7
2007-04-01,2007-04,2007,2007Q2,National - all residential properties,National,All residential,0.4,13.1,1.0,163.6
2007-04-01,2007-04,2007,2007Q2,National - apartments,National,Apartments,-0.8,9.7,-0.8,189.4
2007-04-01,2007-04,2007,2007Q2,National - houses,National,Houses,0.7,13.9,1.5,160.0
2007-04-01,2007-04,2007,2007Q2,National excluding Dublin - all residential properties,National excluding Dublin,All residential,0.5,13.5,1.7,183.6
2007-04-01,2007-04,2007,2007Q2,National excluding Dublin - apartments,National excluding Dublin,Apartments,0.7,9.8,1.2,238.6
2007-04-01,2007-04,2007,2007Q2,National excluding Dublin - houses,National excluding Dublin,Houses,0.4,13.7,1.7,180.6
2007-05-01,2007-05,2007,2007Q2,Dublin - all residential properties,Dublin,All residential,-1.0,8.4,-1.7,157.2
2007-05-01,2007-05,2007,2007Q2,Dublin - apartments,Dublin,Apartments,0.9,7.3,-2.9,179.6
2007-05-01,2007-05,2007,2007Q2,Dublin - houses,Dublin,Houses,-1.9,9.1,-1.1,151.7
2007-05-01,2007-05,2007,2007Q2,National - all residential properties,National,All residential,-0.3,10.5,0.2,163.1
2007-05-01,2007-05,2007,2007Q2,National - apartments,National,Apartments,0.4,8.7,-1.1,190.3
2007-05-01,2007-05,2007,2007Q2,National - houses,National,Houses,-0.6,11.0,0.5,159.2
2007-05-01,2007-05,2007,2007Q2,National excluding Dublin - all residential properties,National excluding Dublin,All residential,0.1,11.6,1.3,183.7
2007-05-01,2007-05,2007,2007Q2,National excluding Dublin - apartments,National excluding Dublin,Apartments,0.3,9.2,1.4,239.4
2007-05-01,2007-05,2007,2007Q2,National excluding Dublin - houses,National excluding Dublin,Houses,0.0,11.8,1.3,180.7
2007-06-01,2007-06,2007,2007Q2,Dublin - all residential properties,Dublin,All residential,0.2,6.0,-0.5,157.6
2007-06-01,2007-06,2007,2007Q2,Dublin - apartments,Dublin,Apartments,-0.6,5.2,-1.7,178.6
2007-06-01,2007-06,2007,2007Q2,Dublin - houses,Dublin,Houses,0.4,6.4,-0.3,152.4
2007-06-01,2007-06,2007,2007Q2,National - all residential properties,National,All residential,-0.2,8.3,-0.1,162.7
2007-06-01,2007-06,2007,2007Q2,National - apartments,National,Apartments,-0.3,7.2,-0.7,189.7
2007-06-01,2007-06,2007,2007Q2,National - houses,National,Houses,-0.2,8.6,-0.1,158.8
2007-06-01,2007-06,2007,2007Q2,National excluding Dublin - all residential properties,National excluding Dublin,All residential,-0.4,9.6,0.1,182.9
2007-06-01,2007-06,2007,2007Q2,National excluding Dublin - apartments,National excluding Dublin,Apartments,0.4,9.1,1.5,240.3
2007-06-01,2007-06,2007,2007Q2,National excluding Dublin - houses,National excluding Dublin,Houses,-0.5,9.6,0.0,179.8
2007-07-01,2007-07,2007,2007Q3,Dublin - all residential properties,Dublin,All residential,0.6,3.3,-0.2,158.5
2007-07-01,2007-07,2007,2007Q3,Dublin - apartments,Dublin,Apartments,0.0,3.8,0.4,178.6
2007-07-01,2007-07,2007,2007Q3,Dublin - houses,Dublin,Houses,0.7,3.2,-0.9,153.4
2007-07-01,2007-07,2007,2007Q3,National - all residential properties,National,All residential,0.3,6.2,-0.3,163.2
2007-07-01,2007-07,2007,2007Q3,National - apartments,National,Apartments,-0.5,5.4,-0.4,188.7
2007-07-01,2007-07,2007,2007Q3,National - houses,National,Houses,0.4,6.5,-0.4,159.4
2007-07-01,2007-07,2007,2007Q3,National excluding Dublin - all residential properties,National excluding Dublin,All residential,0.1,7.9,-0.3,183.1
2007-07-01,2007-07,2007,2007Q3,National excluding Dublin - apartments,National excluding Dublin,Apartments,-1.2,6.3,-0.5,237.3
2007-07-01,2007-07,2007,2007Q3,National excluding Dublin - houses,National excluding Dublin,Houses,0.2,8.0,-0.2,180.2
2007-08-01,2007-08,2007,2007Q3,Dublin - all residential properties,Dublin,All residential,-0.5,-0.2,0.3,157.7
2007-08-01,2007-08,2007,2007Q3,Dublin - apartments,Dublin,Apartments,0.0,1.0,-0.6,178.5
2007-08-01,2007-08,2007,2007Q3,Dublin - houses,Dublin,Houses,-0.7,-0.4,0.4,152.3
2007-08-01,2007-08,2007,2007Q3,National - all residential properties,National,All residential,-0.2,3.7,-0.1,162.8
2007-08-01,2007-08,2007,2007Q3,National - apartments,National,Apartments,-0.2,3.2,-1.0,188.3
2007-08-01,2007-08,2007,2007Q3,National - houses,National,Houses,-0.2,3.9,-0.1,159.0
2007-08-01,2007-08,2007,2007Q3,National excluding Dublin - all residential properties,National excluding Dublin,All residential,0.0,5.9,-0.4,183.0
2007-08-01,2007-08,2007,2007Q3,National excluding Dublin - apartments,National excluding Dublin,Apartments,0.0,5.2,-0.9,237.3
2007-08-01,2007-08,2007,2007Q3,National excluding Dublin - houses,National excluding Dublin,Houses,0.0,6.0,-0.3,180.2
2007-09-01,2007-09,2007,2007Q3,Dublin - all residential properties,Dublin,All residential,0.2,-0.2,0.2,157.9
2007-09-01,2007-09,2007,2007Q3,Dublin - apartments,Dublin,Apartments,-0.9,-1.6,-1.0,176.9
2007-09-01,2007-09,2007,2007Q3,Dublin - houses,Dublin,Houses,0.7,0.4,0.6,153.3
2007-09-01,2007-09,2007,2007Q3,National - all residential properties,National,All residential,0.0,2.8,0.1,162.9
2007-09-01,2007-09,2007,2007Q3,National - apartments,National,Apartments,-0.7,0.8,-1.4,187.1
2007-09-01,2007-09,2007,2007Q3,National - houses,National,Houses,0.1,3.3,0.3,159.2
2007-09-01,2007-09,2007,2007Q3,National excluding Dublin - all residential properties,National excluding Dublin,All residential,-0.1,4.6,0.0,182.9
2007-09-01,2007-09,2007,2007Q3,National excluding Dublin - apartments,National excluding Dublin,Apartments,0.0,3.3,-1.2,237.3
2007-09-01,2007-09,2007,2007Q3,National excluding Dublin - houses,National excluding Dublin,Houses,-0.1,4.7,0.1,180.0
2007-10-01,2007-10,2007,2007Q4,Dublin - all residential properties,Dublin,All residential,0.0,-0.8,-0.3,158.0
2007-10-01,2007-10,2007,2007Q4,Dublin - apartments,Dublin,Apartments,-0.5,-2.0,-1.4,176.0
2007-10-01,2007-10,2007,2007Q4,Dublin - houses,Dublin,Houses,0.2,-0.3,0.2,153.7
2007-10-01,2007-10,2007,2007Q4,National - all residential properties,National,All residential,-0.3,1.9,-0.5,162.4
2007-10-01,2007-10,2007,2007Q4,National - apartments,National,Apartments,-0.3,-0.2,-1.2,186.5
2007-10-01,2007-10,2007,2007Q4,National - houses,National,Houses,-0.3,2.3,-0.4,158.7
2007-10-01,2007-10,2007,2007Q4,National excluding Dublin - all residential properties,National excluding Dublin,All residential,-0.5,3.5,-0.5,182.1
2007-10-01,2007-10,2007,2007Q4,National excluding Dublin - apartments,National excluding Dublin,Apartments,0.4,2.1,0.4,238.3
2007-10-01,2007-10,2007,2007Q4,National excluding Dublin - houses,National excluding Dublin,Houses,-0.6,3.6,-0.7,179.0
2007-11-01,2007-11,2007,2007Q4,Dublin - all residential properties,Dublin,All residential,-0.9,-1.3,-0.7,156.6
2007-11-01,2007-11,2007,2007Q4,Dublin - apartments,Dublin,Apartments,-1.0,-3.4,-2.3,174.3
2007-11-01,2007-11,2007,2007Q4,Dublin - houses,Dublin,Houses,-0.8,-0.6,0.1,152.4
2007-11-01,2007-11,2007,2007Q4,National - all residential properties,National,All residential,0.0,1.9,-0.3,162.3
2007-11-01,2007-11,2007,2007Q4,National - apartments,National,Apartments,-0.6,-1.3,-1.5,185.4
2007-11-01,2007-11,2007,2007Q4,National - houses,National,Houses,0.0,2.3,-0.1,158.8
2007-11-01,2007-11,2007,2007Q4,National excluding Dublin - all residential properties,National excluding Dublin,All residential,0.4,3.7,-0.1,182.8
2007-11-01,2007-11,2007,2007Q4,National excluding Dublin - apartments,National excluding Dublin,Apartments,0.4,2.9,0.8,239.3
2007-11-01,2007-11,2007,2007Q4,National excluding Dublin - houses,National excluding Dublin,Houses,0.4,3.7,-0.2,179.7
2007-12-01,2007-12,2007,2007Q4,Dublin - all residential properties,Dublin,All residential,-1.3,-2.7,-2.1,154.6
2007-12-01,2007-12,2007,2007Q4,Dublin - apartments,Dublin,Apartments,1.0,-2.9,-0.4,176.1
2007-12-01,2007-12,2007,2007Q4,Dublin - houses,Dublin,Houses,-2.2,-2.9,-2.8,149.0
2007-12-01,2007-12,2007,2007Q4,National - all residential properties,National,All residential,-0.6,0.5,-0.9,161.4
2007-12-01,2007-12,2007,2007Q4,National - apartments,National,Apartments,0.1,-1.8,-0.8,185.6
2007-12-01,2007-12,2007,2007Q4,National - houses,National,Houses,-0.7,0.7,-1.0,157.6
2007-12-01,2007-12,2007,2007Q4,National excluding Dublin - all residential properties,National excluding Dublin,All residential,-0.2,2.3,-0.3,182.5
2007-12-01,2007-12,2007,2007Q4,National excluding Dublin - apartments,National excluding Dublin,Apartments,-1.0,1.7,-0.1,237.0
2007-12-01,2007-12,2007,2007Q4,National excluding Dublin - houses,National excluding Dublin,Houses,-0.1,2.3,-0.3,179.5
2008-01-01,2008-01,2008,2008Q1,Dublin - all residential properties,Dublin,All residential,-2.3,-5.1,-4.4,151.1
2008-01-01,2008-01,2008,2008Q1,Dublin - apartments,Dublin,Apartments,-0.3,-4.2,-0.3,175.6
2008-01-01,2008-01,2008,2008Q1,Dublin - houses,Dublin,Houses,-3.0,-5.5,-6.0,144.5
2008-01-01,2008-01,2008,2008Q1,National - all residential properties,National,All residential,-0.9,-1.2,-1.5,160.0
2008-01-01,2008-01,2008,2008Q1,National - apartments,National,Apartments,-0.8,-3.6,-1.3,184.1
2008-01-01,2008-01,2008,2008Q1,National - houses,National,Houses,-0.8,-0.9,-1.5,156.3
2008-01-01,2008-01,2008,2008Q1,National excluding Dublin - all residential properties,National excluding Dublin,All residential,-0.2,0.9,0.0,182.2
2008-01-01,2008-01,2008,2008Q1,National excluding Dublin - apartments,National excluding Dublin,Apartments,-2.0,-1.4,-2.6,232.3
2008-01-01,2008-01,2008,2008Q1,National excluding Dublin - houses,National excluding Dublin,Houses,0.0,1.1,0.3,179.6
2008-02-01,2008-02,2008,2008Q1,Dublin - all residential properties,Dublin,All residential,-0.6,-6.1,-4.1,150.2
2008-02-01,2008-02,2008,2008Q1,Dublin - apartments,Dublin,Apartments,0.5,-4.7,1.2,176.4
2008-02-01,2008-02,2008,2008Q1,Dublin - houses,Dublin,Houses,-1.0,-6.7,-6.1,143.1
2008-02-01,2008-02,2008,2008Q1,National - all residential properties,National,All residential,-0.9,-2.5,-2.3,158.6
2008-02-01,2008-02,2008,2008Q1,National - apartments,National,Apartments,-0.4,-4.6,-1.1,183.4
2008-02-01,2008-02,2008,2008Q1,National - houses,National,Houses,-1.0,-2.2,-2.5,154.8
2008-02-01,2008-02,2008,2008Q1,National excluding Dublin - all residential properties,National excluding Dublin,All residential,-1.0,-0.6,-1.4,180.3
2008-02-01,2008-02,2008,2008Q1,National excluding Dublin - apartments,National excluding Dublin,Apartments,-2.0,-3.6,-4.9,227.7
2008-02-01,2008-02,2008,2008Q1,National excluding Dublin - houses,National excluding Dublin,Houses,-0.9,-0.3,-1.0,178.0
2008-03-01,2008-03,2008,2008Q1,Dublin - all residential properties,Dublin,All residential,-0.5,-5.7,-3.3,149.5
2008-03-01,2008-03,2008,2008Q1,Dublin - apartments,Dublin,Apartments,-0.2,-3.1,0.0,176.0
2008-03-01,2008-03,2008,2008Q1,Dublin - houses,Dublin,Houses,-0.5,-6.8,-4.5,142.4
2008-03-01,2008-03,2008,2008Q1,National - all residential properties,National,All residential,-0.8,-3.5,-2.6,157.3
2008-03-01,2008-03,2008,2008Q1,National - apartments,National,Apartments,0.0,-4.0,-1.2,183.3
2008-03-01,2008-03,2008,2008Q1,National - houses,National,Houses,-1.1,-3.6,-2.8,153.2
2008-03-01,2008-03,2008,2008Q1,National excluding Dublin - all residential properties,National excluding Dublin,All residential,-1.0,-2.3,-2.2,178.5
2008-03-01,2008-03,2008,2008Q1,National excluding Dublin - apartments,National excluding Dublin,Apartments,0.6,-3.3,-3.4,229.1
2008-03-01,2008-03,2008,2008Q1,National excluding Dublin - houses,National excluding Dublin,Houses,-1.2,-2.2,-2.1,175.8
2008-04-01,2008-04,2008,2008Q2,Dublin - all residential properties,Dublin,All residential,0.0,-5.9,-1.1,149.5
2008-04-01,2008-04,2008,2008Q2,Dublin - apartments,Dublin,Apartments,-1.4,-2.5,-1.1,173.6
2008-04-01,2008-04,2008,2008Q2,Dublin - houses,Dublin,Houses,0.9,-7.2,-0.6,143.6
2008-04-01,2008-04,2008,2008Q2,National - all residential properties,National,All residential,-0.9,-4.7,-2.6,155.9
2008-04-01,2008-04,2008,2008Q2,National - apartments,National,Apartments,-1.2,-4.4,-1.6,181.1
2008-04-01,2008-04,2008,2008Q2,National - houses,National,Houses,-0.7,-4.9,-2.7,152.1
2008-04-01,2008-04,2008,2008Q2,National excluding Dublin - all residential properties,National excluding Dublin,All residential,-1.3,-4.0,-3.2,176.3
2008-04-01,2008-04,2008,2008Q2,National excluding Dublin - apartments,National excluding Dublin,Apartments,-1.6,-5.5,-3.0,225.4
2008-04-01,2008-04,2008,2008Q2,National excluding Dublin - houses,National excluding Dublin,Houses,-1.2,-3.9,-3.3,173.7
2008-05-01,2008-05,2008,2008Q2,Dublin - all residential properties,Dublin,All residential,0.0,-4.9,-0.5,149.5
2008-05-01,2008-05,2008,2008Q2,Dublin - apartments,Dublin,Apartments,-2.6,-5.9,-4.2,169.0
2008-05-01,2008-05,2008,2008Q2,Dublin - houses,Dublin,Houses,1.6,-3.8,2.0,145.9
2008-05-01,2008-05,2008,2008Q2,National - all residential properties,National,All residential,-1.1,-5.4,-2.8,154.2
2008-05-01,2008-05,2008,2008Q2,National - apartments,National,Apartments,-2.0,-6.7,-3.2,177.6
2008-05-01,2008-05,2008,2008Q2,National - houses,National,Houses,-0.7,-5.1,-2.5,151.0
2008-05-01,2008-05,2008,2008Q2,National excluding Dublin - all residential properties,National excluding Dublin,All residential,-1.6,-5.6,-3.8,173.4
2008-05-01,2008-05,2008,2008Q2,National excluding Dublin - apartments,National excluding Dublin,Apartments,-2.2,-7.9,-3.2,220.4
2008-05-01,2008-05,2008,2008Q2,National excluding Dublin - houses,National excluding Dublin,Houses,-1.5,-5.4,-3.9,171.0
2008-06-01,2008-06,2008,2008Q2,Dublin - all residential properties,Dublin,All residential,-1.0,-6.0,-1.0,148.1
2008-06-01,2008-06,2008,2008Q2,Dublin - apartments,Dublin,Apartments,-2.5,-7.8,-6.4,164.8
2008-06-01,2008-06,2008,2008Q2,Dublin - houses,Dublin,Houses,-0.2,-4.4,2.3,145.6
2008-06-01,2008-06,2008,2008Q2,National - all residential properties,National,All residential,-1.0,-6.1,-2.9,152.7
2008-06-01,2008-06,2008,2008Q2,National - apartments,National,Apartments,-1.4,-7.7,-4.5,175.0
2008-06-01,2008-06,2008,2008Q2,National - houses,National,Houses,-0.9,-5.7,-2.3,149.7
2008-06-01,2008-06,2008,2008Q2,National excluding Dublin - all residential properties,National excluding Dublin,All residential,-1.0,-6.1,-3.8,171.8
2008-06-01,2008-06,2008,2008Q2,National excluding Dublin - apartments,National excluding Dublin,Apartments,0.2,-8.1,-3.6,220.8
2008-06-01,2008-06,2008,2008Q2,National excluding Dublin - houses,National excluding Dublin,Houses,-1.1,-6.0,-3.8,169.1
2008-07-01,2008-07,2008,2008Q3,Dublin - all residential properties,Dublin,All residential,-1.2,-7.7,-2.2,146.2
2008-07-01,2008-07,2008,2008Q3,Dublin - apartments,Dublin,Apartments,-1.8,-9.4,-6.8,161.8
2008-07-01,2008-07,2008,2008Q3,Dublin - houses,Dublin,Houses,-1.2,-6.1,0.2,144.0
2008-07-01,2008-07,2008,2008Q3,National - all residential properties,National,All residential,-0.6,-6.9,-2.6,151.8
2008-07-01,2008-07,2008,2008Q3,National - apartments,National,Apartments,-1.2,-8.4,-4.6,172.9
2008-07-01,2008-07,2008,2008Q3,National - houses,National,Houses,-0.5,-6.6,-2.1,148.9
2008-07-01,2008-07,2008,2008Q3,National excluding Dublin - all residential properties,National excluding Dublin,All residential,-0.3,-6.4,-2.8,171.3
2008-07-01,2008-07,2008,2008Q3,National excluding Dublin - apartments,National excluding Dublin,Apartments,-0.1,-7.0,-2.1,220.7
2008-07-01,2008-07,2008,2008Q3,National excluding Dublin - houses,National excluding Dublin,Houses,-0.3,-6.5,-3.0,168.5
2008-08-01,2008-08,2008,2008Q3,Dublin - all residential properties,Dublin,All residential,-1.4,-8.6,-3.6,144.2
2008-08-01,2008-08,2008,2008Q3,Dublin - apartments,Dublin,Apartments,-1.9,-11.1,-6.1,158.7
2008-08-01,2008-08,2008,2008Q3,Dublin - houses,Dublin,Houses,-1.3,-6.7,-2.6,142.1
2008-08-01,2008-08,2008,2008Q3,National - all residential properties,National,All residential,-1.0,-7.7,-2.5,150.3
2008-08-01,2008-08,2008,2008Q3,National - apartments,National,Apartments,-1.7,-9.7,-4.2,170.0
2008-08-01,2008-08,2008,2008Q3,National - houses,National,Houses,-0.9,-7.2,-2.3,147.5
2008-08-01,2008-08,2008,2008Q3,National excluding Dublin - all residential properties,National excluding Dublin,All residential,-0.8,-7.2,-2.1,169.9
2008-08-01,2008-08,2008,2008Q3,National excluding Dublin - apartments,National excluding Dublin,Apartments,-1.2,-8.1,-1.0,218.2
2008-08-01,2008-08,2008,2008Q3,National excluding Dublin - houses,National excluding Dublin,Houses,-0.8,-7.2,-2.2,167.2
2008-09-01,2008-09,2008,2008Q3,Dublin - all residential properties,Dublin,All residential,-3.4,-11.8,-5.9,139.3
2008-09-01,2008-09,2008,2008Q3,Dublin - apartments,Dublin,Apartments,-3.2,-13.1,-6.8,153.6
2008-09-01,2008-09,2008,2008Q3,Dublin - houses,Dublin,Houses,-3.5,-10.5,-5.9,137.1
2008-09-01,2008-09,2008,2008Q3,National - all residential properties,National,All residential,-1.3,-8.9,-2.9,148.3
2008-09-01,2008-09,2008,2008Q3,National - apartments,National,Apartments,-1.8,-10.8,-4.6,166.9
2008-09-01,2008-09,2008,2008Q3,National - houses,National,Houses,-1.2,-8.5,-2.7,145.7
2008-09-01,2008-09,2008,2008Q3,National excluding Dublin - all residential properties,National excluding Dublin,All residential,-0.3,-7.5,-1.5,169.3
2008-09-01,2008-09,2008,2008Q3,National excluding Dublin - apartments,National excluding Dublin,Apartments,0.8,-7.4,-0.5,219.8
2008-09-01,2008-09,2008,2008Q3,National excluding Dublin - houses,National excluding Dublin,Houses,-0.5,-7.5,-1.6,166.4
2008-10-01,2008-10,2008,2008Q4,Dublin - all residential properties,Dublin,All residential,-3.5,-14.9,-8.1,134.4
2008-10-01,2008-10,2008,2008Q4,Dublin - apartments,Dublin,Apartments,-5.5,-17.5,-10.3,145.2
2008-10-01,2008-10,2008,2008Q4,Dublin - houses,Dublin,Houses,-2.4,-12.9,-7.0,133.9
2008-10-01,2008-10,2008,2008Q4,National - all residential properties,National,All residential,-2.2,-10.7,-4.5,145.1
2008-10-01,2008-10,2008,2008Q4,National - apartments,National,Apartments,-3.8,-13.9,-7.1,160.6
2008-10-01,2008-10,2008,2008Q4,National - houses,National,Houses,-1.7,-9.7,-3.8,143.3
2008-10-01,2008-10,2008,2008Q4,National excluding Dublin - all residential properties,National excluding Dublin,All residential,-1.6,-8.5,-2.7,166.6
2008-10-01,2008-10,2008,2008Q4,National excluding Dublin - apartments,National excluding Dublin,Apartments,-2.7,-10.3,-3.1,213.9
2008-10-01,2008-10,2008,2008Q4,National excluding Dublin - houses,National excluding Dublin,Houses,-1.4,-8.4,-2.7,164.1
2008-11-01,2008-11,2008,2008Q4,Dublin - all residential properties,Dublin,All residential,-2.8,-16.6,-9.4,130.6
2008-11-01,2008-11,2008,2008Q4,Dublin - apartments,Dublin,Apartments,-3.6,-19.7,-11.8,139.9
2008-11-01,2008-11,2008,2008Q4,Dublin - houses,Dublin,Houses,-2.6,-14.4,-8.1,130.5
2008-11-01,2008-11,2008,2008Q4,National - all residential properties,National,All residential,-1.8,-12.2,-5.2,142.5
2008-11-01,2008-11,2008,2008Q4,National - apartments,National,Apartments,-3.0,-16.0,-8.4,155.8
2008-11-01,2008-11,2008,2008Q4,National - houses,National,Houses,-1.6,-11.2,-4.4,141.1
2008-11-01,2008-11,2008,2008Q4,National excluding Dublin - all residential properties,National excluding Dublin,All residential,-1.3,-10.1,-3.2,164.4
2008-11-01,2008-11,2008,2008Q4,National excluding Dublin - apartments,National excluding Dublin,Apartments,-2.1,-12.5,-4.0,209.3
2008-11-01,2008-11,2008,2008Q4,National excluding Dublin - houses,National excluding Dublin,Houses,-1.2,-9.8,-3.1,162.1
2008-12-01,2008-12,2008,2008Q4,Dublin - all residential properties,Dublin,All residential,-2.0,-17.2,-8.1,128.0
2008-12-01,2008-12,2008,2008Q4,Dublin - apartments,Dublin,Apartments,-2.4,-22.4,-11.1,136.6
2008-12-01,2008-12,2008,2008Q4,Dublin - houses,Dublin,Houses,-2.2,-14.4,-6.9,127.6
2008-12-01,2008-12,2008,2008Q4,National - all residential properties,National,All residential,-1.9,-13.4,-5.8,139.8
2008-12-01,2008-12,2008,2008Q4,National - apartments,National,Apartments,-2.4,-18.1,-9.0,152.0
2008-12-01,2008-12,2008,2008Q4,National - houses,National,Houses,-2.0,-12.2,-5.1,138.3
2008-12-01,2008-12,2008,2008Q4,National excluding Dublin - all residential properties,National excluding Dublin,All residential,-1.8,-11.6,-4.7,161.3
2008-12-01,2008-12,2008,2008Q4,National excluding Dublin - apartments,National excluding Dublin,Apartments,-1.6,-13.1,-6.3,206.0
2008-12-01,2008-12,2008,2008Q4,National excluding Dublin - houses,National excluding Dublin,Houses,-1.9,-11.4,-4.4,159.0
2009-01-01,2009-01,2009,2009Q1,Dublin - all residential properties,Dublin,All residential,-2.8,-17.7,-7.5,124.4
2009-01-01,2009-01,2009,2009Q1,Dublin - apartments,Dublin,Apartments,-2.0,-23.8,-7.9,133.8
2009-01-01,2009-01,2009,2009Q1,Dublin - houses,Dublin,Houses,-3.4,-14.7,-7.9,123.3
2009-01-01,2009-01,2009,2009Q1,National - all residential properties,National,All residential,-2.6,-14.9,-6.1,136.2
2009-01-01,2009-01,2009,2009Q1,National - apartments,National,Apartments,-3.3,-20.2,-8.5,146.9
2009-01-01,2009-01,2009,2009Q1,National - houses,National,Houses,-2.5,-13.7,-5.9,134.9
2009-01-01,2009-01,2009,2009Q1,National excluding Dublin - all residential properties,National excluding Dublin,All residential,-2.4,-13.6,-5.5,157.4
2009-01-01,2009-01,2009,2009Q1,National excluding Dublin - apartments,National excluding Dublin,Apartments,-5.8,-16.5,-9.3,194.0
2009-01-01,2009-01,2009,2009Q1,National excluding Dublin - houses,National excluding Dublin,Houses,-2.1,-13.3,-5.1,155.7
2009-02-01,2009-02,2009,2009Q1,Dublin - all residential properties,Dublin,All residential,-4.4,-20.9,-9.0,118.9
2009-02-01,2009-02,2009,2009Q1,Dublin - apartments,Dublin,Apartments,-4.1,-27.2,-8.3,128.4
2009-02-01,2009-02,2009,2009Q1,Dublin - houses,Dublin,Houses,-4.5,-17.8,-9.8,117.7
2009-02-01,2009-02,2009,2009Q1,National - all residential properties,National,All residential,-2.8,-16.6,-7.1,132.3
2009-02-01,2009-02,2009,2009Q1,National - apartments,National,Apartments,-3.6,-22.8,-9.1,141.7
2009-02-01,2009-02,2009,2009Q1,National - houses,National,Houses,-2.7,-15.2,-7.0,131.2
2009-02-01,2009-02,2009,2009Q1,National excluding Dublin - all residential properties,National excluding Dublin,All residential,-2.1,-14.5,-6.2,154.2
2009-02-01,2009-02,2009,2009Q1,National excluding Dublin - apartments,National excluding Dublin,Apartments,-2.3,-16.7,-9.4,189.5
2009-02-01,2009-02,2009,2009Q1,National excluding Dublin - houses,National excluding Dublin,Houses,-2.1,-14.4,-6.0,152.4
2009-03-01,2009-03,2009,2009Q1,Dublin - all residential properties,Dublin,All residential,-3.7,-23.4,-10.5,114.5
2009-03-01,2009-03,2009,2009Q1,Dublin - apartments,Dublin,Apartments,-3.0,-29.3,-8.8,124.5
2009-03-01,2009-03,2009,2009Q1,Dublin - houses,Dublin,Houses,-4.0,-20.7,-11.5,113.0
2009-03-01,2009-03,2009,2009Q1,National - all residential properties,National,All residential,-2.6,-18.0,-7.8,128.9
2009-03-01,2009-03,2009,2009Q1,National - apartments,National,Apartments,-2.8,-24.9,-9.4,137.7
2009-03-01,2009-03,2009,2009Q1,National - houses,National,Houses,-2.7,-16.6,-7.7,127.7
2009-03-01,2009-03,2009,2009Q1,National excluding Dublin - all residential properties,National excluding Dublin,All residential,-2.0,-15.4,-6.4,151.0
2009-03-01,2009-03,2009,2009Q1,National excluding Dublin - apartments,National excluding Dublin,Apartments,-0.7,-17.8,-8.6,188.2
2009-03-01,2009-03,2009,2009Q1,National excluding Dublin - houses,National excluding Dublin,Houses,-2.2,-15.2,-6.3,149.0
2009-04-01,2009-04,2009,2009Q2,Dublin - all residential properties,Dublin,All residential,-3.8,-26.3,-11.4,110.1
2009-04-01,2009-04,2009,2009Q2,Dublin - apartments,Dublin,Apartments,-2.8,-30.3,-9.6,121.0
2009-04-01,2009-04,2009,2009Q2,Dublin - houses,Dublin,Houses,-4.2,-24.7,-12.2,108.2
2009-04-01,2009-04,2009,2009Q2,National - all residential properties,National,All residential,-2.3,-19.2,-7.5,126.0
2009-04-01,2009-04,2009,2009Q2,National - apartments,National,Apartments,-3.6,-26.7,-9.7,132.7
2009-04-01,2009-04,2009,2009Q2,National - houses,National,Houses,-2.1,-17.8,-7.3,125.1
2009-04-01,2009-04,2009,2009Q2,National excluding Dublin - all residential properties,National excluding Dublin,All residential,-1.6,-15.7,-5.6,148.6
2009-04-01,2009-04,2009,2009Q2,National excluding Dublin - apartments,National excluding Dublin,Apartments,-4.9,-20.5,-7.7,179.1
2009-04-01,2009-04,2009,2009Q2,National excluding Dublin - houses,National excluding Dublin,Houses,-1.3,-15.3,-5.5,147.0
2009-05-01,2009-05,2009,2009Q2,Dublin - all residential properties,Dublin,All residential,-2.2,-28.0,-9.4,107.7
2009-05-01,2009-05,2009,2009Q2,Dublin - apartments,Dublin,Apartments,-1.2,-29.3,-6.9,119.6
2009-05-01,2009-05,2009,2009Q2,Dublin - houses,Dublin,Houses,-2.9,-28.0,-10.8,105.0
2009-05-01,2009-05,2009,2009Q2,National - all residential properties,National,All residential,-2.3,-20.2,-7.0,123.1
2009-05-01,2009-05,2009,2009Q2,National - apartments,National,Apartments,-2.6,-27.2,-8.7,129.3
2009-05-01,2009-05,2009,2009Q2,National - houses,National,Houses,-2.4,-19.2,-7.0,122.1
2009-05-01,2009-05,2009,2009Q2,National excluding Dublin - all residential properties,National excluding Dublin,All residential,-2.3,-16.3,-5.9,145.1
2009-05-01,2009-05,2009,2009Q2,National excluding Dublin - apartments,National excluding Dublin,Apartments,-4.0,-22.0,-9.3,171.9
2009-05-01,2009-05,2009,2009Q2,National excluding Dublin - houses,National excluding Dublin,Houses,-2.2,-15.9,-5.7,143.8
2009-06-01,2009-06,2009,2009Q2,Dublin - all residential properties,Dublin,All residential,-1.2,-28.1,-7.0,106.4
2009-06-01,2009-06,2009,2009Q2,Dublin - apartments,Dublin,Apartments,-1.4,-28.4,-5.3,117.9
2009-06-01,2009-06,2009,2009Q2,Dublin - houses,Dublin,Houses,-1.1,-28.7,-8.1,103.8
2009-06-01,2009-06,2009,2009Q2,National - all residential properties,National,All residential,-1.7,-20.8,-6.1,121.0
2009-06-01,2009-06,2009,2009Q2,National - apartments,National,Apartments,-2.6,-28.0,-8.6,126.0
2009-06-01,2009-06,2009,2009Q2,National - houses,National,Houses,-1.6,-19.8,-5.9,120.1
2009-06-01,2009-06,2009,2009Q2,National excluding Dublin - all residential properties,National excluding Dublin,All residential,-1.9,-17.1,-5.7,142.4
2009-06-01,2009-06,2009,2009Q2,National excluding Dublin - apartments,National excluding Dublin,Apartments,-4.0,-25.3,-12.4,165.0
2009-06-01,2009-06,2009,2009Q2,National excluding Dublin - houses,National excluding Dublin,Houses,-1.8,-16.5,-5.2,141.3
2009-07-01,2009-07,2009,2009Q3,Dublin - all residential properties,Dublin,All residential,-1.0,-27.9,-4.3,105.4
2009-07-01,2009-07,2009,2009Q3,Dublin - apartments,Dublin,Apartments,-1.8,-28.5,-4.3,115.8
2009-07-01,2009-07,2009,2009Q3,Dublin - houses,Dublin,Houses,-0.5,-28.2,-4.5,103.3
2009-07-01,2009-07,2009,2009Q3,National - all residential properties,National,All residential,-1.5,-21.5,-5.3,119.3
2009-07-01,2009-07,2009,2009Q3,National - apartments,National,Apartments,-2.2,-28.7,-7.2,123.2
2009-07-01,2009-07,2009,2009Q3,National - houses,National,Houses,-1.4,-20.5,-5.3,118.4
2009-07-01,2009-07,2009,2009Q3,National excluding Dublin - all residential properties,National excluding Dublin,All residential,-1.7,-18.3,-5.8,140.0
2009-07-01,2009-07,2009,2009Q3,National excluding Dublin - apartments,National excluding Dublin,Apartments,-1.6,-26.5,-9.4,162.3
2009-07-01,2009-07,2009,2009Q3,National excluding Dublin - houses,National excluding Dublin,Houses,-1.7,-17.6,-5.6,138.8
2009-08-01,2009-08,2009,2009Q3,Dublin - all residential properties,Dublin,All residential,0.2,-26.8,-2.0,105.5
2009-08-01,2009-08,2009,2009Q3,Dublin - apartments,Dublin,Apartments,-2.0,-28.5,-5.1,113.4
2009-08-01,2009-08,2009,2009Q3,Dublin - houses,Dublin,Houses,1.3,-26.3,-0.3,104.7
2009-08-01,2009-08,2009,2009Q3,National - all residential properties,National,All residential,-1.3,-21.7,-4.3,117.7
2009-08-01,2009-08,2009,2009Q3,National - apartments,National,Apartments,-2.7,-29.4,-7.2,120.0
2009-08-01,2009-08,2009,2009Q3,National - houses,National,Houses,-1.0,-20.6,-4.0,117.2
2009-08-01,2009-08,2009,2009Q3,National excluding Dublin - all residential properties,National excluding Dublin,All residential,-1.9,-19.2,-5.4,137.3
2009-08-01,2009-08,2009,2009Q3,National excluding Dublin - apartments,National excluding Dublin,Apartments,-3.9,-28.5,-9.3,155.9
2009-08-01,2009-08,2009,2009Q3,National excluding Dublin - houses,National excluding Dublin,Houses,-1.8,-18.5,-5.2,136.3
2009-09-01,2009-09,2009,2009Q3,Dublin - all residential properties,Dublin,All residential,-0.5,-24.6,-1.3,105.0
2009-09-01,2009-09,2009,2009Q3,Dublin - apartments,Dublin,Apartments,-3.2,-28.5,-6.9,109.8
2009-09-01,2009-09,2009,2009Q3,Dublin - houses,Dublin,Houses,1.0,-22.9,1.8,105.7
2009-09-01,2009-09,2009,2009Q3,National - all residential properties,National,All residential,0.0,-20.6,-2.7,117.7
2009-09-01,2009-09,2009,2009Q3,National - apartments,National,Apartments,-2.8,-30.2,-7.4,116.6
2009-09-01,2009-09,2009,2009Q3,National - houses,National,Houses,0.5,-19.2,-1.9,117.8
2009-09-01,2009-09,2009,2009Q3,National excluding Dublin - all residential properties,National excluding Dublin,All residential,0.2,-18.7,-3.4,137.6
2009-09-01,2009-09,2009,2009Q3,National excluding Dublin - apartments,National excluding Dublin,Apartments,-2.3,-30.7,-7.7,152.3
2009-09-01,2009-09,2009,2009Q3,National excluding Dublin - houses,National excluding Dublin,Houses,0.3,-17.8,-3.2,136.8
2009-10-01,2009-10,2009,2009Q4,Dublin - all residential properties,Dublin,All residential,-2.2,-23.6,-2.6,102.7
2009-10-01,2009-10,2009,2009Q4,Dublin - apartments,Dublin,Apartments,-1.9,-25.8,-6.9,107.7
2009-10-01,2009-10,2009,2009Q4,Dublin - houses,Dublin,Houses,-2.4,-22.9,-0.1,103.2
2009-10-01,2009-10,2009,2009Q4,National - all residential properties,National,All residential,-1.2,-19.8,-2.4,116.3
2009-10-01,2009-10,2009,2009Q4,National - apartments,National,Apartments,-1.8,-28.7,-7.1,114.5
2009-10-01,2009-10,2009,2009Q4,National - houses,National,Houses,-1.1,-18.7,-1.6,116.5
2009-10-01,2009-10,2009,2009Q4,National excluding Dublin - all residential properties,National excluding Dublin,All residential,-0.7,-18.0,-2.4,136.7
2009-10-01,2009-10,2009,2009Q4,National excluding Dublin - apartments,National excluding Dublin,Apartments,-1.2,-29.6,-7.2,150.5
2009-10-01,2009-10,2009,2009Q4,National excluding Dublin - houses,National excluding Dublin,Houses,-0.7,-17.2,-2.1,135.9
2009-11-01,2009-11,2009,2009Q4,Dublin - all residential properties,Dublin,All residential,-1.9,-22.9,-4.5,100.7
2009-11-01,2009-11,2009,2009Q4,Dublin - apartments,Dublin,Apartments,-0.4,-23.3,-5.4,107.3
2009-11-01,2009-11,2009,2009Q4,Dublin - houses,Dublin,Houses,-2.8,-23.1,-4.1,100.3
2009-11-01,2009-11,2009,2009Q4,National - all residential properties,National,All residential,-0.4,-18.7,-1.6,115.9
2009-11-01,2009-11,2009,2009Q4,National - apartments,National,Apartments,-0.9,-27.1,-5.4,113.5
2009-11-01,2009-11,2009,2009Q4,National - houses,National,Houses,-0.5,-17.8,-1.1,116.0
2009-11-01,2009-11,2009,2009Q4,National excluding Dublin - all residential properties,National excluding Dublin,All residential,0.3,-16.7,-0.2,137.0
2009-11-01,2009-11,2009,2009Q4,National excluding Dublin - apartments,National excluding Dublin,Apartments,-0.9,-28.7,-4.3,149.2
2009-11-01,2009-11,2009,2009Q4,National excluding Dublin - houses,National excluding Dublin,Houses,0.3,-15.9,0.0,136.3
2009-12-01,2009-12,2009,2009Q4,Dublin - all residential properties,Dublin,All residential,-2.2,-23.0,-6.2,98.5
2009-12-01,2009-12,2009,2009Q4,Dublin - apartments,Dublin,Apartments,-1.7,-22.7,-3.9,105.5
2009-12-01,2009-12,2009,2009Q4,Dublin - houses,Dublin,Houses,-2.4,-23.2,-7.3,98.0
2009-12-01,2009-12,2009,2009Q4,National - all residential properties,National,All residential,-1.3,-18.2,-2.9,114.3
2009-12-01,2009-12,2009,2009Q4,National - apartments,National,Apartments,-1.3,-26.3,-4.0,112.0
2009-12-01,2009-12,2009,2009Q4,National - houses,National,Houses,-1.3,-17.3,-2.8,114.4
2009-12-01,2009-12,2009,2009Q4,National excluding Dublin - all residential properties,National excluding Dublin,All residential,-0.9,-15.9,-1.4,135.7
2009-12-01,2009-12,2009,2009Q4,National excluding Dublin - apartments,National excluding Dublin,Apartments,-0.4,-27.9,-2.5,148.6
2009-12-01,2009-12,2009,2009Q4,National excluding Dublin - houses,National excluding Dublin,Houses,-1.0,-15.1,-1.3,135.0
2010-01-01,2010-01,2010,2010Q1,Border - houses,Border,Houses,,,,172.3
2010-01-01,2010-01,2010,2010Q1,Dublin - all residential properties,Dublin,All residential,-2.5,-22.7,-6.4,96.1
2010-01-01,2010-01,2010,2010Q1,Dublin - apartments,Dublin,Apartments,-1.4,-22.3,-3.5,104.0
2010-01-01,2010-01,2010,2010Q1,Dublin - houses,Dublin,Houses,-2.8,-22.8,-7.7,95.2
2010-01-01,2010-01,2010,2010Q1,Dublin City - houses,Dublin City,Houses,,,,94.4
2010-01-01,2010-01,2010,2010Q1,Dun Laoghaire-Rathdown - houses,Dun Laoghaire-Rathdown,Houses,,,,95.4
2010-01-01,2010-01,2010,2010Q1,Fingal - houses,Fingal,Houses,,,,98.9
2010-01-01,2010-01,2010,2010Q1,Mid-East - houses,Mid-East,Houses,,,,114.4
2010-01-01,2010-01,2010,2010Q1,Mid-West - houses,Mid-West,Houses,,,,152.6
2010-01-01,2010-01,2010,2010Q1,Midland - houses,Midland,Houses,,,,159.3
2010-01-01,2010-01,2010,2010Q1,National - all residential properties,National,All residential,-1.0,-16.9,-2.7,113.2
2010-01-01,2010-01,2010,2010Q1,National - apartments,National,Apartments,-1.0,-24.6,-3.2,110.8
2010-01-01,2010-01,2010,2010Q1,National - houses,National,Houses,-1.0,-16.0,-2.8,113.3
2010-01-01,2010-01,2010,2010Q1,National excluding Dublin - all residential properties,National excluding Dublin,All residential,-0.3,-14.1,-1.0,135.3
2010-01-01,2010-01,2010,2010Q1,National excluding Dublin - apartments,National excluding Dublin,Apartments,-0.1,-23.5,-1.4,148.5
2010-01-01,2010-01,2010,2010Q1,National excluding Dublin - houses,National excluding Dublin,Houses,-0.3,-13.6,-1.0,134.5
2010-01-01,2010-01,2010,2010Q1,South Dublin - houses,South Dublin,Houses,,,,93.7
2010-01-01,2010-01,2010,2010Q1,South-East - houses,South-East,Houses,,,,139.8
2010-01-01,2010-01,2010,2010Q1,South-West - houses,South-West,Houses,,,,125.6
2010-01-01,2010-01,2010,2010Q1,West - houses,West,Houses,,,,153.8
2010-02-01,2010-02,2010,2010Q1,Border - houses,Border,Houses,-1.3,,,170.0
2010-02-01,2010-02,2010,2010Q1,Dublin - all residential properties,Dublin,All residential,-2.3,-21.0,-6.8,93.9
2010-02-01,2010-02,2010,2010Q1,Dublin - apartments,Dublin,Apartments,-0.9,-19.7,-4.0,103.1
2010-02-01,2010-02,2010,2010Q1,Dublin - houses,Dublin,Houses,-2.7,-21.3,-7.6,92.7
2010-02-01,2010-02,2010,2010Q1,Dublin City - houses,Dublin City,Houses,-3.6,,,91.0
2010-02-01,2010-02,2010,2010Q1,Dun Laoghaire-Rathdown - houses,Dun Laoghaire-Rathdown,Houses,-2.3,,,93.2
2010-02-01,2010-02,2010,2010Q1,Fingal - houses,Fingal,Houses,-2.2,,,96.7
2010-02-01,2010-02,2010,2010Q1,Mid-East - houses,Mid-East,Houses,-1.5,,,112.7
2010-02-01,2010-02,2010,2010Q1,Mid-West - houses,Mid-West,Houses,1.0,,,154.2
2010-02-01,2010-02,2010,2010Q1,Midland - houses,Midland,Houses,-1.3,,,157.3
2010-02-01,2010-02,2010,2010Q1,National - all residential properties,National,All residential,-1.5,-15.8,-3.8,111.4
2010-02-01,2010-02,2010,2010Q1,National - apartments,National,Apartments,-1.0,-22.5,-3.3,109.7
2010-02-01,2010-02,2010,2010Q1,National - houses,National,Houses,-1.6,-15.0,-3.9,111.5
2010-02-01,2010-02,2010,2010Q1,National excluding Dublin - all residential properties,National excluding Dublin,All residential,-1.2,-13.3,-2.4,133.7
2010-02-01,2010-02,2010,2010Q1,National excluding Dublin - apartments,National excluding Dublin,Apartments,-1.9,-23.2,-2.4,145.7
2010-02-01,2010-02,2010,2010Q1,National excluding Dublin - houses,National excluding Dublin,Houses,-1.1,-12.7,-2.4,133.0
2010-02-01,2010-02,2010,2010Q1,South Dublin - houses,South Dublin,Houses,-1.2,,,92.5
2010-02-01,2010-02,2010,2010Q1,South-East - houses,South-East,Houses,-0.2,,,139.5
2010-02-01,2010-02,2010,2010Q1,South-West - houses,South-West,Houses,-0.9,,,124.5
2010-02-01,2010-02,2010,2010Q1,West - houses,West,Houses,-1.5,,,151.5
2010-03-01,2010-03,2010,2010Q1,Border - houses,Border,Houses,-0.6,,,169.1
2010-03-01,2010-03,2010,2010Q1,Dublin - all residential properties,Dublin,All residential,-2.2,-19.8,-6.8,91.8
2010-03-01,2010-03,2010,2010Q1,Dublin - apartments,Dublin,Apartments,-2.0,-18.9,-4.2,101.0
2010-03-01,2010-03,2010,2010Q1,Dublin - houses,Dublin,Houses,-2.2,-19.8,-7.5,90.6
2010-03-01,2010-03,2010,2010Q1,Dublin City - houses,Dublin City,Houses,-2.8,,,88.4
2010-03-01,2010-03,2010,2010Q1,Dun Laoghaire-Rathdown - houses,Dun Laoghaire-Rathdown,Houses,-2.7,,,90.6
2010-03-01,2010-03,2010,2010Q1,Fingal - houses,Fingal,Houses,-2.0,,,94.7
2010-03-01,2010-03,2010,2010Q1,Mid-East - houses,Mid-East,Houses,-0.7,,,112.0
2010-03-01,2010-03,2010,2010Q1,Mid-West - houses,Mid-West,Houses,0.1,,,154.4
2010-03-01,2010-03,2010,2010Q1,Midland - houses,Midland,Houses,-1.1,,,155.5
2010-03-01,2010-03,2010,2010Q1,National - all residential properties,National,All residential,-1.3,-14.7,-3.8,110.0
2010-03-01,2010-03,2010,2010Q1,National - apartments,National,Apartments,-1.7,-21.7,-3.6,107.9
2010-03-01,2010-03,2010,2010Q1,National - houses,National,Houses,-1.1,-13.7,-3.7,110.2
2010-03-01,2010-03,2010,2010Q1,National excluding Dublin - all residential properties,National excluding Dublin,All residential,-0.5,-12.0,-2.0,132.9
2010-03-01,2010-03,2010,2010Q1,National excluding Dublin - apartments,National excluding Dublin,Apartments,-2.5,-24.5,-4.4,142.0
2010-03-01,2010-03,2010,2010Q1,National excluding Dublin - houses,National excluding Dublin,Houses,-0.4,-11.1,-1.9,132.5
2010-03-01,2010-03,2010,2010Q1,South Dublin - houses,South Dublin,Houses,-1.5,,,91.2
2010-03-01,2010-03,2010,2010Q1,South-East - houses,South-East,Houses,-1.4,,,137.5
2010-03-01,2010-03,2010,2010Q1,South-West - houses,South-West,Houses,0.2,,,124.7
2010-03-01,2010-03,2010,2010Q1,West - houses,West,Houses,-0.8,,,150.3
2010-04-01,2010-04,2010,2010Q2,Border - houses,Border,Houses,-2.8,,-4.6,164.3
2010-04-01,2010-04,2010,2010Q2,Dublin - all residential properties,Dublin,All residential,-0.3,-16.9,-4.7,91.6
2010-04-01,2010-04,2010,2010Q2,Dublin - apartments,Dublin,Apartments,0.9,-15.7,-2.0,102.0
2010-04-01,2010-04,2010,2010Q2,Dublin - houses,Dublin,Houses,-0.6,-16.7,-5.4,90.1
2010-04-01,2010-04,2010,2010Q2,Dublin City - houses,Dublin City,Houses,-1.2,,-7.4,87.3
2010-04-01,2010-04,2010,2010Q2,Dun Laoghaire-Rathdown - houses,Dun Laoghaire-Rathdown,Houses,-1.6,,-6.5,89.2
2010-04-01,2010-04,2010,2010Q2,Fingal - houses,Fingal,Houses,-1.6,,-5.7,93.2
2010-04-01,2010-04,2010,2010Q2,Mid-East - houses,Mid-East,Houses,-0.5,,-2.7,111.4
2010-04-01,2010-04,2010,2010Q2,Mid-West - houses,Mid-West,Houses,-1.0,,0.1,152.9
2010-04-01,2010-04,2010,2010Q2,Midland - houses,Midland,Houses,-1.2,,-3.6,153.7
2010-04-01,2010-04,2010,2010Q2,National - all residential properties,National,All residential,-0.6,-13.2,-3.3,109.4
2010-04-01,2010-04,2010,2010Q2,National - apartments,National,Apartments,0.7,-18.2,-2.0,108.6
2010-04-01,2010-04,2010,2010Q2,National - houses,National,Houses,-0.8,-12.6,-3.5,109.3
2010-04-01,2010-04,2010,2010Q2,National excluding Dublin - all residential properties,National excluding Dublin,All residential,-0.9,-11.3,-2.6,131.8
2010-04-01,2010-04,2010,2010Q2,National excluding Dublin - apartments,National excluding Dublin,Apartments,1.3,-19.7,-3.1,143.9
2010-04-01,2010-04,2010,2010Q2,National excluding Dublin - houses,National excluding Dublin,Houses,-1.0,-10.8,-2.5,131.1
2010-04-01,2010-04,2010,2010Q2,South Dublin - houses,South Dublin,Houses,-1.4,,-4.1,89.9
2010-04-01,2010-04,2010,2010Q2,South-East - houses,South-East,Houses,-0.7,,-2.3,136.6
2010-04-01,2010-04,2010,2010Q2,South-West - houses,South-West,Houses,-1.2,,-2.0,123.1
2010-04-01,2010-04,2010,2010Q2,West - houses,West,Houses,0.8,,-1.5,151.5
2010-05-01,2010-05,2010,2010Q2,Border - houses,Border,Houses,-2.7,,-6.0,159.8
2010-05-01,2010-05,2010,2010Q2,Dublin - all residential properties,Dublin,All residential,-1.0,-15.8,-3.4,90.7
2010-05-01,2010-05,2010,2010Q2,Dublin - apartments,Dublin,Apartments,-2.0,-16.4,-3.0,99.9
2010-05-01,2010-05,2010,2010Q2,Dublin - houses,Dublin,Houses,-0.7,-14.8,-3.5,89.5
2010-05-01,2010-05,2010,2010Q2,Dublin City - houses,Dublin City,Houses,-2.2,,-6.1,85.4
2010-05-01,2010-05,2010,2010Q2,Dun Laoghaire-Rathdown - houses,Dun Laoghaire-Rathdown,Houses,-0.7,,-4.9,88.6
2010-05-01,2010-05,2010,2010Q2,Fingal - houses,Fingal,Houses,-1.2,,-4.8,92.1
2010-05-01,2010-05,2010,2010Q2,Mid-East - houses,Mid-East,Houses,-1.3,,-2.5,110.0
2010-05-01,2010-05,2010,2010Q2,Mid-West - houses,Mid-West,Houses,-0.1,,-1.0,152.7
2010-05-01,2010-05,2010,2010Q2,Midland - houses,Midland,Houses,-0.3,,-2.7,153.1
2010-05-01,2010-05,2010,2010Q2,National - all residential properties,National,All residential,-1.7,-12.7,-3.5,107.5
2010-05-01,2010-05,2010,2010Q2,National - apartments,National,Apartments,-2.0,-17.7,-2.9,106.5
2010-05-01,2010-05,2010,2010Q2,National - houses,National,Houses,-1.6,-11.9,-3.5,107.6
2010-05-01,2010-05,2010,2010Q2,National excluding Dublin - all residential properties,National excluding Dublin,All residential,-2.3,-11.2,-3.6,128.8
2010-05-01,2010-05,2010,2010Q2,National excluding Dublin - apartments,National excluding Dublin,Apartments,-4.2,-19.9,-5.4,137.8
2010-05-01,2010-05,2010,2010Q2,National excluding Dublin - houses,National excluding Dublin,Houses,-2.1,-10.7,-3.5,128.4
2010-05-01,2010-05,2010,2010Q2,South Dublin - houses,South Dublin,Houses,-0.5,,-3.3,89.4
2010-05-01,2010-05,2010,2010Q2,South-East - houses,South-East,Houses,-1.6,,-3.7,134.4
2010-05-01,2010-05,2010,2010Q2,South-West - houses,South-West,Houses,-1.5,,-2.6,121.3
2010-05-01,2010-05,2010,2010Q2,West - houses,West,Houses,-3.6,,-3.6,146.0
2010-06-01,2010-06,2010,2010Q2,Border - houses,Border,Houses,-2.1,,-7.5,156.5
2010-06-01,2010-06,2010,2010Q2,Dublin - all residential properties,Dublin,All residential,-1.3,-15.9,-2.5,89.5
2010-06-01,2010-06,2010,2010Q2,Dublin - apartments,Dublin,Apartments,-2.8,-17.7,-3.9,97.1
2010-06-01,2010-06,2010,2010Q2,Dublin - houses,Dublin,Houses,-0.9,-14.6,-2.1,88.7
2010-06-01,2010-06,2010,2010Q2,Dublin City - houses,Dublin City,Houses,-1.3,,-4.7,84.3
2010-06-01,2010-06,2010,2010Q2,Dun Laoghaire-Rathdown - houses,Dun Laoghaire-Rathdown,Houses,-0.5,,-2.7,88.2
2010-06-01,2010-06,2010,2010Q2,Fingal - houses,Fingal,Houses,-2.4,,-5.1,89.9
2010-06-01,2010-06,2010,2010Q2,Mid-East - houses,Mid-East,Houses,-1.5,,-3.3,108.3
2010-06-01,2010-06,2010,2010Q2,Mid-West - houses,Mid-West,Houses,-1.7,,-2.8,150.1
2010-06-01,2010-06,2010,2010Q2,Midland - houses,Midland,Houses,-0.9,,-2.5,151.7
2010-06-01,2010-06,2010,2010Q2,National - all residential properties,National,All residential,-1.1,-12.2,-3.4,106.3
2010-06-01,2010-06,2010,2010Q2,National - apartments,National,Apartments,-1.8,-17.0,-3.1,104.6
2010-06-01,2010-06,2010,2010Q2,National - houses,National,Houses,-0.9,-11.2,-3.3,106.6
2010-06-01,2010-06,2010,2010Q2,National excluding Dublin - all residential properties,National excluding Dublin,All residential,-0.8,-10.3,-3.9,127.8
2010-06-01,2010-06,2010,2010Q2,National excluding Dublin - apartments,National excluding Dublin,Apartments,-0.6,-17.0,-3.6,136.9
2010-06-01,2010-06,2010,2010Q2,National excluding Dublin - houses,National excluding Dublin,Houses,-0.8,-9.9,-3.9,127.3
2010-06-01,2010-06,2010,2010Q2,South Dublin - houses,South Dublin,Houses,-0.6,,-2.5,88.9
2010-06-01,2010-06,2010,2010Q2,South-East - houses,South-East,Houses,-0.7,,-2.9,133.5
2010-06-01,2010-06,2010,2010Q2,South-West - houses,South-West,Houses,-0.3,,-3.0,120.9
2010-06-01,2010-06,2010,2010Q2,West - houses,West,Houses,0.5,,-2.4,146.7
2010-07-01,2010-07,2010,2010Q3,Border - houses,Border,Houses,-0.3,,-5.1,156.0
2010-07-01,2010-07,2010,2010Q3,Dublin - all residential properties,Dublin,All residential,-0.7,-15.7,-3.0,88.8
2010-07-01,2010-07,2010,2010Q3,Dublin - apartments,Dublin,Apartments,-2.2,-18.0,-6.8,95.0
2010-07-01,2010-07,2010,2010Q3,Dublin - houses,Dublin,Houses,-0.3,-14.4,-1.9,88.4
2010-07-01,2010-07,2010,2010Q3,Dublin City - houses,Dublin City,Houses,-1.0,,-4.5,83.5
2010-07-01,2010-07,2010,2010Q3,Dun Laoghaire-Rathdown - houses,Dun Laoghaire-Rathdown,Houses,-0.2,,-1.3,88.0
2010-07-01,2010-07,2010,2010Q3,Fingal - houses,Fingal,Houses,-1.1,,-4.6,89.0
2010-07-01,2010-07,2010,2010Q3,Mid-East - houses,Mid-East,Houses,-1.5,,-4.2,106.7
2010-07-01,2010-07,2010,2010Q3,Mid-West - houses,Mid-West,Houses,-0.8,,-2.5,149.0
2010-07-01,2010-07,2010,2010Q3,Midland - houses,Midland,Houses,-3.3,,-4.6,146.6
2010-07-01,2010-07,2010,2010Q3,National - all residential properties,National,All residential,-1.0,-11.8,-3.8,105.2
2010-07-01,2010-07,2010,2010Q3,National - apartments,National,Apartments,-1.7,-16.6,-5.4,102.8
2010-07-01,2010-07,2010,2010Q3,National - houses,National,Houses,-0.9,-10.8,-3.3,105.7
2010-07-01,2010-07,2010,2010Q3,National excluding Dublin - all residential properties,National excluding Dublin,All residential,-1.3,-9.9,-4.3,126.2
2010-07-01,2010-07,2010,2010Q3,National excluding Dublin - apartments,National excluding Dublin,Apartments,-1.7,-17.1,-6.5,134.5
2010-07-01,2010-07,2010,2010Q3,National excluding Dublin - houses,National excluding Dublin,Houses,-1.2,-9.4,-4.1,125.8
2010-07-01,2010-07,2010,2010Q3,South Dublin - houses,South Dublin,Houses,-0.2,,-1.3,88.7
2010-07-01,2010-07,2010,2010Q3,South-East - houses,South-East,Houses,-2.2,,-4.4,130.5
2010-07-01,2010-07,2010,2010Q3,South-West - houses,South-West,Houses,-0.8,,-2.6,119.9
2010-07-01,2010-07,2010,2010Q3,West - houses,West,Houses,-0.7,,-3.8,145.8
2010-08-01,2010-08,2010,2010Q3,Border - houses,Border,Houses,-0.2,,-2.6,155.7
2010-08-01,2010-08,2010,2010Q3,Dublin - all residential properties,Dublin,All residential,0.5,-15.4,-1.5,89.3
2010-08-01,2010-08,2010,2010Q3,Dublin - apartments,Dublin,Apartments,0.1,-16.2,-4.8,95.1
2010-08-01,2010-08,2010,2010Q3,Dublin - houses,Dublin,Houses,0.5,-15.1,-0.7,88.8
2010-08-01,2010-08,2010,2010Q3,Dublin City - houses,Dublin City,Houses,-0.6,,-2.8,83.0
2010-08-01,2010-08,2010,2010Q3,Dun Laoghaire-Rathdown - houses,Dun Laoghaire-Rathdown,Houses,1.3,,0.6,89.2
2010-08-01,2010-08,2010,2010Q3,Fingal - houses,Fingal,Houses,-0.5,,-3.9,88.5
2010-08-01,2010-08,2010,2010Q3,Mid-East - houses,Mid-East,Houses,-0.4,,-3.3,106.3
2010-08-01,2010-08,2010,2010Q3,Mid-West - houses,Mid-West,Houses,-1.1,,-3.5,147.4
2010-08-01,2010-08,2010,2010Q3,Midland - houses,Midland,Houses,-0.8,,-5.0,145.5
2010-08-01,2010-08,2010,2010Q3,National - all residential properties,National,All residential,-0.3,-10.9,-2.4,104.9
2010-08-01,2010-08,2010,2010Q3,National - apartments,National,Apartments,-0.4,-14.7,-3.9,102.4
2010-08-01,2010-08,2010,2010Q3,National - houses,National,Houses,-0.4,-10.2,-2.2,105.3
2010-08-01,2010-08,2010,2010Q3,National excluding Dublin - all residential properties,National excluding Dublin,All residential,-1.0,-9.0,-3.0,125.0
2010-08-01,2010-08,2010,2010Q3,National excluding Dublin - apartments,National excluding Dublin,Apartments,-0.8,-14.4,-3.2,133.4
2010-08-01,2010-08,2010,2010Q3,National excluding Dublin - houses,National excluding Dublin,Houses,-1.0,-8.7,-3.0,124.5
2010-08-01,2010-08,2010,2010Q3,South Dublin - houses,South Dublin,Houses,0.2,,-0.7,88.8
2010-08-01,2010-08,2010,2010Q3,South-East - houses,South-East,Houses,-2.3,,-5.1,127.6
2010-08-01,2010-08,2010,2010Q3,South-West - houses,South-West,Houses,-1.9,,-3.0,117.7
2010-08-01,2010-08,2010,2010Q3,West - houses,West,Houses,-1.5,,-1.6,143.6
2010-09-01,2010-09,2010,2010Q3,Border - houses,Border,Houses,-0.7,,-1.2,154.6
2010-09-01,2010-09,2010,2010Q3,Dublin - all residential properties,Dublin,All residential,-0.2,-15.1,-0.4,89.1
2010-09-01,2010-09,2010,2010Q3,Dublin - apartments,Dublin,Apartments,-2.9,-15.9,-4.9,92.3
2010-09-01,2010-09,2010,2010Q3,Dublin - houses,Dublin,Houses,0.4,-15.6,0.6,89.2
2010-09-01,2010-09,2010,2010Q3,Dublin City - houses,Dublin City,Houses,0.8,,-0.8,83.6
2010-09-01,2010-09,2010,2010Q3,Dun Laoghaire-Rathdown - houses,Dun Laoghaire-Rathdown,Houses,1.3,,2.4,90.3
2010-09-01,2010-09,2010,2010Q3,Fingal - houses,Fingal,Houses,-0.9,,-2.5,87.7
2010-09-01,2010-09,2010,2010Q3,Mid-East - houses,Mid-East,Houses,-1.5,,-3.3,104.7
2010-09-01,2010-09,2010,2010Q3,Mid-West - houses,Mid-West,Houses,-1.2,,-3.0,145.6
2010-09-01,2010-09,2010,2010Q3,Midland - houses,Midland,Houses,-2.0,,-6.0,142.5
2010-09-01,2010-09,2010,2010Q3,National - all residential properties,National,All residential,-1.2,-11.9,-2.5,103.6
2010-09-01,2010-09,2010,2010Q3,National - apartments,National,Apartments,-2.0,-13.9,-4.0,100.4
2010-09-01,2010-09,2010,2010Q3,National - houses,National,Houses,-1.1,-11.6,-2.3,104.1
2010-09-01,2010-09,2010,2010Q3,National excluding Dublin - all residential properties,National excluding Dublin,All residential,-2.0,-11.0,-4.2,122.4
2010-09-01,2010-09,2010,2010Q3,National excluding Dublin - apartments,National excluding Dublin,Apartments,-0.2,-12.6,-2.7,133.2
2010-09-01,2010-09,2010,2010Q3,National excluding Dublin - houses,National excluding Dublin,Houses,-2.1,-10.9,-4.3,121.8
2010-09-01,2010-09,2010,2010Q3,South Dublin - houses,South Dublin,Houses,-0.7,,-0.8,88.2
2010-09-01,2010-09,2010,2010Q3,South-East - houses,South-East,Houses,-2.4,,-6.8,124.5
2010-09-01,2010-09,2010,2010Q3,South-West - houses,South-West,Houses,-3.2,,-5.8,114.0
2010-09-01,2010-09,2010,2010Q3,West - houses,West,Houses,-0.7,,-2.8,142.6
2010-10-01,2010-10,2010,2010Q4,Border - houses,Border,Houses,-2.1,,-2.9,151.5
2010-10-01,2010-10,2010,2010Q4,Dublin - all residential properties,Dublin,All residential,-1.6,-14.5,-1.2,87.7
2010-10-01,2010-10,2010,2010Q4,Dublin - apartments,Dublin,Apartments,-1.6,-15.6,-4.3,90.9
2010-10-01,2010-10,2010,2010Q4,Dublin - houses,Dublin,Houses,-1.6,-14.9,-0.7,87.8
2010-10-01,2010-10,2010,2010Q4,Dublin City - houses,Dublin City,Houses,-1.2,,-1.0,82.7
2010-10-01,2010-10,2010,2010Q4,Dun Laoghaire-Rathdown - houses,Dun Laoghaire-Rathdown,Houses,-0.9,,1.7,89.6
2010-10-01,2010-10,2010,2010Q4,Fingal - houses,Fingal,Houses,0.9,,-0.5,88.5
2010-10-01,2010-10,2010,2010Q4,Mid-East - houses,Mid-East,Houses,-1.5,,-3.3,103.1
2010-10-01,2010-10,2010,2010Q4,Mid-West - houses,Mid-West,Houses,-0.9,,-3.2,144.3
2010-10-01,2010-10,2010,2010Q4,Midland - houses,Midland,Houses,-1.6,,-4.3,140.3
2010-10-01,2010-10,2010,2010Q4,National - all residential properties,National,All residential,-1.7,-12.4,-3.2,101.9
2010-10-01,2010-10,2010,2010Q4,National - apartments,National,Apartments,-1.6,-13.7,-3.9,98.8
2010-10-01,2010-10,2010,2010Q4,National - houses,National,Houses,-1.7,-12.2,-3.1,102.3
2010-10-01,2010-10,2010,2010Q4,National excluding Dublin - all residential properties,National excluding Dublin,All residential,-1.8,-12.0,-4.8,120.2
2010-10-01,2010-10,2010,2010Q4,National excluding Dublin - apartments,National excluding Dublin,Apartments,-1.7,-13.0,-2.7,130.9
2010-10-01,2010-10,2010,2010Q4,National excluding Dublin - houses,National excluding Dublin,Houses,-1.8,-12.0,-4.9,119.6
2010-10-01,2010-10,2010,2010Q4,South Dublin - houses,South Dublin,Houses,-1.4,,-1.9,87.0
2010-10-01,2010-10,2010,2010Q4,South-East - houses,South-East,Houses,-2.4,,-7.0,121.4
2010-10-01,2010-10,2010,2010Q4,South-West - houses,South-West,Houses,-1.8,,-6.7,111.9
2010-10-01,2010-10,2010,2010Q4,West - houses,West,Houses,-2.6,,-4.7,139.0
2010-11-01,2010-11,2010,2010Q4,Border - houses,Border,Houses,-1.8,,-4.5,148.7
2010-11-01,2010-11,2010,2010Q4,Dublin - all residential properties,Dublin,All residential,-2.1,-14.7,-3.9,85.9
2010-11-01,2010-11,2010,2010Q4,Dublin - apartments,Dublin,Apartments,-2.3,-17.3,-6.6,88.8
2010-11-01,2010-11,2010,2010Q4,Dublin - houses,Dublin,Houses,-2.1,-14.3,-3.3,85.9
2010-11-01,2010-11,2010,2010Q4,Dublin City - houses,Dublin City,Houses,-0.6,,-1.0,82.1
2010-11-01,2010-11,2010,2010Q4,Dun Laoghaire-Rathdown - houses,Dun Laoghaire-Rathdown,Houses,-2.0,,-1.5,87.8
2010-11-01,2010-11,2010,2010Q4,Fingal - houses,Fingal,Houses,-0.8,,-0.8,87.8
2010-11-01,2010-11,2010,2010Q4,Mid-East - houses,Mid-East,Houses,-1.3,,-4.2,101.8
2010-11-01,2010-11,2010,2010Q4,Mid-West - houses,Mid-West,Houses,-2.0,,-4.1,141.4
2010-11-01,2010-11,2010,2010Q4,Midland - houses,Midland,Houses,-4.9,,-8.3,133.4
2010-11-01,2010-11,2010,2010Q4,National - all residential properties,National,All residential,-2.1,-13.9,-4.9,99.8
2010-11-01,2010-11,2010,2010Q4,National - apartments,National,Apartments,-2.1,-14.7,-5.5,96.8
2010-11-01,2010-11,2010,2010Q4,National - houses,National,Houses,-2.1,-13.6,-4.8,100.2
2010-11-01,2010-11,2010,2010Q4,National excluding Dublin - all residential properties,National excluding Dublin,All residential,-2.0,-14.1,-5.8,117.7
2010-11-01,2010-11,2010,2010Q4,National excluding Dublin - apartments,National excluding Dublin,Apartments,-1.9,-13.9,-3.7,128.5
2010-11-01,2010-11,2010,2010Q4,National excluding Dublin - houses,National excluding Dublin,Houses,-2.0,-14.0,-5.9,117.2
2010-11-01,2010-11,2010,2010Q4,South Dublin - houses,South Dublin,Houses,-0.7,,-2.7,86.4
2010-11-01,2010-11,2010,2010Q4,South-East - houses,South-East,Houses,-2.8,,-7.4,118.1
2010-11-01,2010-11,2010,2010Q4,South-West - houses,South-West,Houses,-1.7,,-6.5,110.0
2010-11-01,2010-11,2010,2010Q4,West - houses,West,Houses,-1.9,,-5.1,136.3
2010-12-01,2010-12,2010,2010Q4,Border - houses,Border,Houses,-0.6,,-4.4,147.8
2010-12-01,2010-12,2010,2010Q4,Dublin - all residential properties,Dublin,All residential,-1.7,-14.3,-5.3,84.4
2010-12-01,2010-12,2010,2010Q4,Dublin - apartments,Dublin,Apartments,-0.5,-16.3,-4.3,88.4
2010-12-01,2010-12,2010,2010Q4,Dublin - houses,Dublin,Houses,-2.0,-14.0,-5.6,84.2
2010-12-01,2010-12,2010,2010Q4,Dublin City - houses,Dublin City,Houses,-0.7,,-2.4,81.6
2010-12-01,2010-12,2010,2010Q4,Dun Laoghaire-Rathdown - houses,Dun Laoghaire-Rathdown,Houses,-1.9,,-4.6,86.2
2010-12-01,2010-12,2010,2010Q4,Fingal - houses,Fingal,Houses,-1.2,,-1.1,86.7
2010-12-01,2010-12,2010,2010Q4,Mid-East - houses,Mid-East,Houses,-2.3,,-4.9,99.5
2010-12-01,2010-12,2010,2010Q4,Mid-West - houses,Mid-West,Houses,0.6,,-2.3,142.3
2010-12-01,2010-12,2010,2010Q4,Midland - houses,Midland,Houses,-1.2,,-7.5,131.8
2010-12-01,2010-12,2010,2010Q4,National - all residential properties,National,All residential,-1.5,-14.0,-5.2,98.3
2010-12-01,2010-12,2010,2010Q4,National - apartments,National,Apartments,-0.9,-14.4,-4.5,95.8
2010-12-01,2010-12,2010,2010Q4,National - houses,National,Houses,-1.6,-13.8,-5.3,98.6
2010-12-01,2010-12,2010,2010Q4,National excluding Dublin - all residential properties,National excluding Dublin,All residential,-1.2,-14.3,-5.0,116.3
2010-12-01,2010-12,2010,2010Q4,National excluding Dublin - apartments,National excluding Dublin,Apartments,-1.0,-14.4,-4.5,127.2
2010-12-01,2010-12,2010,2010Q4,National excluding Dublin - houses,National excluding Dublin,Houses,-1.3,-14.3,-5.1,115.7
2010-12-01,2010-12,2010,2010Q4,South Dublin - houses,South Dublin,Houses,-1.0,,-3.1,85.5
2010-12-01,2010-12,2010,2010Q4,South-East - houses,South-East,Houses,-1.6,,-6.7,116.1
2010-12-01,2010-12,2010,2010Q4,South-West - houses,South-West,Houses,-2.2,,-5.6,107.6
2010-12-01,2010-12,2010,2010Q4,West - houses,West,Houses,-2.1,,-6.4,133.4
2011-01-01,2011-01,2011,2011Q1,Border - houses,Border,Houses,1.3,-13.1,-1.1,149.8
2011-01-01,2011-01,2011,2011Q1,Dublin - all residential properties,Dublin,All residential,-1.1,-13.1,-4.8,83.5
2011-01-01,2011-01,2011,2011Q1,Dublin - apartments,Dublin,Apartments,0.8,-14.3,-2.0,89.1
2011-01-01,2011-01,2011,2011Q1,Dublin - houses,Dublin,Houses,-1.6,-12.9,-5.6,82.9
2011-01-01,2011-01,2011,2011Q1,Dublin City - houses,Dublin City,Houses,0.3,-13.3,-1.0,81.8
2011-01-01,2011-01,2011,2011Q1,Dun Laoghaire-Rathdown - houses,Dun Laoghaire-Rathdown,Houses,-3.9,-13.3,-7.6,82.8
2011-01-01,2011-01,2011,2011Q1,Fingal - houses,Fingal,Houses,0.5,-12.0,-1.6,87.1
2011-01-01,2011-01,2011,2011Q1,Mid-East - houses,Mid-East,Houses,-0.4,-13.4,-3.9,99.1
2011-01-01,2011-01,2011,2011Q1,Mid-West - houses,Mid-West,Houses,-3.5,-10.0,-4.8,137.3
2011-01-01,2011-01,2011,2011Q1,Midland - houses,Midland,Houses,-3.2,-19.9,-9.1,127.6
2011-01-01,2011-01,2011,2011Q1,National - all residential properties,National,All residential,-0.8,-13.9,-4.3,97.5
2011-01-01,2011-01,2011,2011Q1,National - apartments,National,Apartments,0.1,-13.4,-2.9,96.0
2011-01-01,2011-01,2011,2011Q1,National - houses,National,Houses,-1.1,-13.9,-4.7,97.6
2011-01-01,2011-01,2011,2011Q1,National excluding Dublin - all residential properties,National excluding Dublin,All residential,-0.7,-14.6,-3.9,115.5
2011-01-01,2011-01,2011,2011Q1,National excluding Dublin - apartments,National excluding Dublin,Apartments,0.5,-13.9,-2.3,127.9
2011-01-01,2011-01,2011,2011Q1,National excluding Dublin - houses,National excluding Dublin,Houses,-0.7,-14.6,-4.0,114.8
2011-01-01,2011-01,2011,2011Q1,South Dublin - houses,South Dublin,Houses,-1.6,-10.2,-3.3,84.1
2011-01-01,2011-01,2011,2011Q1,South-East - houses,South-East,Houses,-0.6,-17.4,-4.9,115.4
2011-01-01,2011-01,2011,2011Q1,South-West - houses,South-West,Houses,-1.7,-15.9,-5.5,105.7
2011-01-01,2011-01,2011,2011Q1,West - houses,West,Houses,-2.4,-15.4,-6.3,130.2
2011-02-01,2011-02,2011,2011Q1,Border - houses,Border,Houses,-0.1,-12.0,0.6,149.6
2011-02-01,2011-02,2011,2011Q1,Dublin - all residential properties,Dublin,All residential,-2.1,-12.9,-4.8,81.8
2011-02-01,2011-02,2011,2011Q1,Dublin - apartments,Dublin,Apartments,-1.3,-14.6,-0.9,88.0
2011-02-01,2011-02,2011,2011Q1,Dublin - houses,Dublin,Houses,-2.2,-12.5,-5.7,81.1
2011-02-01,2011-02,2011,2011Q1,Dublin City - houses,Dublin City,Houses,-2.5,-12.3,-2.9,79.8
2011-02-01,2011-02,2011,2011Q1,Dun Laoghaire-Rathdown - houses,Dun Laoghaire-Rathdown,Houses,-3.5,-14.3,-9.0,79.9
2011-02-01,2011-02,2011,2011Q1,Fingal - houses,Fingal,Houses,0.6,-9.4,-0.2,87.6
2011-02-01,2011-02,2011,2011Q1,Mid-East - houses,Mid-East,Houses,-1.3,-13.3,-4.0,97.8
2011-02-01,2011-02,2011,2011Q1,Mid-West - houses,Mid-West,Houses,-2.0,-12.7,-4.7,134.7
2011-02-01,2011-02,2011,2011Q1,Midland - houses,Midland,Houses,-2.8,-21.2,-7.0,124.1
2011-02-01,2011-02,2011,2011Q1,National - all residential properties,National,All residential,-1.9,-14.2,-4.2,95.6
2011-02-01,2011-02,2011,2011Q1,National - apartments,National,Apartments,-1.6,-14.0,-2.5,94.4
2011-02-01,2011-02,2011,2011Q1,National - houses,National,Houses,-1.9,-14.1,-4.5,95.7
2011-02-01,2011-02,2011,2011Q1,National excluding Dublin - all residential properties,National excluding Dublin,All residential,-1.8,-15.1,-3.6,113.4
2011-02-01,2011-02,2011,2011Q1,National excluding Dublin - apartments,National excluding Dublin,Apartments,-3.1,-15.0,-3.6,123.8
2011-02-01,2011-02,2011,2011Q1,National excluding Dublin - houses,National excluding Dublin,Houses,-1.7,-15.1,-3.6,112.9
2011-02-01,2011-02,2011,2011Q1,South Dublin - houses,South Dublin,Houses,-0.6,-9.6,-3.2,83.6
2011-02-01,2011-02,2011,2011Q1,South-East - houses,South-East,Houses,-2.3,-19.2,-4.5,112.8
2011-02-01,2011-02,2011,2011Q1,South-West - houses,South-West,Houses,-1.6,-16.4,-5.4,104.1
2011-02-01,2011-02,2011,2011Q1,West - houses,West,Houses,-3.4,-17.0,-7.7,125.8
2011-03-01,2011-03,2011,2011Q1,Border - houses,Border,Houses,-1.5,-12.8,-0.2,147.4
2011-03-01,2011-03,2011,2011Q1,Dublin - all residential properties,Dublin,All residential,-2.7,-13.4,-5.8,79.5
2011-03-01,2011-03,2011,2011Q1,Dublin - apartments,Dublin,Apartments,-2.2,-14.8,-2.6,86.1
2011-03-01,2011-03,2011,2011Q1,Dublin - houses,Dublin,Houses,-2.7,-13.0,-6.4,78.8
2011-03-01,2011-03,2011,2011Q1,Dublin City - houses,Dublin City,Houses,-2.4,-11.9,-4.5,77.9
2011-03-01,2011-03,2011,2011Q1,Dun Laoghaire-Rathdown - houses,Dun Laoghaire-Rathdown,Houses,-3.8,-15.2,-10.8,76.9
2011-03-01,2011-03,2011,2011Q1,Fingal - houses,Fingal,Houses,-1.5,-9.0,-0.5,86.2
2011-03-01,2011-03,2011,2011Q1,Mid-East - houses,Mid-East,Houses,-2.6,-14.9,-4.3,95.2
2011-03-01,2011-03,2011,2011Q1,Mid-West - houses,Mid-West,Houses,-0.7,-13.4,-6.0,133.7
2011-03-01,2011-03,2011,2011Q1,Midland - houses,Midland,Houses,-3.3,-22.9,-9.0,119.9
2011-03-01,2011-03,2011,2011Q1,National - all residential properties,National,All residential,-2.4,-15.2,-5.1,93.3
2011-03-01,2011-03,2011,2011Q1,National - apartments,National,Apartments,-2.0,-14.3,-3.5,92.5
2011-03-01,2011-03,2011,2011Q1,National - houses,National,Houses,-2.4,-15.3,-5.3,93.4
2011-03-01,2011-03,2011,2011Q1,National excluding Dublin - all residential properties,National excluding Dublin,All residential,-2.2,-16.5,-4.6,110.9
2011-03-01,2011-03,2011,2011Q1,National excluding Dublin - apartments,National excluding Dublin,Apartments,-2.8,-15.2,-5.3,120.4
2011-03-01,2011-03,2011,2011Q1,National excluding Dublin - houses,National excluding Dublin,Houses,-2.1,-16.6,-4.5,110.5
2011-03-01,2011-03,2011,2011Q1,South Dublin - houses,South Dublin,Houses,-0.9,-9.1,-3.1,82.9
2011-03-01,2011-03,2011,2011Q1,South-East - houses,South-East,Houses,-0.5,-18.4,-3.4,112.2
2011-03-01,2011-03,2011,2011Q1,South-West - houses,South-West,Houses,-1.8,-18.1,-5.0,102.2
2011-03-01,2011-03,2011,2011Q1,West - houses,West,Houses,-3.5,-19.2,-9.0,121.4
2011-04-01,2011-04,2011,2011Q2,Border - houses,Border,Houses,0.1,-10.2,-1.5,147.5
2011-04-01,2011-04,2011,2011Q2,Dublin - all residential properties,Dublin,All residential,-0.8,-13.8,-5.5,78.9
2011-04-01,2011-04,2011,2011Q2,Dublin - apartments,Dublin,Apartments,-0.2,-15.7,-3.6,85.9
2011-04-01,2011-04,2011,2011Q2,Dublin - houses,Dublin,Houses,-0.9,-13.3,-5.7,78.1
2011-04-01,2011-04,2011,2011Q2,Dublin City - houses,Dublin City,Houses,-2.0,-12.6,-6.7,76.4
2011-04-01,2011-04,2011,2011Q2,Dun Laoghaire-Rathdown - houses,Dun Laoghaire-Rathdown,Houses,-1.3,-14.9,-8.3,75.9
2011-04-01,2011-04,2011,2011Q2,Fingal - houses,Fingal,Houses,-1.0,-8.4,-1.9,85.4
2011-04-01,2011-04,2011,2011Q2,Mid-East - houses,Mid-East,Houses,-2.3,-16.5,-6.1,93.1
2011-04-01,2011-04,2011,2011Q2,Mid-West - houses,Mid-West,Houses,-2.1,-14.3,-4.7,130.9
2011-04-01,2011-04,2011,2011Q2,Midland - houses,Midland,Houses,-3.8,-25.0,-9.6,115.3
2011-04-01,2011-04,2011,2011Q2,National - all residential properties,National,All residential,-1.3,-15.9,-5.6,92.0
2011-04-01,2011-04,2011,2011Q2,National - apartments,National,Apartments,-0.5,-15.3,-4.1,92.0
2011-04-01,2011-04,2011,2011Q2,National - houses,National,Houses,-1.5,-15.8,-5.7,92.0
2011-04-01,2011-04,2011,2011Q2,National excluding Dublin - all residential properties,National excluding Dublin,All residential,-1.8,-17.4,-5.7,108.9
2011-04-01,2011-04,2011,2011Q2,National excluding Dublin - apartments,National excluding Dublin,Apartments,-0.6,-16.8,-6.4,119.7
2011-04-01,2011-04,2011,2011Q2,National excluding Dublin - houses,National excluding Dublin,Houses,-1.9,-17.4,-5.6,108.4
2011-04-01,2011-04,2011,2011Q2,South Dublin - houses,South Dublin,Houses,-1.2,-8.9,-2.6,81.9
2011-04-01,2011-04,2011,2011Q2,South-East - houses,South-East,Houses,-5.1,-22.1,-7.8,106.5
2011-04-01,2011-04,2011,2011Q2,South-West - houses,South-West,Houses,-1.7,-18.5,-5.0,100.4
2011-04-01,2011-04,2011,2011Q2,West - houses,West,Houses,1.9,-18.4,-5.0,123.7
2011-05-01,2011-05,2011,2011Q2,Border - houses,Border,Houses,-2.1,-9.6,-3.5,144.4
2011-05-01,2011-05,2011,2011Q2,Dublin - all residential properties,Dublin,All residential,-1.6,-14.4,-5.1,77.6
2011-05-01,2011-05,2011,2011Q2,Dublin - apartments,Dublin,Apartments,-1.7,-15.5,-4.0,84.5
2011-05-01,2011-05,2011,2011Q2,Dublin - houses,Dublin,Houses,-1.6,-14.1,-5.1,76.9
2011-05-01,2011-05,2011,2011Q2,Dublin City - houses,Dublin City,Houses,-2.0,-12.4,-6.2,74.8
2011-05-01,2011-05,2011,2011Q2,Dun Laoghaire-Rathdown - houses,Dun Laoghaire-Rathdown,Houses,-1.2,-15.3,-6.1,75.0
2011-05-01,2011-05,2011,2011Q2,Fingal - houses,Fingal,Houses,-2.3,-9.4,-4.8,83.4
2011-05-01,2011-05,2011,2011Q2,Mid-East - houses,Mid-East,Houses,-1.5,-16.6,-6.2,91.7
2011-05-01,2011-05,2011,2011Q2,Mid-West - houses,Mid-West,Houses,-3.3,-17.1,-6.0,126.6
2011-05-01,2011-05,2011,2011Q2,Midland - houses,Midland,Houses,-4.0,-27.7,-10.7,110.7
2011-05-01,2011-05,2011,2011Q2,National - all residential properties,National,All residential,-1.7,-15.9,-5.4,90.4
2011-05-01,2011-05,2011,2011Q2,National - apartments,National,Apartments,-2.0,-15.4,-4.5,90.1
2011-05-01,2011-05,2011,2011Q2,National - houses,National,Houses,-1.6,-15.9,-5.4,90.5
2011-05-01,2011-05,2011,2011Q2,National excluding Dublin - all residential properties,National excluding Dublin,All residential,-1.8,-17.0,-5.8,106.9
2011-05-01,2011-05,2011,2011Q2,National excluding Dublin - apartments,National excluding Dublin,Apartments,-4.1,-16.7,-7.4,114.7
2011-05-01,2011-05,2011,2011Q2,National excluding Dublin - houses,National excluding Dublin,Houses,-1.7,-17.0,-5.6,106.5
2011-05-01,2011-05,2011,2011Q2,South Dublin - houses,South Dublin,Houses,-2.2,-10.5,-4.3,80.1
2011-05-01,2011-05,2011,2011Q2,South-East - houses,South-East,Houses,-2.7,-22.9,-8.1,103.6
2011-05-01,2011-05,2011,2011Q2,South-West - houses,South-West,Houses,-0.7,-17.8,-4.2,99.7
2011-05-01,2011-05,2011,2011Q2,West - houses,West,Houses,-0.9,-16.0,-2.6,122.6
2011-06-01,2011-06,2011,2011Q2,Border - houses,Border,Houses,-5.4,-12.7,-7.4,136.5
2011-06-01,2011-06,2011,2011Q2,Dublin - all residential properties,Dublin,All residential,-1.4,-14.5,-3.8,76.5
2011-06-01,2011-06,2011,2011Q2,Dublin - apartments,Dublin,Apartments,-2.2,-14.9,-4.0,82.6
2011-06-01,2011-06,2011,2011Q2,Dublin - houses,Dublin,Houses,-1.2,-14.4,-3.7,76.0
2011-06-01,2011-06,2011,2011Q2,Dublin City - houses,Dublin City,Houses,-1.6,-12.6,-5.5,73.7
2011-06-01,2011-06,2011,2011Q2,Dun Laoghaire-Rathdown - houses,Dun Laoghaire-Rathdown,Houses,-1.6,-16.3,-4.0,73.8
2011-06-01,2011-06,2011,2011Q2,Fingal - houses,Fingal,Houses,-1.9,-8.9,-5.1,81.9
2011-06-01,2011-06,2011,2011Q2,Mid-East - houses,Mid-East,Houses,-1.0,-16.2,-4.7,90.8
2011-06-01,2011-06,2011,2011Q2,Mid-West - houses,Mid-West,Houses,-1.6,-17.0,-6.8,124.6
2011-06-01,2011-06,2011,2011Q2,Midland - houses,Midland,Houses,0.5,-26.6,-7.1,111.3
2011-06-01,2011-06,2011,2011Q2,National - all residential properties,National,All residential,-1.5,-16.2,-4.5,89.1
2011-06-01,2011-06,2011,2011Q2,National - apartments,National,Apartments,-2.2,-15.7,-4.7,88.2
2011-06-01,2011-06,2011,2011Q2,National - houses,National,Houses,-1.3,-16.2,-4.4,89.3
2011-06-01,2011-06,2011,2011Q2,National excluding Dublin - all residential properties,National excluding Dublin,All residential,-1.5,-17.6,-5.1,105.3
2011-06-01,2011-06,2011,2011Q2,National excluding Dublin - apartments,National excluding Dublin,Apartments,-3.5,-19.1,-8.0,110.8
2011-06-01,2011-06,2011,2011Q2,National excluding Dublin - houses,National excluding Dublin,Houses,-1.4,-17.5,-4.9,105.1
2011-06-01,2011-06,2011,2011Q2,South Dublin - houses,South Dublin,Houses,-1.8,-11.6,-5.2,78.6
2011-06-01,2011-06,2011,2011Q2,South-East - houses,South-East,Houses,0.0,-22.4,-7.7,103.6
2011-06-01,2011-06,2011,2011Q2,South-West - houses,South-West,Houses,-2.2,-19.4,-4.6,97.5
2011-06-01,2011-06,2011,2011Q2,West - houses,West,Houses,-1.3,-17.6,-0.4,120.9
2011-07-01,2011-07,2011,2011Q3,Border - houses,Border,Houses,-1.7,-14.0,-9.0,134.2
2011-07-01,2011-07,2011,2011Q3,Dublin - all residential properties,Dublin,All residential,-1.5,-15.2,-4.5,75.4
2011-07-01,2011-07,2011,2011Q3,Dublin - apartments,Dublin,Apartments,-1.7,-14.5,-5.5,81.2
2011-07-01,2011-07,2011,2011Q3,Dublin - houses,Dublin,Houses,-1.5,-15.3,-4.2,74.8
2011-07-01,2011-07,2011,2011Q3,Dublin City - houses,Dublin City,Houses,-2.4,-13.9,-5.9,71.9
2011-07-01,2011-07,2011,2011Q3,Dun Laoghaire-Rathdown - houses,Dun Laoghaire-Rathdown,Houses,-1.8,-17.7,-4.5,72.5
2011-07-01,2011-07,2011,2011Q3,Fingal - houses,Fingal,Houses,-1.8,-9.6,-5.8,80.4
2011-07-01,2011-07,2011,2011Q3,Mid-East - houses,Mid-East,Houses,-2.9,-17.4,-5.3,88.2
2011-07-01,2011-07,2011,2011Q3,Mid-West - houses,Mid-West,Houses,-3.5,-19.3,-8.2,120.3
2011-07-01,2011-07,2011,2011Q3,Midland - houses,Midland,Houses,-2.4,-25.9,-5.8,108.7
2011-07-01,2011-07,2011,2011Q3,National - all residential properties,National,All residential,-2.1,-17.1,-5.2,87.2
2011-07-01,2011-07,2011,2011Q3,National - apartments,National,Apartments,-2.5,-16.3,-6.5,86.0
2011-07-01,2011-07,2011,2011Q3,National - houses,National,Houses,-2.0,-17.2,-4.9,87.5
2011-07-01,2011-07,2011,2011Q3,National excluding Dublin - all residential properties,National excluding Dublin,All residential,-2.6,-18.7,-5.9,102.5
2011-07-01,2011-07,2011,2011Q3,National excluding Dublin - apartments,National excluding Dublin,Apartments,-5.8,-22.4,-12.8,104.3
2011-07-01,2011-07,2011,2011Q3,National excluding Dublin - houses,National excluding Dublin,Houses,-2.4,-18.5,-5.4,102.5
2011-07-01,2011-07,2011,2011Q3,South Dublin - houses,South Dublin,Houses,-0.4,-11.8,-4.4,78.3
2011-07-01,2011-07,2011,2011Q3,South-East - houses,South-East,Houses,-2.5,-22.6,-5.1,101.0
2011-07-01,2011-07,2011,2011Q3,South-West - houses,South-West,Houses,-1.5,-19.9,-4.3,96.1
2011-07-01,2011-07,2011,2011Q3,West - houses,West,Houses,-0.7,-17.6,-2.9,120.1
2011-08-01,2011-08,2011,2011Q3,Border - houses,Border,Houses,-6.3,-19.2,-12.9,125.8
2011-08-01,2011-08,2011,2011Q3,Dublin - all residential properties,Dublin,All residential,-2.0,-17.3,-4.8,73.9
2011-08-01,2011-08,2011,2011Q3,Dublin - apartments,Dublin,Apartments,-0.6,-15.1,-4.4,80.7
2011-08-01,2011-08,2011,2011Q3,Dublin - houses,Dublin,Houses,-2.3,-17.7,-4.9,73.1
2011-08-01,2011-08,2011,2011Q3,Dublin City - houses,Dublin City,Houses,-1.8,-14.9,-5.6,70.6
2011-08-01,2011-08,2011,2011Q3,Dun Laoghaire-Rathdown - houses,Dun Laoghaire-Rathdown,Houses,-2.7,-20.9,-6.0,70.5
2011-08-01,2011-08,2011,2011Q3,Fingal - houses,Fingal,Houses,-2.7,-11.6,-6.2,78.3
2011-08-01,2011-08,2011,2011Q3,Mid-East - houses,Mid-East,Houses,-2.4,-19.1,-6.2,86.0
2011-08-01,2011-08,2011,2011Q3,Mid-West - houses,Mid-West,Houses,-3.3,-21.2,-8.2,116.3
2011-08-01,2011-08,2011,2011Q3,Midland - houses,Midland,Houses,-1.8,-26.6,-3.6,106.7
2011-08-01,2011-08,2011,2011Q3,National - all residential properties,National,All residential,-2.5,-19.0,-6.0,85.0
2011-08-01,2011-08,2011,2011Q3,National - apartments,National,Apartments,-3.0,-18.5,-7.5,83.4
2011-08-01,2011-08,2011,2011Q3,National - houses,National,Houses,-2.4,-18.9,-5.7,85.4
2011-08-01,2011-08,2011,2011Q3,National excluding Dublin - all residential properties,National excluding Dublin,All residential,-3.0,-20.4,-7.0,99.4
2011-08-01,2011-08,2011,2011Q3,National excluding Dublin - apartments,National excluding Dublin,Apartments,-11.6,-30.8,-19.6,92.3
2011-08-01,2011-08,2011,2011Q3,National excluding Dublin - houses,National excluding Dublin,Houses,-2.5,-19.7,-6.2,99.9
2011-08-01,2011-08,2011,2011Q3,South Dublin - houses,South Dublin,Houses,-1.9,-13.5,-4.1,76.8
2011-08-01,2011-08,2011,2011Q3,South-East - houses,South-East,Houses,-2.5,-22.8,-5.0,98.5
2011-08-01,2011-08,2011,2011Q3,South-West - houses,South-West,Houses,-0.3,-18.6,-3.9,95.8
2011-08-01,2011-08,2011,2011Q3,West - houses,West,Houses,-1.8,-17.9,-3.8,117.9
2011-09-01,2011-09,2011,2011Q3,Border - houses,Border,Houses,-4.4,-22.2,-11.9,120.2
2011-09-01,2011-09,2011,2011Q3,Dublin - all residential properties,Dublin,All residential,-2.8,-19.4,-6.1,71.8
2011-09-01,2011-09,2011,2011Q3,Dublin - apartments,Dublin,Apartments,-3.0,-15.2,-5.3,78.3
2011-09-01,2011-09,2011,2011Q3,Dublin - houses,Dublin,Houses,-2.6,-20.2,-6.3,71.2
2011-09-01,2011-09,2011,2011Q3,Dublin City - houses,Dublin City,Houses,-2.4,-17.6,-6.4,68.9
2011-09-01,2011-09,2011,2011Q3,Dun Laoghaire-Rathdown - houses,Dun Laoghaire-Rathdown,Houses,-2.2,-23.7,-6.6,68.9
2011-09-01,2011-09,2011,2011Q3,Fingal - houses,Fingal,Houses,-3.0,-13.4,-7.3,75.9
2011-09-01,2011-09,2011,2011Q3,Mid-East - houses,Mid-East,Houses,-2.3,-19.7,-7.5,84.0
2011-09-01,2011-09,2011,2011Q3,Mid-West - houses,Mid-West,Houses,-1.3,-21.2,-7.8,114.8
2011-09-01,2011-09,2011,2011Q3,Midland - houses,Midland,Houses,-1.6,-26.3,-5.7,105.0
2011-09-01,2011-09,2011,2011Q3,National - all residential properties,National,All residential,-2.1,-19.8,-6.6,83.2
2011-09-01,2011-09,2011,2011Q3,National - apartments,National,Apartments,-3.6,-19.9,-8.8,80.4
2011-09-01,2011-09,2011,2011Q3,National - houses,National,Houses,-1.9,-19.6,-6.3,83.8
2011-09-01,2011-09,2011,2011Q3,National excluding Dublin - all residential properties,National excluding Dublin,All residential,-1.6,-20.1,-7.1,97.8
2011-09-01,2011-09,2011,2011Q3,National excluding Dublin - apartments,National excluding Dublin,Apartments,-7.1,-35.7,-22.6,85.7
2011-09-01,2011-09,2011,2011Q3,National excluding Dublin - houses,National excluding Dublin,Houses,-1.4,-19.1,-6.2,98.5
2011-09-01,2011-09,2011,2011Q3,South Dublin - houses,South Dublin,Houses,-2.1,-14.7,-4.3,75.2
2011-09-01,2011-09,2011,2011Q3,South-East - houses,South-East,Houses,-2.4,-22.8,-7.3,96.1
2011-09-01,2011-09,2011,2011Q3,South-West - houses,South-West,Houses,-1.2,-17.0,-3.0,94.6
2011-09-01,2011-09,2011,2011Q3,West - houses,West,Houses,1.2,-16.3,-1.3,119.3
2011-10-01,2011-10,2011,2011Q4,Border - houses,Border,Houses,-4.8,-24.4,-14.7,114.4
2011-10-01,2011-10,2011,2011Q4,Dublin - all residential properties,Dublin,All residential,-2.0,-19.7,-6.5,70.4
2011-10-01,2011-10,2011,2011Q4,Dublin - apartments,Dublin,Apartments,-1.7,-15.3,-5.2,77.0
2011-10-01,2011-10,2011,2011Q4,Dublin - houses,Dublin,Houses,-2.0,-20.6,-6.8,69.7
2011-10-01,2011-10,2011,2011Q4,Dublin City - houses,Dublin City,Houses,-2.5,-18.7,-6.5,67.2
2011-10-01,2011-10,2011,2011Q4,Dun Laoghaire-Rathdown - houses,Dun Laoghaire-Rathdown,Houses,-2.8,-25.2,-7.6,67.0
2011-10-01,2011-10,2011,2011Q4,Fingal - houses,Fingal,Houses,-0.7,-14.8,-6.3,75.3
2011-10-01,2011-10,2011,2011Q4,Mid-East - houses,Mid-East,Houses,-3.3,-21.2,-7.9,81.2
2011-10-01,2011-10,2011,2011Q4,Mid-West - houses,Mid-West,Houses,-0.6,-20.9,-5.1,114.2
2011-10-01,2011-10,2011,2011Q4,Midland - houses,Midland,Houses,-1.7,-26.4,-5.0,103.2
2011-10-01,2011-10,2011,2011Q4,National - all residential properties,National,All residential,-1.8,-19.8,-6.3,81.7
2011-10-01,2011-10,2011,2011Q4,National - apartments,National,Apartments,-2.7,-20.8,-9.0,78.2
2011-10-01,2011-10,2011,2011Q4,National - houses,National,Houses,-1.8,-19.6,-6.0,82.3
2011-10-01,2011-10,2011,2011Q4,National excluding Dublin - all residential properties,National excluding Dublin,All residential,-1.6,-19.9,-6.1,96.3
2011-10-01,2011-10,2011,2011Q4,National excluding Dublin - apartments,National excluding Dublin,Apartments,-5.2,-38.0,-22.1,81.2
2011-10-01,2011-10,2011,2011Q4,National excluding Dublin - houses,National excluding Dublin,Houses,-1.5,-18.9,-5.3,97.0
2011-10-01,2011-10,2011,2011Q4,South Dublin - houses,South Dublin,Houses,-2.3,-15.5,-6.1,73.5
2011-10-01,2011-10,2011,2011Q4,South-East - houses,South-East,Houses,-0.9,-21.6,-5.8,95.2
2011-10-01,2011-10,2011,2011Q4,South-West - houses,South-West,Houses,0.3,-15.2,-1.3,94.9
2011-10-01,2011-10,2011,2011Q4,West - houses,West,Houses,-2.1,-15.9,-2.7,116.8
2011-11-01,2011-11,2011,2011Q4,Border - houses,Border,Houses,-0.9,-23.7,-9.8,113.4
2011-11-01,2011-11,2011,2011Q4,Dublin - all residential properties,Dublin,All residential,-2.2,-19.8,-6.8,68.9
2011-11-01,2011-11,2011,2011Q4,Dublin - apartments,Dublin,Apartments,-1.9,-15.0,-6.5,75.5
2011-11-01,2011-11,2011,2011Q4,Dublin - houses,Dublin,Houses,-2.3,-20.8,-6.8,68.1
2011-11-01,2011-11,2011,2011Q4,Dublin City - houses,Dublin City,Houses,-2.6,-20.3,-7.2,65.5
2011-11-01,2011-11,2011,2011Q4,Dun Laoghaire-Rathdown - houses,Dun Laoghaire-Rathdown,Houses,-2.0,-25.2,-6.9,65.7
2011-11-01,2011-11,2011,2011Q4,Fingal - houses,Fingal,Houses,-2.8,-16.5,-6.4,73.2
2011-11-01,2011-11,2011,2011Q4,Mid-East - houses,Mid-East,Houses,-1.6,-21.5,-7.1,79.9
2011-11-01,2011-11,2011,2011Q4,Mid-West - houses,Mid-West,Houses,-3.4,-22.0,-5.2,110.3
2011-11-01,2011-11,2011,2011Q4,Midland - houses,Midland,Houses,-2.3,-24.4,-5.5,100.8
2011-11-01,2011-11,2011,2011Q4,National - all residential properties,National,All residential,-1.7,-19.5,-5.5,80.3
2011-11-01,2011-11,2011,2011Q4,National - apartments,National,Apartments,-2.0,-20.8,-8.1,76.7
2011-11-01,2011-11,2011,2011Q4,National - houses,National,Houses,-1.8,-19.4,-5.3,80.8
2011-11-01,2011-11,2011,2011Q4,National excluding Dublin - all residential properties,National excluding Dublin,All residential,-1.2,-19.2,-4.3,95.1
2011-11-01,2011-11,2011,2011Q4,National excluding Dublin - apartments,National excluding Dublin,Apartments,0.6,-36.4,-11.4,81.7
2011-11-01,2011-11,2011,2011Q4,National excluding Dublin - houses,National excluding Dublin,Houses,-1.4,-18.3,-4.2,95.7
2011-11-01,2011-11,2011,2011Q4,South Dublin - houses,South Dublin,Houses,-1.9,-16.6,-6.1,72.1
2011-11-01,2011-11,2011,2011Q4,South-East - houses,South-East,Houses,-1.6,-20.7,-4.9,93.7
2011-11-01,2011-11,2011,2011Q4,South-West - houses,South-West,Houses,-1.4,-14.9,-2.3,93.5
2011-11-01,2011-11,2011,2011Q4,West - houses,West,Houses,-0.4,-14.7,-1.3,116.3
2011-12-01,2011-12,2011,2011Q4,Border - houses,Border,Houses,0.4,-22.9,-5.2,113.9
2011-12-01,2011-12,2011,2011Q4,Dublin - all residential properties,Dublin,All residential,-1.8,-19.9,-5.9,67.6
2011-12-01,2011-12,2011,2011Q4,Dublin - apartments,Dublin,Apartments,-1.4,-15.8,-5.0,74.4
2011-12-01,2011-12,2011,2011Q4,Dublin - houses,Dublin,Houses,-1.9,-20.7,-6.2,66.8
2011-12-01,2011-12,2011,2011Q4,Dublin City - houses,Dublin City,Houses,-1.3,-20.8,-6.3,64.6
2011-12-01,2011-12,2011,2011Q4,Dun Laoghaire-Rathdown - houses,Dun Laoghaire-Rathdown,Houses,-2.6,-25.8,-7.2,64.0
2011-12-01,2011-12,2011,2011Q4,Fingal - houses,Fingal,Houses,-3.0,-18.0,-6.4,71.0
2011-12-01,2011-12,2011,2011Q4,Mid-East - houses,Mid-East,Houses,-2.2,-21.4,-7.0,78.2
2011-12-01,2011-12,2011,2011Q4,Mid-West - houses,Mid-West,Houses,0.2,-22.3,-3.8,110.5
2011-12-01,2011-12,2011,2011Q4,Midland - houses,Midland,Houses,-4.1,-26.6,-7.9,96.7
2011-12-01,2011-12,2011,2011Q4,National - all residential properties,National,All residential,-1.5,-19.5,-4.9,79.1
2011-12-01,2011-12,2011,2011Q4,National - apartments,National,Apartments,-1.0,-20.8,-5.6,75.9
2011-12-01,2011-12,2011,2011Q4,National - houses,National,Houses,-1.7,-19.5,-5.2,79.4
2011-12-01,2011-12,2011,2011Q4,National excluding Dublin - all residential properties,National excluding Dublin,All residential,-1.3,-19.2,-4.0,93.9
2011-12-01,2011-12,2011,2011Q4,National excluding Dublin - apartments,National excluding Dublin,Apartments,4.5,-32.8,-0.3,85.4
2011-12-01,2011-12,2011,2011Q4,National excluding Dublin - houses,National excluding Dublin,Houses,-1.6,-18.6,-4.5,94.2
2011-12-01,2011-12,2011,2011Q4,South Dublin - houses,South Dublin,Houses,-2.1,-17.5,-6.1,70.6
2011-12-01,2011-12,2011,2011Q4,South-East - houses,South-East,Houses,-1.8,-20.8,-4.2,92.0
2011-12-01,2011-12,2011,2011Q4,South-West - houses,South-West,Houses,-2.1,-14.8,-3.2,91.6
2011-12-01,2011-12,2011,2011Q4,West - houses,West,Houses,-1.6,-14.2,-4.1,114.5
2012-01-01,2012-01,2012,2012Q1,Border - houses,Border,Houses,-1.8,-25.3,-2.2,111.9
2012-01-01,2012-01,2012,2012Q1,Dublin - all residential properties,Dublin,All residential,-1.8,-20.5,-5.8,66.4
2012-01-01,2012-01,2012,2012Q1,Dublin - apartments,Dublin,Apartments,-2.6,-18.6,-5.8,72.5
2012-01-01,2012-01,2012,2012Q1,Dublin - houses,Dublin,Houses,-1.7,-20.8,-5.8,65.7
2012-01-01,2012-01,2012,2012Q1,Dublin City - houses,Dublin City,Houses,-3.2,-23.5,-6.9,62.6
2012-01-01,2012-01,2012,2012Q1,Dun Laoghaire-Rathdown - houses,Dun Laoghaire-Rathdown,Houses,0.0,-22.8,-4.5,64.0
2012-01-01,2012-01,2012,2012Q1,Fingal - houses,Fingal,Houses,-1.6,-19.7,-7.2,69.9
2012-01-01,2012-01,2012,2012Q1,Mid-East - houses,Mid-East,Houses,-2.7,-23.2,-6.4,76.1
2012-01-01,2012-01,2012,2012Q1,Mid-West - houses,Mid-West,Houses,-0.2,-19.7,-3.4,110.3
2012-01-01,2012-01,2012,2012Q1,Midland - houses,Midland,Houses,-0.6,-24.6,-6.9,96.2
2012-01-01,2012-01,2012,2012Q1,National - all residential properties,National,All residential,-1.7,-20.2,-4.8,77.8
2012-01-01,2012-01,2012,2012Q1,National - apartments,National,Apartments,-1.8,-22.3,-4.7,74.5
2012-01-01,2012-01,2012,2012Q1,National - houses,National,Houses,-1.7,-20.0,-5.1,78.1
2012-01-01,2012-01,2012,2012Q1,National excluding Dublin - all residential properties,National excluding Dublin,All residential,-1.5,-19.9,-3.9,92.5
2012-01-01,2012-01,2012,2012Q1,National excluding Dublin - apartments,National excluding Dublin,Apartments,2.4,-31.6,7.7,87.5
2012-01-01,2012-01,2012,2012Q1,National excluding Dublin - houses,National excluding Dublin,Houses,-1.7,-19.4,-4.6,92.5
2012-01-01,2012-01,2012,2012Q1,South Dublin - houses,South Dublin,Houses,-2.9,-18.5,-6.8,68.5
2012-01-01,2012-01,2012,2012Q1,South-East - houses,South-East,Houses,-1.1,-21.2,-4.4,91.0
2012-01-01,2012-01,2012,2012Q1,South-West - houses,South-West,Houses,-0.6,-13.8,-4.0,91.1
2012-01-01,2012-01,2012,2012Q1,West - houses,West,Houses,-4.6,-16.1,-6.5,109.2
2012-02-01,2012-02,2012,2012Q1,Border - houses,Border,Houses,-3.6,-27.9,-4.9,107.8
2012-02-01,2012-02,2012,2012Q1,Dublin - all residential properties,Dublin,All residential,-2.7,-21.0,-6.2,64.6
2012-02-01,2012-02,2012,2012Q1,Dublin - apartments,Dublin,Apartments,-3.8,-20.8,-7.6,69.7
2012-02-01,2012-02,2012,2012Q1,Dublin - houses,Dublin,Houses,-2.5,-21.0,-6.0,64.0
2012-02-01,2012-02,2012,2012Q1,Dublin City - houses,Dublin City,Houses,-3.2,-24.1,-7.5,60.6
2012-02-01,2012-02,2012,2012Q1,Dun Laoghaire-Rathdown - houses,Dun Laoghaire-Rathdown,Houses,-1.1,-20.8,-3.7,63.2
2012-02-01,2012-02,2012,2012Q1,Fingal - houses,Fingal,Houses,-2.5,-22.2,-6.9,68.2
2012-02-01,2012-02,2012,2012Q1,Mid-East - houses,Mid-East,Houses,-2.1,-23.8,-6.8,74.4
2012-02-01,2012-02,2012,2012Q1,Mid-West - houses,Mid-West,Houses,-1.8,-19.6,-1.8,108.3
2012-02-01,2012-02,2012,2012Q1,Midland - houses,Midland,Houses,-1.6,-23.8,-6.2,94.6
2012-02-01,2012-02,2012,2012Q1,National - all residential properties,National,All residential,-2.3,-20.5,-5.3,76.0
2012-02-01,2012-02,2012,2012Q1,National - apartments,National,Apartments,-2.1,-22.7,-4.9,72.9
2012-02-01,2012-02,2012,2012Q1,National - houses,National,Houses,-2.3,-20.3,-5.6,76.3
2012-02-01,2012-02,2012,2012Q1,National excluding Dublin - all residential properties,National excluding Dublin,All residential,-1.9,-20.0,-4.6,90.8
2012-02-01,2012-02,2012,2012Q1,National excluding Dublin - apartments,National excluding Dublin,Apartments,3.0,-27.3,10.2,90.1
2012-02-01,2012-02,2012,2012Q1,National excluding Dublin - houses,National excluding Dublin,Houses,-2.1,-19.8,-5.3,90.6
2012-02-01,2012-02,2012,2012Q1,South Dublin - houses,South Dublin,Houses,-2.5,-20.1,-7.3,66.8
2012-02-01,2012-02,2012,2012Q1,South-East - houses,South-East,Houses,-2.9,-21.7,-5.7,88.3
2012-02-01,2012-02,2012,2012Q1,South-West - houses,South-West,Houses,-1.0,-13.3,-3.6,90.2
2012-02-01,2012-02,2012,2012Q1,West - houses,West,Houses,-1.4,-14.4,-7.4,107.7
2012-03-01,2012-03,2012,2012Q1,Border - houses,Border,Houses,4.1,-23.8,-1.5,112.3
2012-03-01,2012-03,2012,2012Q1,Dublin - all residential properties,Dublin,All residential,0.7,-18.2,-3.8,65.1
2012-03-01,2012-03,2012,2012Q1,Dublin - apartments,Dublin,Apartments,-3.5,-21.9,-9.6,67.3
2012-03-01,2012-03,2012,2012Q1,Dublin - houses,Dublin,Houses,1.4,-17.7,-2.8,64.9
2012-03-01,2012-03,2012,2012Q1,Dublin City - houses,Dublin City,Houses,-1.2,-23.2,-7.4,59.8
2012-03-01,2012-03,2012,2012Q1,Dun Laoghaire-Rathdown - houses,Dun Laoghaire-Rathdown,Houses,1.0,-16.9,-0.1,63.9
2012-03-01,2012-03,2012,2012Q1,Fingal - houses,Fingal,Houses,1.5,-19.8,-2.6,69.2
2012-03-01,2012-03,2012,2012Q1,Mid-East - houses,Mid-East,Houses,-0.9,-22.5,-5.6,73.8
2012-03-01,2012-03,2012,2012Q1,Mid-West - houses,Mid-West,Houses,-1.0,-19.8,-2.9,107.3
2012-03-01,2012-03,2012,2012Q1,Midland - houses,Midland,Houses,2.0,-19.5,-0.2,96.5
2012-03-01,2012-03,2012,2012Q1,National - all residential properties,National,All residential,0.5,-18.0,-3.4,76.4
2012-03-01,2012-03,2012,2012Q1,National - apartments,National,Apartments,-2.4,-23.0,-6.2,71.2
2012-03-01,2012-03,2012,2012Q1,National - houses,National,Houses,0.9,-17.6,-3.1,77.0
2012-03-01,2012-03,2012,2012Q1,National excluding Dublin - all residential properties,National excluding Dublin,All residential,0.4,-17.9,-3.0,91.1
2012-03-01,2012-03,2012,2012Q1,National excluding Dublin - apartments,National excluding Dublin,Apartments,0.2,-25.1,5.6,90.2
2012-03-01,2012-03,2012,2012Q1,National excluding Dublin - houses,National excluding Dublin,Houses,0.5,-17.6,-3.3,91.1
2012-03-01,2012-03,2012,2012Q1,South Dublin - houses,South Dublin,Houses,-1.1,-20.3,-6.4,66.1
2012-03-01,2012-03,2012,2012Q1,South-East - houses,South-East,Houses,0.1,-21.2,-3.9,88.4
2012-03-01,2012-03,2012,2012Q1,South-West - houses,South-West,Houses,-1.6,-13.2,-3.1,88.7
2012-03-01,2012-03,2012,2012Q1,West - houses,West,Houses,-0.3,-11.6,-6.2,107.3
2012-04-01,2012-04,2012,2012Q2,Border - houses,Border,Houses,-0.9,-24.6,-0.5,111.3
2012-04-01,2012-04,2012,2012Q2,Dublin - all residential properties,Dublin,All residential,-0.4,-17.9,-2.4,64.8
2012-04-01,2012-04,2012,2012Q2,Dublin - apartments,Dublin,Apartments,-0.8,-22.3,-7.9,66.7
2012-04-01,2012-04,2012,2012Q2,Dublin - houses,Dublin,Houses,-0.4,-17.3,-1.6,64.6
2012-04-01,2012-04,2012,2012Q2,Dublin City - houses,Dublin City,Houses,-0.3,-21.9,-4.7,59.6
2012-04-01,2012-04,2012,2012Q2,Dun Laoghaire-Rathdown - houses,Dun Laoghaire-Rathdown,Houses,-1.6,-17.2,-1.7,62.9
2012-04-01,2012-04,2012,2012Q2,Fingal - houses,Fingal,Houses,-0.5,-19.4,-1.5,68.8
2012-04-01,2012-04,2012,2012Q2,Mid-East - houses,Mid-East,Houses,-2.4,-22.6,-5.3,72.0
2012-04-01,2012-04,2012,2012Q2,Mid-West - houses,Mid-West,Houses,-2.5,-20.1,-5.2,104.6
2012-04-01,2012-04,2012,2012Q2,Midland - houses,Midland,Houses,-0.2,-16.5,0.2,96.3
2012-04-01,2012-04,2012,2012Q2,National - all residential properties,National,All residential,-1.6,-18.2,-3.3,75.2
2012-04-01,2012-04,2012,2012Q2,National - apartments,National,Apartments,-1.6,-23.8,-6.0,70.1
2012-04-01,2012-04,2012,2012Q2,National - houses,National,Houses,-1.6,-17.7,-3.0,75.7
2012-04-01,2012-04,2012,2012Q2,National excluding Dublin - all residential properties,National excluding Dublin,All residential,-2.7,-18.6,-4.1,88.7
2012-04-01,2012-04,2012,2012Q2,National excluding Dublin - apartments,National excluding Dublin,Apartments,-2.9,-26.8,0.1,87.6
2012-04-01,2012-04,2012,2012Q2,National excluding Dublin - houses,National excluding Dublin,Houses,-2.5,-18.1,-4.1,88.8
2012-04-01,2012-04,2012,2012Q2,South Dublin - houses,South Dublin,Houses,-0.7,-19.9,-4.2,65.6
2012-04-01,2012-04,2012,2012Q2,South-East - houses,South-East,Houses,-0.6,-17.5,-3.4,87.9
2012-04-01,2012-04,2012,2012Q2,South-West - houses,South-West,Houses,-2.4,-13.7,-4.9,86.6
2012-04-01,2012-04,2012,2012Q2,West - houses,West,Houses,-2.7,-15.6,-4.4,104.4
2012-05-01,2012-05,2012,2012Q2,Border - houses,Border,Houses,0.2,-22.8,3.4,111.5
2012-05-01,2012-05,2012,2012Q2,Dublin - all residential properties,Dublin,All residential,0.0,-16.5,0.3,64.8
2012-05-01,2012-05,2012,2012Q2,Dublin - apartments,Dublin,Apartments,-1.2,-22.0,-5.5,65.9
2012-05-01,2012-05,2012,2012Q2,Dublin - houses,Dublin,Houses,0.1,-15.9,1.0,64.7
2012-05-01,2012-05,2012,2012Q2,Dublin City - houses,Dublin City,Houses,0.5,-19.9,-1.1,59.9
2012-05-01,2012-05,2012,2012Q2,Dun Laoghaire-Rathdown - houses,Dun Laoghaire-Rathdown,Houses,0.0,-16.3,-0.7,62.8
2012-05-01,2012-05,2012,2012Q2,Fingal - houses,Fingal,Houses,-1.5,-18.7,-0.5,67.8
2012-05-01,2012-05,2012,2012Q2,Mid-East - houses,Mid-East,Houses,-0.3,-21.6,-3.5,71.8
2012-05-01,2012-05,2012,2012Q2,Mid-West - houses,Mid-West,Houses,0.3,-17.2,-3.2,104.9
2012-05-01,2012-05,2012,2012Q2,Midland - houses,Midland,Houses,0.3,-12.8,2.1,96.6
2012-05-01,2012-05,2012,2012Q2,National - all residential properties,National,All residential,-0.4,-17.1,-1.4,75.0
2012-05-01,2012-05,2012,2012Q2,National - apartments,National,Apartments,-1.4,-23.3,-5.3,69.1
2012-05-01,2012-05,2012,2012Q2,National - houses,National,Houses,-0.3,-16.5,-1.0,75.5
2012-05-01,2012-05,2012,2012Q2,National excluding Dublin - all residential properties,National excluding Dublin,All residential,-0.7,-17.6,-2.9,88.1
2012-05-01,2012-05,2012,2012Q2,National excluding Dublin - apartments,National excluding Dublin,Apartments,-1.4,-24.7,-4.1,86.3
2012-05-01,2012-05,2012,2012Q2,National excluding Dublin - houses,National excluding Dublin,Houses,-0.6,-17.2,-2.6,88.2
2012-05-01,2012-05,2012,2012Q2,South Dublin - houses,South Dublin,Houses,-0.4,-18.4,-2.2,65.3
2012-05-01,2012-05,2012,2012Q2,South-East - houses,South-East,Houses,-0.4,-15.5,-0.9,87.5
2012-05-01,2012-05,2012,2012Q2,South-West - houses,South-West,Houses,-1.5,-14.5,-5.4,85.3
2012-05-01,2012-05,2012,2012Q2,West - houses,West,Houses,-3.4,-17.7,-6.3,100.9
2012-06-01,2012-06,2012,2012Q2,Border - houses,Border,Houses,-3.3,-21.0,-4.0,107.8
2012-06-01,2012-06,2012,2012Q2,Dublin - all residential properties,Dublin,All residential,0.5,-14.9,0.1,65.1
2012-06-01,2012-06,2012,2012Q2,Dublin - apartments,Dublin,Apartments,-0.9,-21.0,-2.9,65.3
2012-06-01,2012-06,2012,2012Q2,Dublin - houses,Dublin,Houses,0.7,-14.2,0.4,65.1
2012-06-01,2012-06,2012,2012Q2,Dublin City - houses,Dublin City,Houses,0.1,-18.6,0.3,60.0
2012-06-01,2012-06,2012,2012Q2,Dun Laoghaire-Rathdown - houses,Dun Laoghaire-Rathdown,Houses,0.5,-14.4,-1.1,63.2
2012-06-01,2012-06,2012,2012Q2,Fingal - houses,Fingal,Houses,0.5,-16.7,-1.4,68.2
2012-06-01,2012-06,2012,2012Q2,Mid-East - houses,Mid-East,Houses,0.0,-20.9,-2.6,71.8
2012-06-01,2012-06,2012,2012Q2,Mid-West - houses,Mid-West,Houses,-1.6,-17.2,-3.8,103.2
2012-06-01,2012-06,2012,2012Q2,Midland - houses,Midland,Houses,-3.9,-16.6,-3.8,92.9
2012-06-01,2012-06,2012,2012Q2,National - all residential properties,National,All residential,-0.2,-16.0,-2.1,74.8
2012-06-01,2012-06,2012,2012Q2,National - apartments,National,Apartments,-1.2,-22.6,-4.1,68.2
2012-06-01,2012-06,2012,2012Q2,National - houses,National,Houses,-0.1,-15.5,-2.0,75.5
2012-06-01,2012-06,2012,2012Q2,National excluding Dublin - all residential properties,National excluding Dublin,All residential,-0.9,-17.1,-4.2,87.3
2012-06-01,2012-06,2012,2012Q2,National excluding Dublin - apartments,National excluding Dublin,Apartments,-1.9,-23.5,-6.1,84.7
2012-06-01,2012-06,2012,2012Q2,National excluding Dublin - houses,National excluding Dublin,Houses,-0.8,-16.7,-3.9,87.5
2012-06-01,2012-06,2012,2012Q2,South Dublin - houses,South Dublin,Houses,1.1,-16.0,0.0,66.0
2012-06-01,2012-06,2012,2012Q2,South-East - houses,South-East,Houses,-0.7,-16.1,-1.7,86.9
2012-06-01,2012-06,2012,2012Q2,South-West - houses,South-West,Houses,-0.6,-13.1,-4.5,84.7
2012-06-01,2012-06,2012,2012Q2,West - houses,West,Houses,0.7,-16.0,-5.3,101.6
2012-07-01,2012-07,2012,2012Q3,Border - houses,Border,Houses,-1.1,-20.5,-4.1,106.7
2012-07-01,2012-07,2012,2012Q3,Dublin - all residential properties,Dublin,All residential,2.1,-11.7,2.7,66.5
2012-07-01,2012-07,2012,2012Q3,Dublin - apartments,Dublin,Apartments,1.2,-18.6,-1.0,66.1
2012-07-01,2012-07,2012,2012Q3,Dublin - houses,Dublin,Houses,2.2,-11.0,3.0,66.6
2012-07-01,2012-07,2012,2012Q3,Dublin City - houses,Dublin City,Houses,1.4,-15.4,2.0,60.8
2012-07-01,2012-07,2012,2012Q3,Dun Laoghaire-Rathdown - houses,Dun Laoghaire-Rathdown,Houses,2.4,-10.7,2.9,64.7
2012-07-01,2012-07,2012,2012Q3,Fingal - houses,Fingal,Houses,1.2,-14.2,0.2,69.0
2012-07-01,2012-07,2012,2012Q3,Mid-East - houses,Mid-East,Houses,0.9,-17.8,0.7,72.5
2012-07-01,2012-07,2012,2012Q3,Mid-West - houses,Mid-West,Houses,-0.6,-14.8,-2.0,102.5
2012-07-01,2012-07,2012,2012Q3,Midland - houses,Midland,Houses,-2.5,-16.7,-6.0,90.5
2012-07-01,2012-07,2012,2012Q3,National - all residential properties,National,All residential,1.1,-13.3,0.5,75.6
2012-07-01,2012-07,2012,2012Q3,National - apartments,National,Apartments,0.6,-20.2,-2.0,68.6
2012-07-01,2012-07,2012,2012Q3,National - houses,National,Houses,1.0,-12.9,0.6,76.2
2012-07-01,2012-07,2012,2012Q3,National excluding Dublin - all residential properties,National excluding Dublin,All residential,0.1,-14.8,-1.5,87.4
2012-07-01,2012-07,2012,2012Q3,National excluding Dublin - apartments,National excluding Dublin,Apartments,0.9,-18.0,-2.4,85.5
2012-07-01,2012-07,2012,2012Q3,National excluding Dublin - houses,National excluding Dublin,Houses,0.0,-14.6,-1.4,87.5
2012-07-01,2012-07,2012,2012Q3,South Dublin - houses,South Dublin,Houses,1.1,-14.6,1.8,66.8
2012-07-01,2012-07,2012,2012Q3,South-East - houses,South-East,Houses,-2.0,-15.7,-3.1,85.2
2012-07-01,2012-07,2012,2012Q3,South-West - houses,South-West,Houses,-0.2,-12.0,-2.3,84.6
2012-07-01,2012-07,2012,2012Q3,West - houses,West,Houses,0.4,-15.1,-2.3,102.0
2012-08-01,2012-08,2012,2012Q3,Border - houses,Border,Houses,-3.5,-18.1,-7.7,103.0
2012-08-01,2012-08,2012,2012Q3,Dublin - all residential properties,Dublin,All residential,1.2,-8.8,3.9,67.4
2012-08-01,2012-08,2012,2012Q3,Dublin - apartments,Dublin,Apartments,0.9,-17.4,1.2,66.7
2012-08-01,2012-08,2012,2012Q3,Dublin - houses,Dublin,Houses,1.3,-7.7,4.2,67.4
2012-08-01,2012-08,2012,2012Q3,Dublin City - houses,Dublin City,Houses,1.3,-12.7,2.9,61.6
2012-08-01,2012-08,2012,2012Q3,Dun Laoghaire-Rathdown - houses,Dun Laoghaire-Rathdown,Houses,2.7,-5.7,5.8,66.5
2012-08-01,2012-08,2012,2012Q3,Fingal - houses,Fingal,Houses,0.8,-11.2,2.5,69.5
2012-08-01,2012-08,2012,2012Q3,Mid-East - houses,Mid-East,Houses,1.1,-14.8,2.0,73.3
2012-08-01,2012-08,2012,2012Q3,Mid-West - houses,Mid-West,Houses,-0.5,-12.3,-2.7,102.0
2012-08-01,2012-08,2012,2012Q3,Midland - houses,Midland,Houses,-0.5,-15.6,-6.8,90.1
2012-08-01,2012-08,2012,2012Q3,National - all residential properties,National,All residential,0.2,-10.9,1.0,75.7
2012-08-01,2012-08,2012,2012Q3,National - apartments,National,Apartments,-0.4,-18.0,-1.1,68.4
2012-08-01,2012-08,2012,2012Q3,National - houses,National,Houses,0.2,-10.5,1.1,76.4
2012-08-01,2012-08,2012,2012Q3,National excluding Dublin - all residential properties,National excluding Dublin,All residential,-0.9,-12.9,-1.7,86.6
2012-08-01,2012-08,2012,2012Q3,National excluding Dublin - apartments,National excluding Dublin,Apartments,-3.6,-10.6,-4.5,82.5
2012-08-01,2012-08,2012,2012Q3,National excluding Dublin - houses,National excluding Dublin,Houses,-0.7,-13.0,-1.5,86.9
2012-08-01,2012-08,2012,2012Q3,South Dublin - houses,South Dublin,Houses,-0.4,-13.4,1.8,66.6
2012-08-01,2012-08,2012,2012Q3,South-East - houses,South-East,Houses,-0.3,-13.7,-3.0,84.9
2012-08-01,2012-08,2012,2012Q3,South-West - houses,South-West,Houses,-1.0,-12.6,-1.9,83.7
2012-08-01,2012-08,2012,2012Q3,West - houses,West,Houses,-2.0,-15.3,-1.0,99.9
2012-09-01,2012-09,2012,2012Q3,Border - houses,Border,Houses,-3.1,-17.0,-7.4,99.8
2012-09-01,2012-09,2012,2012Q3,Dublin - all residential properties,Dublin,All residential,1.2,-5.2,4.6,68.1
2012-09-01,2012-09,2012,2012Q3,Dublin - apartments,Dublin,Apartments,1.2,-13.8,3.4,67.5
2012-09-01,2012-09,2012,2012Q3,Dublin - houses,Dublin,Houses,1.2,-4.1,4.7,68.2
2012-09-01,2012-09,2012,2012Q3,Dublin City - houses,Dublin City,Houses,2.2,-8.6,5.0,63.0
2012-09-01,2012-09,2012,2012Q3,Dun Laoghaire-Rathdown - houses,Dun Laoghaire-Rathdown,Houses,1.9,-1.8,7.2,67.7
2012-09-01,2012-09,2012,2012Q3,Fingal - houses,Fingal,Houses,1.1,-7.4,3.1,70.3
2012-09-01,2012-09,2012,2012Q3,Mid-East - houses,Mid-East,Houses,1.0,-11.9,3.0,74.0
2012-09-01,2012-09,2012,2012Q3,Mid-West - houses,Mid-West,Houses,-0.2,-11.3,-1.3,101.8
2012-09-01,2012-09,2012,2012Q3,Midland - houses,Midland,Houses,1.9,-12.6,-1.1,91.8
2012-09-01,2012-09,2012,2012Q3,National - all residential properties,National,All residential,0.8,-8.2,2.0,76.3
2012-09-01,2012-09,2012,2012Q3,National - apartments,National,Apartments,1.2,-13.9,1.4,69.2
2012-09-01,2012-09,2012,2012Q3,National - houses,National,Houses,0.7,-8.2,1.9,76.9
2012-09-01,2012-09,2012,2012Q3,National excluding Dublin - all residential properties,National excluding Dublin,All residential,0.5,-11.1,-0.4,87.0
2012-09-01,2012-09,2012,2012Q3,National excluding Dublin - apartments,National excluding Dublin,Apartments,2.3,-1.5,-0.4,84.4
2012-09-01,2012-09,2012,2012Q3,National excluding Dublin - houses,National excluding Dublin,Houses,0.3,-11.6,-0.5,87.1
2012-09-01,2012-09,2012,2012Q3,South Dublin - houses,South Dublin,Houses,0.0,-11.5,0.8,66.6
2012-09-01,2012-09,2012,2012Q3,South-East - houses,South-East,Houses,-1.9,-13.2,-4.1,83.3
2012-09-01,2012-09,2012,2012Q3,South-West - houses,South-West,Houses,0.8,-10.9,-0.5,84.3
2012-09-01,2012-09,2012,2012Q3,West - houses,West,Houses,-0.2,-16.4,-1.8,99.7
2012-10-01,2012-10,2012,2012Q4,Border - houses,Border,Houses,0.2,-12.6,-6.2,100.0
2012-10-01,2012-10,2012,2012Q4,Dublin - all residential properties,Dublin,All residential,0.9,-2.3,3.4,68.8
2012-10-01,2012-10,2012,2012Q4,Dublin - apartments,Dublin,Apartments,1.8,-10.7,4.0,68.7
2012-10-01,2012-10,2012,2012Q4,Dublin - houses,Dublin,Houses,0.8,-1.3,3.4,68.8
2012-10-01,2012-10,2012,2012Q4,Dublin City - houses,Dublin City,Houses,0.6,-5.7,4.2,63.4
2012-10-01,2012-10,2012,2012Q4,Dun Laoghaire-Rathdown - houses,Dun Laoghaire-Rathdown,Houses,2.9,4.0,7.8,69.7
2012-10-01,2012-10,2012,2012Q4,Fingal - houses,Fingal,Houses,1.0,-5.8,2.9,70.9
2012-10-01,2012-10,2012,2012Q4,Mid-East - houses,Mid-East,Houses,0.9,-8.1,3.0,74.7
2012-10-01,2012-10,2012,2012Q4,Mid-West - houses,Mid-West,Houses,-1.1,-11.8,-1.8,100.7
2012-10-01,2012-10,2012,2012Q4,Midland - houses,Midland,Houses,-1.9,-12.8,-0.6,90.0
2012-10-01,2012-10,2012,2012Q4,National - all residential properties,National,All residential,0.3,-6.2,1.3,76.6
2012-10-01,2012-10,2012,2012Q4,National - apartments,National,Apartments,1.4,-10.3,2.2,70.1
2012-10-01,2012-10,2012,2012Q4,National - houses,National,Houses,0.2,-6.3,1.2,77.1
2012-10-01,2012-10,2012,2012Q4,National excluding Dublin - all residential properties,National excluding Dublin,All residential,-0.3,-9.8,-0.7,86.8
2012-10-01,2012-10,2012,2012Q4,National excluding Dublin - apartments,National excluding Dublin,Apartments,0.7,4.6,-0.6,85.0
2012-10-01,2012-10,2012,2012Q4,National excluding Dublin - houses,National excluding Dublin,Houses,-0.4,-10.5,-0.8,86.8
2012-10-01,2012-10,2012,2012Q4,South Dublin - houses,South Dublin,Houses,1.3,-8.2,1.0,67.4
2012-10-01,2012-10,2012,2012Q4,South-East - houses,South-East,Houses,0.2,-12.3,-2.0,83.5
2012-10-01,2012-10,2012,2012Q4,South-West - houses,South-West,Houses,-0.3,-11.4,-0.6,84.1
2012-10-01,2012-10,2012,2012Q4,West - houses,West,Houses,-1.2,-15.6,-3.3,98.6
2012-11-01,2012-11,2012,2012Q4,Border - houses,Border,Houses,-2.4,-14.0,-5.2,97.6
2012-11-01,2012-11,2012,2012Q4,Dublin - all residential properties,Dublin,All residential,0.6,0.5,2.7,69.2
2012-11-01,2012-11,2012,2012Q4,Dublin - apartments,Dublin,Apartments,0.0,-8.9,3.1,68.7
2012-11-01,2012-11,2012,2012Q4,Dublin - houses,Dublin,Houses,0.8,1.8,2.8,69.3
2012-11-01,2012-11,2012,2012Q4,Dublin City - houses,Dublin City,Houses,1.5,-1.8,4.3,64.3
2012-11-01,2012-11,2012,2012Q4,Dun Laoghaire-Rathdown - houses,Dun Laoghaire-Rathdown,Houses,1.7,8.0,6.6,70.9
2012-11-01,2012-11,2012,2012Q4,Fingal - houses,Fingal,Houses,0.8,-2.4,2.9,71.5
2012-11-01,2012-11,2012,2012Q4,Mid-East - houses,Mid-East,Houses,0.6,-6.0,2.5,75.1
2012-11-01,2012-11,2012,2012Q4,Mid-West - houses,Mid-West,Houses,-1.1,-9.6,-2.3,99.6
2012-11-01,2012-11,2012,2012Q4,Midland - houses,Midland,Houses,-2.0,-12.5,-2.1,88.2
2012-11-01,2012-11,2012,2012Q4,National - all residential properties,National,All residential,-0.4,-5.0,0.8,76.3
2012-11-01,2012-11,2012,2012Q4,National - apartments,National,Apartments,0.5,-8.1,3.1,70.5
2012-11-01,2012-11,2012,2012Q4,National - houses,National,Houses,-0.4,-5.0,0.5,76.8
2012-11-01,2012-11,2012,2012Q4,National excluding Dublin - all residential properties,National excluding Dublin,All residential,-1.3,-10.0,-1.2,85.6
2012-11-01,2012-11,2012,2012Q4,National excluding Dublin - apartments,National excluding Dublin,Apartments,0.3,4.3,3.4,85.2
2012-11-01,2012-11,2012,2012Q4,National excluding Dublin - houses,National excluding Dublin,Houses,-1.4,-10.6,-1.5,85.6
2012-11-01,2012-11,2012,2012Q4,South Dublin - houses,South Dublin,Houses,1.5,-5.1,2.9,68.4
2012-11-01,2012-11,2012,2012Q4,South-East - houses,South-East,Houses,-1.4,-12.1,-3.0,82.4
2012-11-01,2012-11,2012,2012Q4,South-West - houses,South-West,Houses,-0.8,-10.8,-0.3,83.5
2012-11-01,2012-11,2012,2012Q4,West - houses,West,Houses,-1.4,-16.4,-2.7,97.2
2012-12-01,2012-12,2012,2012Q4,Border - houses,Border,Houses,-1.6,-15.7,-3.8,96.1
2012-12-01,2012-12,2012,2012Q4,Dublin - all residential properties,Dublin,All residential,1.2,3.6,2.7,70.0
2012-12-01,2012-12,2012,2012Q4,Dublin - apartments,Dublin,Apartments,0.3,-7.3,2.1,69.0
2012-12-01,2012-12,2012,2012Q4,Dublin - houses,Dublin,Houses,1.4,5.2,3.0,70.3
2012-12-01,2012-12,2012,2012Q4,Dublin City - houses,Dublin City,Houses,2.6,2.1,4.8,66.0
2012-12-01,2012-12,2012,2012Q4,Dun Laoghaire-Rathdown - houses,Dun Laoghaire-Rathdown,Houses,1.5,12.5,6.2,71.9
2012-12-01,2012-12,2012,2012Q4,Fingal - houses,Fingal,Houses,0.3,1.0,2.1,71.7
2012-12-01,2012-12,2012,2012Q4,Mid-East - houses,Mid-East,Houses,1.1,-2.9,2.6,75.9
2012-12-01,2012-12,2012,2012Q4,Mid-West - houses,Mid-West,Houses,-2.2,-11.8,-4.2,97.5
2012-12-01,2012-12,2012,2012Q4,Midland - houses,Midland,Houses,-1.0,-9.8,-4.9,87.3
2012-12-01,2012-12,2012,2012Q4,National - all residential properties,National,All residential,0.4,-3.2,0.4,76.6
2012-12-01,2012-12,2012,2012Q4,National - apartments,National,Apartments,0.7,-6.5,2.6,71.0
2012-12-01,2012-12,2012,2012Q4,National - houses,National,Houses,0.5,-2.8,0.3,77.1
2012-12-01,2012-12,2012,2012Q4,National excluding Dublin - all residential properties,National excluding Dublin,All residential,-0.4,-9.2,-2.0,85.3
2012-12-01,2012-12,2012,2012Q4,National excluding Dublin - apartments,National excluding Dublin,Apartments,0.4,0.2,1.5,85.6
2012-12-01,2012-12,2012,2012Q4,National excluding Dublin - houses,National excluding Dublin,Houses,-0.4,-9.5,-2.2,85.2
2012-12-01,2012-12,2012,2012Q4,South Dublin - houses,South Dublin,Houses,1.6,-1.5,4.5,69.6
2012-12-01,2012-12,2012,2012Q4,South-East - houses,South-East,Houses,-0.4,-10.8,-1.6,82.0
2012-12-01,2012-12,2012,2012Q4,South-West - houses,South-West,Houses,0.3,-8.6,-0.7,83.7
2012-12-01,2012-12,2012,2012Q4,West - houses,West,Houses,-1.2,-16.0,-3.6,96.1
2013-01-01,2013-01,2013,2013Q1,Border - houses,Border,Houses,-5.7,-19.1,-9.4,90.6
2013-01-01,2013-01,2013,2013Q1,Dublin - all residential properties,Dublin,All residential,-0.9,4.5,0.9,69.4
2013-01-01,2013-01,2013,2013Q1,Dublin - apartments,Dublin,Apartments,1.0,-3.9,1.3,69.6
2013-01-01,2013-01,2013,2013Q1,Dublin - houses,Dublin,Houses,-1.2,5.8,0.9,69.5
2013-01-01,2013-01,2013,2013Q1,Dublin City - houses,Dublin City,Houses,-0.4,5.1,3.7,65.7
2013-01-01,2013-01,2013,2013Q1,Dun Laoghaire-Rathdown - houses,Dun Laoghaire-Rathdown,Houses,1.4,14.1,4.7,73.0
2013-01-01,2013-01,2013,2013Q1,Fingal - houses,Fingal,Houses,-0.9,1.7,0.2,71.1
2013-01-01,2013-01,2013,2013Q1,Mid-East - houses,Mid-East,Houses,-1.6,-1.8,0.1,74.7
2013-01-01,2013-01,2013,2013Q1,Mid-West - houses,Mid-West,Houses,-1.8,-13.2,-4.9,95.7
2013-01-01,2013-01,2013,2013Q1,Midland - houses,Midland,Houses,-2.4,-11.4,-5.4,85.2
2013-01-01,2013-01,2013,2013Q1,National - all residential properties,National,All residential,-1.8,-3.3,-1.8,75.2
2013-01-01,2013-01,2013,2013Q1,National - apartments,National,Apartments,1.3,-3.5,2.5,71.9
2013-01-01,2013-01,2013,2013Q1,National - houses,National,Houses,-2.1,-3.3,-2.1,75.5
2013-01-01,2013-01,2013,2013Q1,National excluding Dublin - all residential properties,National excluding Dublin,All residential,-2.8,-10.4,-4.5,82.9
2013-01-01,2013-01,2013,2013Q1,National excluding Dublin - apartments,National excluding Dublin,Apartments,1.6,-0.5,2.4,87.0
2013-01-01,2013-01,2013,2013Q1,National excluding Dublin - houses,National excluding Dublin,Houses,-3.0,-10.7,-4.8,82.7
2013-01-01,2013-01,2013,2013Q1,South Dublin - houses,South Dublin,Houses,-0.4,1.1,2.7,69.3
2013-01-01,2013-01,2013,2013Q1,South-East - houses,South-East,Houses,-1.7,-11.3,-3.4,80.7
2013-01-01,2013-01,2013,2013Q1,South-West - houses,South-West,Houses,0.0,-8.1,-0.5,83.7
2013-01-01,2013-01,2013,2013Q1,West - houses,West,Houses,-4.0,-15.5,-6.4,92.3
2013-02-01,2013-02,2013,2013Q1,Border - houses,Border,Houses,-2.0,-17.7,-9.0,88.8
2013-02-01,2013-02,2013,2013Q1,Dublin - all residential properties,Dublin,All residential,-1.7,5.6,-1.4,68.2
2013-02-01,2013-02,2013,2013Q1,Dublin - apartments,Dublin,Apartments,-0.3,-0.4,1.0,69.4
2013-02-01,2013-02,2013,2013Q1,Dublin - houses,Dublin,Houses,-1.9,6.4,-1.7,68.2
2013-02-01,2013-02,2013,2013Q1,Dublin City - houses,Dublin City,Houses,-0.8,7.6,1.4,65.2
2013-02-01,2013-02,2013,2013Q1,Dun Laoghaire-Rathdown - houses,Dun Laoghaire-Rathdown,Houses,-0.8,14.4,2.1,72.4
2013-02-01,2013-02,2013,2013Q1,Fingal - houses,Fingal,Houses,-0.5,3.7,-1.1,70.7
2013-02-01,2013-02,2013,2013Q1,Mid-East - houses,Mid-East,Houses,1.0,1.4,0.5,75.5
2013-02-01,2013-02,2013,2013Q1,Mid-West - houses,Mid-West,Houses,-0.6,-12.1,-4.5,95.2
2013-02-01,2013-02,2013,2013Q1,Midland - houses,Midland,Houses,-0.3,-10.2,-3.7,84.9
2013-02-01,2013-02,2013,2013Q1,National - all residential properties,National,All residential,-1.1,-2.2,-2.5,74.4
2013-02-01,2013-02,2013,2013Q1,National - apartments,National,Apartments,0.4,-1.0,2.5,72.2
2013-02-01,2013-02,2013,2013Q1,National - houses,National,Houses,-1.2,-2.2,-2.9,74.6
2013-02-01,2013-02,2013,2013Q1,National excluding Dublin - all residential properties,National excluding Dublin,All residential,-0.5,-9.1,-3.6,82.5
2013-02-01,2013-02,2013,2013Q1,National excluding Dublin - apartments,National excluding Dublin,Apartments,0.7,-2.7,2.8,87.6
2013-02-01,2013-02,2013,2013Q1,National excluding Dublin - houses,National excluding Dublin,Houses,-0.5,-9.3,-3.9,82.2
2013-02-01,2013-02,2013,2013Q1,South Dublin - houses,South Dublin,Houses,0.7,4.5,1.9,69.8
2013-02-01,2013-02,2013,2013Q1,South-East - houses,South-East,Houses,-2.3,-10.8,-4.3,78.8
2013-02-01,2013-02,2013,2013Q1,South-West - houses,South-West,Houses,-1.2,-8.3,-0.9,82.7
2013-02-01,2013-02,2013,2013Q1,West - houses,West,Houses,-1.1,-15.2,-6.1,91.3
2013-03-01,2013-03,2013,2013Q1,Border - houses,Border,Houses,-2.4,-22.8,-9.8,86.7
2013-03-01,2013-03,2013,2013Q1,Dublin - all residential properties,Dublin,All residential,-0.6,4.3,-3.1,67.8
2013-03-01,2013-03,2013,2013Q1,Dublin - apartments,Dublin,Apartments,-0.4,2.8,0.3,69.2
2013-03-01,2013-03,2013,2013Q1,Dublin - houses,Dublin,Houses,-0.6,4.4,-3.6,67.8
2013-03-01,2013-03,2013,2013Q1,Dublin City - houses,Dublin City,Houses,0.7,9.7,-0.6,65.6
2013-03-01,2013-03,2013,2013Q1,Dun Laoghaire-Rathdown - houses,Dun Laoghaire-Rathdown,Houses,-0.5,12.7,0.1,72.0
2013-03-01,2013-03,2013,2013Q1,Fingal - houses,Fingal,Houses,-1.5,0.7,-2.9,69.7
2013-03-01,2013-03,2013,2013Q1,Mid-East - houses,Mid-East,Houses,-1.7,0.5,-2.3,74.2
2013-03-01,2013-03,2013,2013Q1,Mid-West - houses,Mid-West,Houses,-4.0,-14.8,-6.3,91.3
2013-03-01,2013-03,2013,2013Q1,Midland - houses,Midland,Houses,-3.8,-15.4,-6.4,81.7
2013-03-01,2013-03,2013,2013Q1,National - all residential properties,National,All residential,-1.3,-4.0,-4.2,73.4
2013-03-01,2013-03,2013,2013Q1,National - apartments,National,Apartments,-0.2,1.2,1.5,72.0
2013-03-01,2013-03,2013,2013Q1,National - houses,National,Houses,-1.4,-4.4,-4.6,73.6
2013-03-01,2013-03,2013,2013Q1,National excluding Dublin - all residential properties,National excluding Dublin,All residential,-2.2,-11.4,-5.4,80.7
2013-03-01,2013-03,2013,2013Q1,National excluding Dublin - apartments,National excluding Dublin,Apartments,-2.3,-5.1,0.0,85.6
2013-03-01,2013-03,2013,2013Q1,National excluding Dublin - houses,National excluding Dublin,Houses,-2.1,-11.6,-5.6,80.5
2013-03-01,2013-03,2013,2013Q1,South Dublin - houses,South Dublin,Houses,-0.4,5.2,-0.1,69.5
2013-03-01,2013-03,2013,2013Q1,South-East - houses,South-East,Houses,-0.4,-11.2,-4.3,78.5
2013-03-01,2013-03,2013,2013Q1,South-West - houses,South-West,Houses,-2.0,-8.7,-3.2,81.1
2013-03-01,2013-03,2013,2013Q1,West - houses,West,Houses,1.3,-13.9,-3.8,92.4
2013-04-01,2013-04,2013,2013Q2,Border - houses,Border,Houses,1.1,-21.2,-3.2,87.7
2013-04-01,2013-04,2013,2013Q2,Dublin - all residential properties,Dublin,All residential,1.1,5.8,-1.2,68.6
2013-04-01,2013-04,2013,2013Q2,Dublin - apartments,Dublin,Apartments,-0.2,3.4,-0.9,69.0
2013-04-01,2013-04,2013,2013Q2,Dublin - houses,Dublin,Houses,1.3,6.2,-1.2,68.6
2013-04-01,2013-04,2013,2013Q2,Dublin City - houses,Dublin City,Houses,-0.4,9.6,-0.6,65.4
2013-04-01,2013-04,2013,2013Q2,Dun Laoghaire-Rathdown - houses,Dun Laoghaire-Rathdown,Houses,0.8,15.4,-0.6,72.5
2013-04-01,2013-04,2013,2013Q2,Fingal - houses,Fingal,Houses,2.3,3.5,0.2,71.2
2013-04-01,2013-04,2013,2013Q2,Mid-East - houses,Mid-East,Houses,-1.1,1.9,-1.8,73.4
2013-04-01,2013-04,2013,2013Q2,Mid-West - houses,Mid-West,Houses,-3.8,-15.9,-8.2,87.9
2013-04-01,2013-04,2013,2013Q2,Midland - houses,Midland,Houses,1.7,-13.8,-2.5,83.1
2013-04-01,2013-04,2013,2013Q2,National - all residential properties,National,All residential,0.5,-2.0,-2.0,73.7
2013-04-01,2013-04,2013,2013Q2,National - apartments,National,Apartments,-0.3,2.5,-0.1,71.8
2013-04-01,2013-04,2013,2013Q2,National - houses,National,Houses,0.6,-2.3,-1.9,74.0
2013-04-01,2013-04,2013,2013Q2,National excluding Dublin - all residential properties,National excluding Dublin,All residential,-0.2,-9.2,-2.9,80.5
2013-04-01,2013-04,2013,2013Q2,National excluding Dublin - apartments,National excluding Dublin,Apartments,-2.5,-4.7,-4.1,83.5
2013-04-01,2013-04,2013,2013Q2,National excluding Dublin - houses,National excluding Dublin,Houses,0.0,-9.4,-2.7,80.4
2013-04-01,2013-04,2013,2013Q2,South Dublin - houses,South Dublin,Houses,0.6,6.5,0.9,69.9
2013-04-01,2013-04,2013,2013Q2,South-East - houses,South-East,Houses,-0.4,-11.1,-3.2,78.1
2013-04-01,2013-04,2013,2013Q2,South-West - houses,South-West,Houses,-1.0,-7.4,-4.1,80.2
2013-04-01,2013-04,2013,2013Q2,West - houses,West,Houses,1.6,-10.1,1.8,93.9
2013-05-01,2013-05,2013,2013Q2,Border - houses,Border,Houses,-0.4,-21.7,-1.6,87.3
2013-05-01,2013-05,2013,2013Q2,Dublin - all residential properties,Dublin,All residential,0.7,6.6,1.3,69.1
2013-05-01,2013-05,2013,2013Q2,Dublin - apartments,Dublin,Apartments,0.2,4.9,-0.5,69.1
2013-05-01,2013-05,2013,2013Q2,Dublin - houses,Dublin,Houses,0.8,6.9,1.5,69.2
2013-05-01,2013-05,2013,2013Q2,Dublin City - houses,Dublin City,Houses,0.0,9.1,0.3,65.4
2013-05-01,2013-05,2013,2013Q2,Dun Laoghaire-Rathdown - houses,Dun Laoghaire-Rathdown,Houses,-0.5,14.9,-0.3,72.2
2013-05-01,2013-05,2013,2013Q2,Fingal - houses,Fingal,Houses,0.4,5.4,1.1,71.5
2013-05-01,2013-05,2013,2013Q2,Mid-East - houses,Mid-East,Houses,-0.3,1.8,-3.1,73.1
2013-05-01,2013-05,2013,2013Q2,Mid-West - houses,Mid-West,Houses,-1.8,-17.7,-9.3,86.3
2013-05-01,2013-05,2013,2013Q2,Midland - houses,Midland,Houses,-0.4,-14.4,-2.6,82.7
2013-05-01,2013-05,2013,2013Q2,National - all residential properties,National,All residential,0.0,-1.7,-0.9,73.7
2013-05-01,2013-05,2013,2013Q2,National - apartments,National,Apartments,0.2,4.1,-0.4,71.9
2013-05-01,2013-05,2013,2013Q2,National - houses,National,Houses,-0.1,-2.0,-0.8,74.0
2013-05-01,2013-05,2013,2013Q2,National excluding Dublin - all residential properties,National excluding Dublin,All residential,-0.9,-9.4,-3.2,79.8
2013-05-01,2013-05,2013,2013Q2,National excluding Dublin - apartments,National excluding Dublin,Apartments,-0.3,-3.6,-5.0,83.2
2013-05-01,2013-05,2013,2013Q2,National excluding Dublin - houses,National excluding Dublin,Houses,-0.9,-9.7,-3.1,79.7
2013-05-01,2013-05,2013,2013Q2,South Dublin - houses,South Dublin,Houses,2.6,9.8,2.8,71.7
2013-05-01,2013-05,2013,2013Q2,South-East - houses,South-East,Houses,-0.5,-11.2,-1.3,77.8
2013-05-01,2013-05,2013,2013Q2,South-West - houses,South-West,Houses,-2.3,-8.1,-5.2,78.4
2013-05-01,2013-05,2013,2013Q2,West - houses,West,Houses,-1.3,-8.2,1.5,92.6
2013-06-01,2013-06,2013,2013Q2,Border - houses,Border,Houses,-0.6,-19.5,0.1,86.8
2013-06-01,2013-06,2013,2013Q2,Dublin - all residential properties,Dublin,All residential,3.6,9.9,5.5,71.6
2013-06-01,2013-06,2013,2013Q2,Dublin - apartments,Dublin,Apartments,1.2,7.1,1.1,69.9
2013-06-01,2013-06,2013,2013Q2,Dublin - houses,Dublin,Houses,3.9,10.4,6.1,71.9
2013-06-01,2013-06,2013,2013Q2,Dublin City - houses,Dublin City,Houses,2.1,11.2,1.6,66.7
2013-06-01,2013-06,2013,2013Q2,Dun Laoghaire-Rathdown - houses,Dun Laoghaire-Rathdown,Houses,3.5,18.2,3.7,74.7
2013-06-01,2013-06,2013,2013Q2,Fingal - houses,Fingal,Houses,1.1,6.0,3.7,72.3
2013-06-01,2013-06,2013,2013Q2,Mid-East - houses,Mid-East,Houses,-0.8,0.9,-2.2,72.5
2013-06-01,2013-06,2013,2013Q2,Mid-West - houses,Mid-West,Houses,-2.0,-18.0,-7.4,84.6
2013-06-01,2013-06,2013,2013Q2,Midland - houses,Midland,Houses,1.9,-9.2,3.2,84.3
2013-06-01,2013-06,2013,2013Q2,National - all residential properties,National,All residential,2.5,1.0,3.0,75.6
2013-06-01,2013-06,2013,2013Q2,National - apartments,National,Apartments,0.4,5.8,0.2,72.2
2013-06-01,2013-06,2013,2013Q2,National - houses,National,Houses,2.7,0.7,3.3,76.0
2013-06-01,2013-06,2013,2013Q2,National excluding Dublin - all residential properties,National excluding Dublin,All residential,1.3,-7.4,0.2,80.9
2013-06-01,2013-06,2013,2013Q2,National excluding Dublin - apartments,National excluding Dublin,Apartments,-1.8,-3.6,-4.5,81.7
2013-06-01,2013-06,2013,2013Q2,National excluding Dublin - houses,National excluding Dublin,Houses,1.4,-7.6,0.5,80.8
2013-06-01,2013-06,2013,2013Q2,South Dublin - houses,South Dublin,Houses,1.0,9.7,4.3,72.5
2013-06-01,2013-06,2013,2013Q2,South-East - houses,South-East,Houses,-0.5,-10.9,-1.4,77.4
2013-06-01,2013-06,2013,2013Q2,South-West - houses,South-West,Houses,1.8,-5.9,-1.6,79.8
2013-06-01,2013-06,2013,2013Q2,West - houses,West,Houses,2.4,-6.6,2.6,94.8
2013-07-01,2013-07,2013,2013Q3,Border - houses,Border,Houses,3.1,-16.1,2.1,89.5
2013-07-01,2013-07,2013,2013Q3,Dublin - all residential properties,Dublin,All residential,3.7,11.6,8.2,74.2
2013-07-01,2013-07,2013,2013Q3,Dublin - apartments,Dublin,Apartments,1.2,7.0,2.5,70.8
2013-07-01,2013-07,2013,2013Q3,Dublin - houses,Dublin,Houses,4.1,12.4,9.0,74.8
2013-07-01,2013-07,2013,2013Q3,Dublin City - houses,Dublin City,Houses,2.7,12.7,4.9,68.5
2013-07-01,2013-07,2013,2013Q3,Dun Laoghaire-Rathdown - houses,Dun Laoghaire-Rathdown,Houses,3.8,19.8,6.9,77.5
2013-07-01,2013-07,2013,2013Q3,Fingal - houses,Fingal,Houses,1.5,6.4,3.0,73.4
2013-07-01,2013-07,2013,2013Q3,Mid-East - houses,Mid-East,Houses,-0.2,-0.1,-1.3,72.4
2013-07-01,2013-07,2013,2013Q3,Mid-West - houses,Mid-West,Houses,0.4,-17.1,-3.3,85.0
2013-07-01,2013-07,2013,2013Q3,Midland - houses,Midland,Houses,-0.5,-7.4,0.9,83.9
2013-07-01,2013-07,2013,2013Q3,National - all residential properties,National,All residential,2.4,2.4,5.0,77.4
2013-07-01,2013-07,2013,2013Q3,National - apartments,National,Apartments,0.7,6.0,1.3,72.7
2013-07-01,2013-07,2013,2013Q3,National - houses,National,Houses,2.5,2.2,5.2,77.9
2013-07-01,2013-07,2013,2013Q3,National excluding Dublin - all residential properties,National excluding Dublin,All residential,0.9,-6.6,1.3,81.6
2013-07-01,2013-07,2013,2013Q3,National excluding Dublin - apartments,National excluding Dublin,Apartments,0.5,-3.9,-1.5,82.2
2013-07-01,2013-07,2013,2013Q3,National excluding Dublin - houses,National excluding Dublin,Houses,0.9,-6.8,1.4,81.6
2013-07-01,2013-07,2013,2013Q3,South Dublin - houses,South Dublin,Houses,1.3,9.9,5.0,73.4
2013-07-01,2013-07,2013,2013Q3,South-East - houses,South-East,Houses,0.3,-8.9,-0.7,77.6
2013-07-01,2013-07,2013,2013Q3,South-West - houses,South-West,Houses,0.1,-5.5,-0.4,79.9
2013-07-01,2013-07,2013,2013Q3,West - houses,West,Houses,0.0,-7.1,0.9,94.8
2013-08-01,2013-08,2013,2013Q3,Border - houses,Border,Houses,0.4,-12.7,2.9,89.9
2013-08-01,2013-08,2013,2013Q3,Dublin - all residential properties,Dublin,All residential,2.5,12.9,10.1,76.0
2013-08-01,2013-08,2013,2013Q3,Dublin - apartments,Dublin,Apartments,0.5,6.6,2.9,71.1
2013-08-01,2013-08,2013,2013Q3,Dublin - houses,Dublin,Houses,2.8,14.0,11.1,76.9
2013-08-01,2013-08,2013,2013Q3,Dublin City - houses,Dublin City,Houses,2.8,14.3,7.8,70.5
2013-08-01,2013-08,2013,2013Q3,Dun Laoghaire-Rathdown - houses,Dun Laoghaire-Rathdown,Houses,2.4,19.5,10.0,79.4
2013-08-01,2013-08,2013,2013Q3,Fingal - houses,Fingal,Houses,1.9,7.5,4.5,74.7
2013-08-01,2013-08,2013,2013Q3,Mid-East - houses,Mid-East,Houses,0.2,-1.0,-0.8,72.6
2013-08-01,2013-08,2013,2013Q3,Mid-West - houses,Mid-West,Houses,2.3,-14.8,0.7,86.9
2013-08-01,2013-08,2013,2013Q3,Midland - houses,Midland,Houses,-4.2,-10.8,-2.9,80.3
2013-08-01,2013-08,2013,2013Q3,National - all residential properties,National,All residential,1.4,3.6,6.5,78.5
2013-08-01,2013-08,2013,2013Q3,National - apartments,National,Apartments,0.4,6.9,1.6,73.1
2013-08-01,2013-08,2013,2013Q3,National - houses,National,Houses,1.5,3.5,6.8,79.1
2013-08-01,2013-08,2013,2013Q3,National excluding Dublin - all residential properties,National excluding Dublin,All residential,0.2,-5.6,2.4,81.8
2013-08-01,2013-08,2013,2013Q3,National excluding Dublin - apartments,National excluding Dublin,Apartments,0.9,0.6,-0.4,82.9
2013-08-01,2013-08,2013,2013Q3,National excluding Dublin - houses,National excluding Dublin,Houses,0.1,-6.0,2.5,81.7
2013-08-01,2013-08,2013,2013Q3,South Dublin - houses,South Dublin,Houses,2.0,12.6,4.4,74.9
2013-08-01,2013-08,2013,2013Q3,South-East - houses,South-East,Houses,-1.5,-10.0,-1.7,76.5
2013-08-01,2013-08,2013,2013Q3,South-West - houses,South-West,Houses,0.7,-3.9,2.6,80.4
2013-08-01,2013-08,2013,2013Q3,West - houses,West,Houses,-0.1,-5.2,2.2,94.7
2013-09-01,2013-09,2013,2013Q3,Border - houses,Border,Houses,1.9,-8.2,5.5,91.6
2013-09-01,2013-09,2013,2013Q3,Dublin - all residential properties,Dublin,All residential,1.7,13.5,8.1,77.4
2013-09-01,2013-09,2013,2013Q3,Dublin - apartments,Dublin,Apartments,0.8,6.1,2.5,71.7
2013-09-01,2013-09,2013,2013Q3,Dublin - houses,Dublin,Houses,1.9,14.8,9.0,78.4
2013-09-01,2013-09,2013,2013Q3,Dublin City - houses,Dublin City,Houses,2.8,15.1,8.6,72.5
2013-09-01,2013-09,2013,2013Q3,Dun Laoghaire-Rathdown - houses,Dun Laoghaire-Rathdown,Houses,2.0,19.7,8.5,81.0
2013-09-01,2013-09,2013,2013Q3,Fingal - houses,Fingal,Houses,2.2,8.7,5.7,76.4
2013-09-01,2013-09,2013,2013Q3,Mid-East - houses,Mid-East,Houses,2.2,0.2,2.3,74.2
2013-09-01,2013-09,2013,2013Q3,Mid-West - houses,Mid-West,Houses,0.7,-14.0,3.4,87.5
2013-09-01,2013-09,2013,2013Q3,Midland - houses,Midland,Houses,0.8,-11.8,-3.9,81.0
2013-09-01,2013-09,2013,2013Q3,National - all residential properties,National,All residential,1.6,4.4,5.5,79.7
2013-09-01,2013-09,2013,2013Q3,National - apartments,National,Apartments,0.0,5.6,1.2,73.1
2013-09-01,2013-09,2013,2013Q3,National - houses,National,Houses,1.7,4.6,5.8,80.4
2013-09-01,2013-09,2013,2013Q3,National excluding Dublin - all residential properties,National excluding Dublin,All residential,1.4,-4.8,2.5,82.9
2013-09-01,2013-09,2013,2013Q3,National excluding Dublin - apartments,National excluding Dublin,Apartments,-2.6,-4.2,-1.2,80.8
2013-09-01,2013-09,2013,2013Q3,National excluding Dublin - houses,National excluding Dublin,Houses,1.6,-4.8,2.6,82.9
2013-09-01,2013-09,2013,2013Q3,South Dublin - houses,South Dublin,Houses,1.3,14.0,4.7,75.9
2013-09-01,2013-09,2013,2013Q3,South-East - houses,South-East,Houses,0.4,-7.9,-0.8,76.8
2013-09-01,2013-09,2013,2013Q3,South-West - houses,South-West,Houses,1.4,-3.2,2.3,81.6
2013-09-01,2013-09,2013,2013Q3,West - houses,West,Houses,-1.0,-6.1,-1.2,93.7
2013-10-01,2013-10,2013,2013Q4,Border - houses,Border,Houses,-0.1,-8.5,2.2,91.5
2013-10-01,2013-10,2013,2013Q4,Dublin - all residential properties,Dublin,All residential,0.6,13.2,4.9,77.9
2013-10-01,2013-10,2013,2013Q4,Dublin - apartments,Dublin,Apartments,1.4,5.7,2.7,72.6
2013-10-01,2013-10,2013,2013Q4,Dublin - houses,Dublin,Houses,0.5,14.5,5.3,78.8
2013-10-01,2013-10,2013,2013Q4,Dublin City - houses,Dublin City,Houses,1.3,15.8,7.1,73.4
2013-10-01,2013-10,2013,2013Q4,Dun Laoghaire-Rathdown - houses,Dun Laoghaire-Rathdown,Houses,2.2,18.7,6.8,82.8
2013-10-01,2013-10,2013,2013Q4,Fingal - houses,Fingal,Houses,1.6,9.4,5.8,77.6
2013-10-01,2013-10,2013,2013Q4,Mid-East - houses,Mid-East,Houses,0.9,0.2,3.3,74.8
2013-10-01,2013-10,2013,2013Q4,Mid-West - houses,Mid-West,Houses,0.2,-13.0,3.2,87.7
2013-10-01,2013-10,2013,2013Q4,Midland - houses,Midland,Houses,-0.5,-10.4,-3.9,80.6
2013-10-01,2013-10,2013,2013Q4,National - all residential properties,National,All residential,0.6,4.7,3.6,80.2
2013-10-01,2013-10,2013,2013Q4,National - apartments,National,Apartments,0.9,5.1,1.3,73.7
2013-10-01,2013-10,2013,2013Q4,National - houses,National,Houses,0.6,4.9,3.8,80.9
2013-10-01,2013-10,2013,2013Q4,National excluding Dublin - all residential properties,National excluding Dublin,All residential,0.6,-3.9,2.2,83.4
2013-10-01,2013-10,2013,2013Q4,National excluding Dublin - apartments,National excluding Dublin,Apartments,0.2,-4.8,-1.5,80.9
2013-10-01,2013-10,2013,2013Q4,National excluding Dublin - houses,National excluding Dublin,Houses,0.6,-3.9,2.3,83.5
2013-10-01,2013-10,2013,2013Q4,South Dublin - houses,South Dublin,Houses,0.8,13.4,4.1,76.5
2013-10-01,2013-10,2013,2013Q4,South-East - houses,South-East,Houses,2.2,-6.0,1.1,78.5
2013-10-01,2013-10,2013,2013Q4,South-West - houses,South-West,Houses,1.0,-2.0,3.2,82.4
2013-10-01,2013-10,2013,2013Q4,West - houses,West,Houses,0.5,-4.5,-0.7,94.1
2013-11-01,2013-11,2013,2013Q4,Border - houses,Border,Houses,0.6,-5.7,2.4,92.1
2013-11-01,2013-11,2013,2013Q4,Dublin - all residential properties,Dublin,All residential,1.1,13.8,3.6,78.8
2013-11-01,2013-11,2013,2013Q4,Dublin - apartments,Dublin,Apartments,2.8,8.7,5.0,74.7
2013-11-01,2013-11,2013,2013Q4,Dublin - houses,Dublin,Houses,0.8,14.6,3.3,79.4
2013-11-01,2013-11,2013,2013Q4,Dublin City - houses,Dublin City,Houses,1.9,16.3,6.2,74.8
2013-11-01,2013-11,2013,2013Q4,Dun Laoghaire-Rathdown - houses,Dun Laoghaire-Rathdown,Houses,2.4,19.6,6.7,84.8
2013-11-01,2013-11,2013,2013Q4,Fingal - houses,Fingal,Houses,-0.6,7.8,3.1,77.1
2013-11-01,2013-11,2013,2013Q4,Mid-East - houses,Mid-East,Houses,0.3,-0.1,3.4,75.0
2013-11-01,2013-11,2013,2013Q4,Mid-West - houses,Mid-West,Houses,-1.3,-13.2,-0.5,86.5
2013-11-01,2013-11,2013,2013Q4,Midland - houses,Midland,Houses,2.8,-6.0,3.2,82.9
2013-11-01,2013-11,2013,2013Q4,National - all residential properties,National,All residential,0.4,5.6,2.7,80.6
2013-11-01,2013-11,2013,2013Q4,National - apartments,National,Apartments,1.3,5.9,2.2,74.6
2013-11-01,2013-11,2013,2013Q4,National - houses,National,Houses,0.3,5.7,2.6,81.1
2013-11-01,2013-11,2013,2013Q4,National excluding Dublin - all residential properties,National excluding Dublin,All residential,-0.4,-3.0,1.6,83.0
2013-11-01,2013-11,2013,2013Q4,National excluding Dublin - apartments,National excluding Dublin,Apartments,-2.9,-7.9,-5.3,78.5
2013-11-01,2013-11,2013,2013Q4,National excluding Dublin - houses,National excluding Dublin,Houses,-0.3,-2.7,1.9,83.2
2013-11-01,2013-11,2013,2013Q4,South Dublin - houses,South Dublin,Houses,1.9,13.8,4.0,77.9
2013-11-01,2013-11,2013,2013Q4,South-East - houses,South-East,Houses,0.8,-3.9,3.5,79.1
2013-11-01,2013-11,2013,2013Q4,South-West - houses,South-West,Houses,0.2,-1.0,2.7,82.6
2013-11-01,2013-11,2013,2013Q4,West - houses,West,Houses,0.9,-2.4,0.3,94.9
2013-12-01,2013-12,2013,2013Q4,Border - houses,Border,Houses,-1.2,-5.3,-0.7,91.0
2013-12-01,2013-12,2013,2013Q4,Dublin - all residential properties,Dublin,All residential,1.3,14.0,3.1,79.8
2013-12-01,2013-12,2013,2013Q4,Dublin - apartments,Dublin,Apartments,1.6,10.0,5.8,75.8
2013-12-01,2013-12,2013,2013Q4,Dublin - houses,Dublin,Houses,1.3,14.5,2.7,80.5
2013-12-01,2013-12,2013,2013Q4,Dublin City - houses,Dublin City,Houses,2.7,16.4,6.1,76.9
2013-12-01,2013-12,2013,2013Q4,Dun Laoghaire-Rathdown - houses,Dun Laoghaire-Rathdown,Houses,1.1,19.2,5.8,85.7
2013-12-01,2013-12,2013,2013Q4,Fingal - houses,Fingal,Houses,1.1,8.6,2.0,77.9
2013-12-01,2013-12,2013,2013Q4,Mid-East - houses,Mid-East,Houses,1.6,0.4,2.8,76.2
2013-12-01,2013-12,2013,2013Q4,Mid-West - houses,Mid-West,Houses,1.4,-10.0,0.3,87.7
2013-12-01,2013-12,2013,2013Q4,Midland - houses,Midland,Houses,1.6,-3.5,4.0,84.2
2013-12-01,2013-12,2013,2013Q4,National - all residential properties,National,All residential,1.2,6.4,2.3,81.5
2013-12-01,2013-12,2013,2013Q4,National - apartments,National,Apartments,1.6,6.8,3.7,75.8
2013-12-01,2013-12,2013,2013Q4,National - houses,National,Houses,1.1,6.4,2.0,82.1
2013-12-01,2013-12,2013,2013Q4,National excluding Dublin - all residential properties,National excluding Dublin,All residential,1.1,-1.6,1.3,84.0
2013-12-01,2013-12,2013,2013Q4,National excluding Dublin - apartments,National excluding Dublin,Apartments,3.1,-5.4,0.2,80.9
2013-12-01,2013-12,2013,2013Q4,National excluding Dublin - houses,National excluding Dublin,Houses,1.0,-1.4,1.3,84.1
2013-12-01,2013-12,2013,2013Q4,South Dublin - houses,South Dublin,Houses,1.2,13.4,3.9,78.9
2013-12-01,2013-12,2013,2013Q4,South-East - houses,South-East,Houses,0.3,-3.2,3.4,79.4
2013-12-01,2013-12,2013,2013Q4,South-West - houses,South-West,Houses,2.1,0.8,3.4,84.4
2013-12-01,2013-12,2013,2013Q4,West - houses,West,Houses,-0.6,-1.8,0.8,94.4
2014-01-01,2014-01,2014,2014Q1,Border - houses,Border,Houses,-3.3,-2.8,-3.8,88.0
2014-01-01,2014-01,2014,2014Q1,Dublin - all residential properties,Dublin,All residential,0.4,15.5,2.9,80.1
2014-01-01,2014-01,2014,2014Q1,Dublin - apartments,Dublin,Apartments,3.3,12.5,7.8,78.3
2014-01-01,2014-01,2014,2014Q1,Dublin - houses,Dublin,Houses,-0.1,15.7,2.0,80.4
2014-01-01,2014-01,2014,2014Q1,Dublin City - houses,Dublin City,Houses,0.8,17.8,5.5,77.5
2014-01-01,2014-01,2014,2014Q1,Dun Laoghaire-Rathdown - houses,Dun Laoghaire-Rathdown,Houses,1.7,19.5,5.3,87.2
2014-01-01,2014-01,2014,2014Q1,Fingal - houses,Fingal,Houses,-1.6,7.9,-1.1,76.7
2014-01-01,2014-01,2014,2014Q1,Mid-East - houses,Mid-East,Houses,1.1,3.2,3.1,77.1
2014-01-01,2014-01,2014,2014Q1,Mid-West - houses,Mid-West,Houses,1.9,-6.7,1.9,89.4
2014-01-01,2014-01,2014,2014Q1,Midland - houses,Midland,Houses,-1.2,-2.3,3.2,83.2
2014-01-01,2014-01,2014,2014Q1,National - all residential properties,National,All residential,0.1,8.5,1.8,81.6
2014-01-01,2014-01,2014,2014Q1,National - apartments,National,Apartments,2.0,7.6,4.9,77.3
2014-01-01,2014-01,2014,2014Q1,National - houses,National,Houses,-0.2,8.5,1.3,81.9
2014-01-01,2014-01,2014,2014Q1,National excluding Dublin - all residential properties,National excluding Dublin,All residential,-0.3,1.0,0.4,83.7
2014-01-01,2014-01,2014,2014Q1,National excluding Dublin - apartments,National excluding Dublin,Apartments,-1.0,-7.9,-1.0,80.2
2014-01-01,2014-01,2014,2014Q1,National excluding Dublin - houses,National excluding Dublin,Houses,-0.2,1.5,0.5,83.9
2014-01-01,2014-01,2014,2014Q1,South Dublin - houses,South Dublin,Houses,1.2,15.2,4.4,79.8
2014-01-01,2014-01,2014,2014Q1,South-East - houses,South-East,Houses,0.5,-1.1,1.7,79.8
2014-01-01,2014-01,2014,2014Q1,South-West - houses,South-West,Houses,0.2,1.0,2.6,84.5
2014-01-01,2014-01,2014,2014Q1,West - houses,West,Houses,0.5,2.8,0.8,94.8
2014-02-01,2014-02,2014,2014Q1,Border - houses,Border,Houses,-0.1,-1.0,-4.5,87.9
2014-02-01,2014-02,2014,2014Q1,Dublin - all residential properties,Dublin,All residential,0.5,18.1,2.3,80.5
2014-02-01,2014-02,2014,2014Q1,Dublin - apartments,Dublin,Apartments,0.2,13.1,5.1,78.5
2014-02-01,2014-02,2014,2014Q1,Dublin - houses,Dublin,Houses,0.7,18.7,1.8,80.9
2014-02-01,2014-02,2014,2014Q1,Dublin City - houses,Dublin City,Houses,1.9,21.1,5.5,78.9
2014-02-01,2014-02,2014,2014Q1,Dun Laoghaire-Rathdown - houses,Dun Laoghaire-Rathdown,Houses,0.8,21.5,3.7,87.9
2014-02-01,2014-02,2014,2014Q1,Fingal - houses,Fingal,Houses,-0.7,7.7,-1.2,76.2
2014-02-01,2014-02,2014,2014Q1,Mid-East - houses,Mid-East,Houses,1.2,3.4,4.0,78.0
2014-02-01,2014-02,2014,2014Q1,Mid-West - houses,Mid-West,Houses,-0.1,-6.2,3.2,89.3
2014-02-01,2014-02,2014,2014Q1,Midland - houses,Midland,Houses,0.5,-1.5,0.9,83.6
2014-02-01,2014-02,2014,2014Q1,National - all residential properties,National,All residential,0.4,10.2,1.8,82.0
2014-02-01,2014-02,2014,2014Q1,National - apartments,National,Apartments,1.1,8.3,4.8,78.2
2014-02-01,2014-02,2014,2014Q1,National - houses,National,Houses,0.4,10.3,1.4,82.3
2014-02-01,2014-02,2014,2014Q1,National excluding Dublin - all residential properties,National excluding Dublin,All residential,0.4,1.8,1.2,84.0
2014-02-01,2014-02,2014,2014Q1,National excluding Dublin - apartments,National excluding Dublin,Apartments,3.5,-5.3,5.7,83.0
2014-02-01,2014-02,2014,2014Q1,National excluding Dublin - houses,National excluding Dublin,Houses,0.1,2.2,0.9,84.0
2014-02-01,2014-02,2014,2014Q1,South Dublin - houses,South Dublin,Houses,0.8,15.3,3.3,80.5
2014-02-01,2014-02,2014,2014Q1,South-East - houses,South-East,Houses,1.7,3.0,2.6,81.2
2014-02-01,2014-02,2014,2014Q1,South-West - houses,South-West,Houses,0.4,2.6,2.7,84.9
2014-02-01,2014-02,2014,2014Q1,West - houses,West,Houses,-1.3,2.6,-1.4,93.6
2014-03-01,2014-03,2014,2014Q1,Border - houses,Border,Houses,-1.7,-0.2,-5.0,86.5
2014-03-01,2014-03,2014,2014Q1,Dublin - all residential properties,Dublin,All residential,1.6,20.6,2.5,81.8
2014-03-01,2014-03,2014,2014Q1,Dublin - apartments,Dublin,Apartments,1.6,15.4,5.2,79.8
2014-03-01,2014-03,2014,2014Q1,Dublin - houses,Dublin,Houses,1.6,21.3,2.1,82.2
2014-03-01,2014-03,2014,2014Q1,Dublin City - houses,Dublin City,Houses,0.7,21.1,3.4,79.5
2014-03-01,2014-03,2014,2014Q1,Dun Laoghaire-Rathdown - houses,Dun Laoghaire-Rathdown,Houses,0.6,22.9,3.2,88.5
2014-03-01,2014-03,2014,2014Q1,Fingal - houses,Fingal,Houses,2.7,12.3,0.5,78.3
2014-03-01,2014-03,2014,2014Q1,Mid-East - houses,Mid-East,Houses,0.8,6.0,3.2,78.6
2014-03-01,2014-03,2014,2014Q1,Mid-West - houses,Mid-West,Houses,-1.1,-3.4,0.6,88.3
2014-03-01,2014-03,2014,2014Q1,Midland - houses,Midland,Houses,0.4,2.8,-0.3,83.9
2014-03-01,2014-03,2014,2014Q1,National - all residential properties,National,All residential,0.7,12.5,1.2,82.5
2014-03-01,2014-03,2014,2014Q1,National - apartments,National,Apartments,1.6,10.3,4.8,79.5
2014-03-01,2014-03,2014,2014Q1,National - houses,National,Houses,0.6,12.5,0.8,82.7
2014-03-01,2014-03,2014,2014Q1,National excluding Dublin - all residential properties,National excluding Dublin,All residential,-0.4,3.6,-0.4,83.6
2014-03-01,2014-03,2014,2014Q1,National excluding Dublin - apartments,National excluding Dublin,Apartments,1.3,-1.8,3.9,84.1
2014-03-01,2014-03,2014,2014Q1,National excluding Dublin - houses,National excluding Dublin,Houses,-0.5,3.9,-0.6,83.6
2014-03-01,2014-03,2014,2014Q1,South Dublin - houses,South Dublin,Houses,2.3,18.5,4.4,82.4
2014-03-01,2014-03,2014,2014Q1,South-East - houses,South-East,Houses,1.7,5.2,4.0,82.6
2014-03-01,2014-03,2014,2014Q1,South-West - houses,South-West,Houses,0.1,4.8,0.7,84.9
2014-03-01,2014-03,2014,2014Q1,West - houses,West,Houses,-1.9,-0.7,-2.7,91.8
2014-04-01,2014-04,2014,2014Q2,Border - houses,Border,Houses,2.3,0.9,0.5,88.4
2014-04-01,2014-04,2014,2014Q2,Dublin - all residential properties,Dublin,All residential,2.9,22.8,5.0,84.2
2014-04-01,2014-04,2014,2014Q2,Dublin - apartments,Dublin,Apartments,2.0,17.9,3.8,81.4
2014-04-01,2014-04,2014,2014Q2,Dublin - houses,Dublin,Houses,3.1,23.4,5.4,84.7
2014-04-01,2014-04,2014,2014Q2,Dublin City - houses,Dublin City,Houses,2.9,25.1,5.6,81.8
2014-04-01,2014-04,2014,2014Q2,Dun Laoghaire-Rathdown - houses,Dun Laoghaire-Rathdown,Houses,0.7,22.8,2.1,89.1
2014-04-01,2014-04,2014,2014Q2,Fingal - houses,Fingal,Houses,1.9,11.9,3.9,79.7
2014-04-01,2014-04,2014,2014Q2,Mid-East - houses,Mid-East,Houses,0.8,8.0,2.8,79.3
2014-04-01,2014-04,2014,2014Q2,Mid-West - houses,Mid-West,Houses,-0.7,-0.3,-2.0,87.6
2014-04-01,2014-04,2014,2014Q2,Midland - houses,Midland,Houses,1.9,3.0,2.8,85.6
2014-04-01,2014-04,2014,2014Q2,National - all residential properties,National,All residential,2.1,14.3,3.2,84.3
2014-04-01,2014-04,2014,2014Q2,National - apartments,National,Apartments,1.8,12.7,4.6,80.9
2014-04-01,2014-04,2014,2014Q2,National - houses,National,Houses,2.2,14.2,3.2,84.5
2014-04-01,2014-04,2014,2014Q2,National excluding Dublin - all residential properties,National excluding Dublin,All residential,1.2,5.0,1.1,84.6
2014-04-01,2014-04,2014,2014Q2,National excluding Dublin - apartments,National excluding Dublin,Apartments,1.2,1.9,6.1,85.1
2014-04-01,2014-04,2014,2014Q2,National excluding Dublin - houses,National excluding Dublin,Houses,1.2,5.1,0.8,84.6
2014-04-01,2014-04,2014,2014Q2,South Dublin - houses,South Dublin,Houses,3.7,22.2,7.0,85.4
2014-04-01,2014-04,2014,2014Q2,South-East - houses,South-East,Houses,0.6,6.2,4.0,83.0
2014-04-01,2014-04,2014,2014Q2,South-West - houses,South-West,Houses,0.4,6.3,0.9,85.3
2014-04-01,2014-04,2014,2014Q2,West - houses,West,Houses,1.9,-0.4,-1.4,93.5
2014-05-01,2014-05,2014,2014Q2,Border - houses,Border,Houses,2.6,3.9,3.2,90.8
2014-05-01,2014-05,2014,2014Q2,Dublin - all residential properties,Dublin,All residential,3.5,26.2,8.2,87.2
2014-05-01,2014-05,2014,2014Q2,Dublin - apartments,Dublin,Apartments,4.0,22.4,7.7,84.6
2014-05-01,2014-05,2014,2014Q2,Dublin - houses,Dublin,Houses,3.3,26.5,8.2,87.5
2014-05-01,2014-05,2014,2014Q2,Dublin City - houses,Dublin City,Houses,3.3,29.3,7.1,84.5
2014-05-01,2014-05,2014,2014Q2,Dun Laoghaire-Rathdown - houses,Dun Laoghaire-Rathdown,Houses,0.2,23.6,1.5,89.2
2014-05-01,2014-05,2014,2014Q2,Fingal - houses,Fingal,Houses,4.1,16.1,9.0,83.0
2014-05-01,2014-05,2014,2014Q2,Mid-East - houses,Mid-East,Houses,1.8,10.3,3.4,80.7
2014-05-01,2014-05,2014,2014Q2,Mid-West - houses,Mid-West,Houses,1.3,2.8,-0.6,88.7
2014-05-01,2014-05,2014,2014Q2,Midland - houses,Midland,Houses,0.8,4.2,3.1,86.3
2014-05-01,2014-05,2014,2014Q2,National - all residential properties,National,All residential,2.7,17.4,5.6,86.5
2014-05-01,2014-05,2014,2014Q2,National - apartments,National,Apartments,2.9,15.7,6.5,83.2
2014-05-01,2014-05,2014,2014Q2,National - houses,National,Houses,2.6,17.2,5.4,86.7
2014-05-01,2014-05,2014,2014Q2,National excluding Dublin - all residential properties,National excluding Dublin,All residential,1.6,7.7,2.3,86.0
2014-05-01,2014-05,2014,2014Q2,National excluding Dublin - apartments,National excluding Dublin,Apartments,0.2,2.4,2.7,85.3
2014-05-01,2014-05,2014,2014Q2,National excluding Dublin - houses,National excluding Dublin,Houses,1.7,7.9,2.4,86.0
2014-05-01,2014-05,2014,2014Q2,South Dublin - houses,South Dublin,Houses,3.1,22.8,9.5,88.1
2014-05-01,2014-05,2014,2014Q2,South-East - houses,South-East,Houses,1.6,8.5,4.0,84.4
2014-05-01,2014-05,2014,2014Q2,South-West - houses,South-West,Houses,-0.1,8.7,0.4,85.2
2014-05-01,2014-05,2014,2014Q2,West - houses,West,Houses,0.8,1.8,0.8,94.3
2014-06-01,2014-06,2014,2014Q2,Border - houses,Border,Houses,-3.4,1.0,1.4,87.7
2014-06-01,2014-06,2014,2014Q2,Dublin - all residential properties,Dublin,All residential,4.2,26.9,11.0,90.8
2014-06-01,2014-06,2014,2014Q2,Dublin - apartments,Dublin,Apartments,3.0,24.6,9.2,87.1
2014-06-01,2014-06,2014,2014Q2,Dublin - houses,Dublin,Houses,4.4,27.1,11.2,91.4
2014-06-01,2014-06,2014,2014Q2,Dublin City - houses,Dublin City,Houses,3.8,31.5,10.4,87.7
2014-06-01,2014-06,2014,2014Q2,Dun Laoghaire-Rathdown - houses,Dun Laoghaire-Rathdown,Houses,2.9,23.0,3.8,91.9
2014-06-01,2014-06,2014,2014Q2,Fingal - houses,Fingal,Houses,4.1,19.6,10.4,86.4
2014-06-01,2014-06,2014,2014Q2,Mid-East - houses,Mid-East,Houses,2.4,13.9,5.0,82.6
2014-06-01,2014-06,2014,2014Q2,Mid-West - houses,Mid-West,Houses,1.8,6.7,2.3,90.3
2014-06-01,2014-06,2014,2014Q2,Midland - houses,Midland,Houses,2.6,5.0,5.5,88.5
2014-06-01,2014-06,2014,2014Q2,National - all residential properties,National,All residential,2.9,17.8,7.9,89.0
2014-06-01,2014-06,2014,2014Q2,National - apartments,National,Apartments,2.7,18.4,7.6,85.5
2014-06-01,2014-06,2014,2014Q2,National - houses,National,Houses,2.9,17.4,7.8,89.2
2014-06-01,2014-06,2014,2014Q2,National excluding Dublin - all residential properties,National excluding Dublin,All residential,1.2,7.6,4.1,87.0
2014-06-01,2014-06,2014,2014Q2,National excluding Dublin - apartments,National excluding Dublin,Apartments,1.9,6.4,3.4,86.9
2014-06-01,2014-06,2014,2014Q2,National excluding Dublin - houses,National excluding Dublin,Houses,1.2,7.7,4.1,87.0
2014-06-01,2014-06,2014,2014Q2,South Dublin - houses,South Dublin,Houses,2.2,24.2,9.3,90.0
2014-06-01,2014-06,2014,2014Q2,South-East - houses,South-East,Houses,0.5,9.5,2.7,84.8
2014-06-01,2014-06,2014,2014Q2,South-West - houses,South-West,Houses,0.3,7.1,0.6,85.4
2014-06-01,2014-06,2014,2014Q2,West - houses,West,Houses,0.9,0.3,3.6,95.1
2014-07-01,2014-07,2014,2014Q3,Border - houses,Border,Houses,0.2,-1.9,-0.7,87.8
2014-07-01,2014-07,2014,2014Q3,Dublin - all residential properties,Dublin,All residential,4.1,27.3,12.2,94.5
2014-07-01,2014-07,2014,2014Q3,Dublin - apartments,Dublin,Apartments,2.6,26.3,9.9,89.4
2014-07-01,2014-07,2014,2014Q3,Dublin - houses,Dublin,Houses,4.4,27.4,12.6,95.4
2014-07-01,2014-07,2014,2014Q3,Dublin City - houses,Dublin City,Houses,4.5,33.8,12.1,91.7
2014-07-01,2014-07,2014,2014Q3,Dun Laoghaire-Rathdown - houses,Dun Laoghaire-Rathdown,Houses,3.2,22.2,6.4,94.8
2014-07-01,2014-07,2014,2014Q3,Fingal - houses,Fingal,Houses,3.6,22.0,12.2,89.5
2014-07-01,2014-07,2014,2014Q3,Mid-East - houses,Mid-East,Houses,2.3,16.7,6.6,84.5
2014-07-01,2014-07,2014,2014Q3,Mid-West - houses,Mid-West,Houses,0.1,6.4,3.2,90.4
2014-07-01,2014-07,2014,2014Q3,Midland - houses,Midland,Houses,-0.2,5.4,3.3,88.4
2014-07-01,2014-07,2014,2014Q3,National - all residential properties,National,All residential,3.0,18.6,8.9,91.7
2014-07-01,2014-07,2014,2014Q3,National - apartments,National,Apartments,2.9,20.9,8.7,88.0
2014-07-01,2014-07,2014,2014Q3,National - houses,National,Houses,3.1,18.0,8.8,92.0
2014-07-01,2014-07,2014,2014Q3,National excluding Dublin - all residential properties,National excluding Dublin,All residential,1.7,8.4,4.6,88.5
2014-07-01,2014-07,2014,2014Q3,National excluding Dublin - apartments,National excluding Dublin,Apartments,4.1,10.1,6.4,90.5
2014-07-01,2014-07,2014,2014Q3,National excluding Dublin - houses,National excluding Dublin,Houses,1.5,8.3,4.5,88.4
2014-07-01,2014-07,2014,2014Q3,South Dublin - houses,South Dublin,Houses,3.2,26.5,8.7,92.9
2014-07-01,2014-07,2014,2014Q3,South-East - houses,South-East,Houses,-0.1,9.1,2.1,84.7
2014-07-01,2014-07,2014,2014Q3,South-West - houses,South-West,Houses,2.4,9.5,2.5,87.4
2014-07-01,2014-07,2014,2014Q3,West - houses,West,Houses,0.5,0.9,2.2,95.6
2014-08-01,2014-08,2014,2014Q3,Border - houses,Border,Houses,2.8,0.5,-0.5,90.3
2014-08-01,2014-08,2014,2014Q3,Dublin - all residential properties,Dublin,All residential,2.2,27.0,10.8,96.6
2014-08-01,2014-08,2014,2014Q3,Dublin - apartments,Dublin,Apartments,4.8,31.8,10.8,93.7
2014-08-01,2014-08,2014,2014Q3,Dublin - houses,Dublin,Houses,1.7,26.1,10.8,97.0
2014-08-01,2014-08,2014,2014Q3,Dublin City - houses,Dublin City,Houses,2.5,33.4,11.3,94.0
2014-08-01,2014-08,2014,2014Q3,Dun Laoghaire-Rathdown - houses,Dun Laoghaire-Rathdown,Houses,2.4,22.1,8.7,97.0
2014-08-01,2014-08,2014,2014Q3,Fingal - houses,Fingal,Houses,2.1,22.3,10.1,91.4
2014-08-01,2014-08,2014,2014Q3,Mid-East - houses,Mid-East,Houses,2.5,19.4,7.4,86.7
2014-08-01,2014-08,2014,2014Q3,Mid-West - houses,Mid-West,Houses,-1.0,3.0,0.9,89.5
2014-08-01,2014-08,2014,2014Q3,Midland - houses,Midland,Houses,0.6,10.7,3.1,88.9
2014-08-01,2014-08,2014,2014Q3,National - all residential properties,National,All residential,2.0,19.3,8.1,93.6
2014-08-01,2014-08,2014,2014Q3,National - apartments,National,Apartments,3.8,25.0,9.7,91.3
2014-08-01,2014-08,2014,2014Q3,National - houses,National,Houses,1.7,18.3,7.8,93.5
2014-08-01,2014-08,2014,2014Q3,National excluding Dublin - all residential properties,National excluding Dublin,All residential,1.7,10.1,4.7,90.0
2014-08-01,2014-08,2014,2014Q3,National excluding Dublin - apartments,National excluding Dublin,Apartments,1.3,10.6,7.5,91.7
2014-08-01,2014-08,2014,2014Q3,National excluding Dublin - houses,National excluding Dublin,Houses,1.7,10.1,4.5,89.9
2014-08-01,2014-08,2014,2014Q3,South Dublin - houses,South Dublin,Houses,2.8,27.5,8.4,95.5
2014-08-01,2014-08,2014,2014Q3,South-East - houses,South-East,Houses,1.0,11.9,1.4,85.6
2014-08-01,2014-08,2014,2014Q3,South-West - houses,South-West,Houses,1.6,10.4,4.3,88.8
2014-08-01,2014-08,2014,2014Q3,West - houses,West,Houses,1.0,2.0,2.4,96.6
2014-09-01,2014-09,2014,2014Q3,Border - houses,Border,Houses,0.6,-0.8,3.6,90.9
2014-09-01,2014-09,2014,2014Q3,Dublin - all residential properties,Dublin,All residential,2.4,27.9,9.0,99.0
2014-09-01,2014-09,2014,2014Q3,Dublin - apartments,Dublin,Apartments,5.6,38.1,13.6,98.9
2014-09-01,2014-09,2014,2014Q3,Dublin - houses,Dublin,Houses,1.8,25.9,8.0,98.7
2014-09-01,2014-09,2014,2014Q3,Dublin City - houses,Dublin City,Houses,3.1,33.8,10.5,97.0
2014-09-01,2014-09,2014,2014Q3,Dun Laoghaire-Rathdown - houses,Dun Laoghaire-Rathdown,Houses,2.3,22.4,8.0,99.2
2014-09-01,2014-09,2014,2014Q3,Fingal - houses,Fingal,Houses,2.2,22.4,8.1,93.4
2014-09-01,2014-09,2014,2014Q3,Mid-East - houses,Mid-East,Houses,2.4,19.6,7.4,88.7
2014-09-01,2014-09,2014,2014Q3,Mid-West - houses,Mid-West,Houses,0.8,3.1,-0.1,90.2
2014-09-01,2014-09,2014,2014Q3,Midland - houses,Midland,Houses,1.3,11.3,1.8,90.1
2014-09-01,2014-09,2014,2014Q3,National - all residential properties,National,All residential,2.1,19.9,7.3,95.6
2014-09-01,2014-09,2014,2014Q3,National - apartments,National,Apartments,4.2,30.3,11.3,95.2
2014-09-01,2014-09,2014,2014Q3,National - houses,National,Houses,1.8,18.3,6.7,95.2
2014-09-01,2014-09,2014,2014Q3,National excluding Dublin - all residential properties,National excluding Dublin,All residential,1.7,10.4,5.1,91.5
2014-09-01,2014-09,2014,2014Q3,National excluding Dublin - apartments,National excluding Dublin,Apartments,0.3,13.8,5.8,91.9
2014-09-01,2014-09,2014,2014Q3,National excluding Dublin - houses,National excluding Dublin,Houses,1.8,10.3,5.1,91.5
2014-09-01,2014-09,2014,2014Q3,South Dublin - houses,South Dublin,Houses,1.9,28.3,8.1,97.3
2014-09-01,2014-09,2014,2014Q3,South-East - houses,South-East,Houses,2.4,14.1,3.3,87.6
2014-09-01,2014-09,2014,2014Q3,South-West - houses,South-West,Houses,1.2,10.2,5.2,89.9
2014-09-01,2014-09,2014,2014Q3,West - houses,West,Houses,1.8,5.0,3.4,98.4
2014-10-01,2014-10,2014,2014Q4,Border - houses,Border,Houses,2.6,1.8,6.1,93.2
2014-10-01,2014-10,2014,2014Q4,Dublin - all residential properties,Dublin,All residential,0.6,27.8,5.3,99.5
2014-10-01,2014-10,2014,2014Q4,Dublin - apartments,Dublin,Apartments,2.0,39.0,12.9,101.0
2014-10-01,2014-10,2014,2014Q4,Dublin - houses,Dublin,Houses,0.4,25.8,3.9,99.1
2014-10-01,2014-10,2014,2014Q4,Dublin City - houses,Dublin City,Houses,1.9,34.7,7.8,98.8
2014-10-01,2014-10,2014,2014Q4,Dun Laoghaire-Rathdown - houses,Dun Laoghaire-Rathdown,Houses,1.3,21.4,6.1,100.5
2014-10-01,2014-10,2014,2014Q4,Fingal - houses,Fingal,Houses,1.3,22.0,5.7,94.6
2014-10-01,2014-10,2014,2014Q4,Mid-East - houses,Mid-East,Houses,2.1,21.0,7.1,90.5
2014-10-01,2014-10,2014,2014Q4,Mid-West - houses,Mid-West,Houses,2.0,5.0,1.8,92.0
2014-10-01,2014-10,2014,2014Q4,Midland - houses,Midland,Houses,1.5,13.5,3.5,91.5
2014-10-01,2014-10,2014,2014Q4,National - all residential properties,National,All residential,1.1,20.4,5.3,96.6
2014-10-01,2014-10,2014,2014Q4,National - apartments,National,Apartments,2.2,32.1,10.7,97.3
2014-10-01,2014-10,2014,2014Q4,National - houses,National,Houses,1.1,18.9,4.6,96.2
2014-10-01,2014-10,2014,2014Q4,National excluding Dublin - all residential properties,National excluding Dublin,All residential,1.8,11.7,5.2,93.1
2014-10-01,2014-10,2014,2014Q4,National excluding Dublin - apartments,National excluding Dublin,Apartments,0.2,13.9,1.8,92.1
2014-10-01,2014-10,2014,2014Q4,National excluding Dublin - houses,National excluding Dublin,Houses,1.9,11.7,5.5,93.2
2014-10-01,2014-10,2014,2014Q4,South Dublin - houses,South Dublin,Houses,1.8,29.6,6.7,99.1
2014-10-01,2014-10,2014,2014Q4,South-East - houses,South-East,Houses,2.3,14.2,5.8,89.6
2014-10-01,2014-10,2014,2014Q4,South-West - houses,South-West,Houses,1.7,10.9,4.6,91.4
2014-10-01,2014-10,2014,2014Q4,West - houses,West,Houses,1.0,5.5,3.9,99.3
2014-11-01,2014-11,2014,2014Q4,Border - houses,Border,Houses,1.3,2.5,4.6,94.4
2014-11-01,2014-11,2014,2014Q4,Dublin - all residential properties,Dublin,All residential,-0.2,26.1,2.8,99.3
2014-11-01,2014-11,2014,2014Q4,Dublin - apartments,Dublin,Apartments,0.4,35.7,8.2,101.4
2014-11-01,2014-11,2014,2014Q4,Dublin - houses,Dublin,Houses,-0.1,24.6,2.1,99.0
2014-11-01,2014-11,2014,2014Q4,Dublin City - houses,Dublin City,Houses,1.7,34.3,6.9,100.5
2014-11-01,2014-11,2014,2014Q4,Dun Laoghaire-Rathdown - houses,Dun Laoghaire-Rathdown,Houses,0.2,18.8,3.9,100.8
2014-11-01,2014-11,2014,2014Q4,Fingal - houses,Fingal,Houses,1.1,24.1,4.7,95.7
2014-11-01,2014-11,2014,2014Q4,Mid-East - houses,Mid-East,Houses,2.2,23.3,6.7,92.5
2014-11-01,2014-11,2014,2014Q4,Mid-West - houses,Mid-West,Houses,0.0,6.4,2.8,92.0
2014-11-01,2014-11,2014,2014Q4,Midland - houses,Midland,Houses,-0.5,9.8,2.4,91.0
2014-11-01,2014-11,2014,2014Q4,National - all residential properties,National,All residential,0.3,20.3,3.6,96.9
2014-11-01,2014-11,2014,2014Q4,National - apartments,National,Apartments,1.4,32.3,8.1,98.7
2014-11-01,2014-11,2014,2014Q4,National - houses,National,Houses,0.4,19.1,3.3,96.6
2014-11-01,2014-11,2014,2014Q4,National excluding Dublin - all residential properties,National excluding Dublin,All residential,1.1,13.4,4.6,94.2
2014-11-01,2014-11,2014,2014Q4,National excluding Dublin - apartments,National excluding Dublin,Apartments,1.6,19.1,2.1,93.6
2014-11-01,2014-11,2014,2014Q4,National excluding Dublin - houses,National excluding Dublin,Houses,1.1,13.2,4.8,94.2
2014-11-01,2014-11,2014,2014Q4,South Dublin - houses,South Dublin,Houses,0.7,28.0,4.5,99.8
2014-11-01,2014-11,2014,2014Q4,South-East - houses,South-East,Houses,2.6,16.2,7.4,91.9
2014-11-01,2014-11,2014,2014Q4,South-West - houses,South-West,Houses,1.2,12.0,4.1,92.5
2014-11-01,2014-11,2014,2014Q4,West - houses,West,Houses,1.1,5.7,3.9,100.4
2014-12-01,2014-12,2014,2014Q4,Border - houses,Border,Houses,0.9,4.7,4.8,95.2
2014-12-01,2014-12,2014,2014Q4,Dublin - all residential properties,Dublin,All residential,-1.4,22.7,-1.0,97.9
2014-12-01,2014-12,2014,2014Q4,Dublin - apartments,Dublin,Apartments,-0.8,32.5,1.6,100.5
2014-12-01,2014-12,2014,2014Q4,Dublin - houses,Dublin,Houses,-1.3,21.4,-1.0,97.7
2014-12-01,2014-12,2014,2014Q4,Dublin City - houses,Dublin City,Houses,-0.2,30.5,3.4,100.3
2014-12-01,2014-12,2014,2014Q4,Dun Laoghaire-Rathdown - houses,Dun Laoghaire-Rathdown,Houses,-0.1,17.3,1.4,100.6
2014-12-01,2014-12,2014,2014Q4,Fingal - houses,Fingal,Houses,0.3,23.2,2.7,96.0
2014-12-01,2014-12,2014,2014Q4,Mid-East - houses,Mid-East,Houses,1.5,23.1,5.8,93.9
2014-12-01,2014-12,2014,2014Q4,Mid-West - houses,Mid-West,Houses,1.0,6.0,3.0,93.0
2014-12-01,2014-12,2014,2014Q4,Midland - houses,Midland,Houses,0.5,8.7,1.6,91.5
2014-12-01,2014-12,2014,2014Q4,National - all residential properties,National,All residential,-0.7,18.0,0.7,96.2
2014-12-01,2014-12,2014,2014Q4,National - apartments,National,Apartments,0.4,30.7,4.1,99.1
2014-12-01,2014-12,2014,2014Q4,National - houses,National,Houses,-0.6,17.0,0.9,96.0
2014-12-01,2014-12,2014,2014Q4,National excluding Dublin - all residential properties,National excluding Dublin,All residential,0.2,12.4,3.1,94.3
2014-12-01,2014-12,2014,2014Q4,National excluding Dublin - apartments,National excluding Dublin,Apartments,0.3,16.0,2.1,93.9
2014-12-01,2014-12,2014,2014Q4,National excluding Dublin - houses,National excluding Dublin,Houses,0.2,12.3,3.2,94.4
2014-12-01,2014-12,2014,2014Q4,South Dublin - houses,South Dublin,Houses,0.0,26.4,2.5,99.7
2014-12-01,2014-12,2014,2014Q4,South-East - houses,South-East,Houses,1.4,17.4,6.4,93.2
2014-12-01,2014-12,2014,2014Q4,South-West - houses,South-West,Houses,1.4,11.2,4.3,93.8
2014-12-01,2014-12,2014,2014Q4,West - houses,West,Houses,-1.8,4.5,0.3,98.6
2015-01-01,2015-01,2015,2015Q1,Border - houses,Border,Houses,-0.7,7.5,1.5,94.6
2015-01-01,2015-01,2015,2015Q1,Dublin - all residential properties,Dublin,All residential,0.4,22.7,-1.2,98.3
2015-01-01,2015-01,2015,2015Q1,Dublin - apartments,Dublin,Apartments,0.4,28.8,-0.1,100.9
2015-01-01,2015-01,2015,2015Q1,Dublin - houses,Dublin,Houses,0.4,22.0,-1.1,98.0
2015-01-01,2015-01,2015,2015Q1,Dublin City - houses,Dublin City,Houses,0.2,29.7,1.7,100.5
2015-01-01,2015-01,2015,2015Q1,Dun Laoghaire-Rathdown - houses,Dun Laoghaire-Rathdown,Houses,-0.9,14.4,-0.8,99.8
2015-01-01,2015-01,2015,2015Q1,Fingal - houses,Fingal,Houses,1.7,27.3,3.2,97.6
2015-01-01,2015-01,2015,2015Q1,Mid-East - houses,Mid-East,Houses,1.6,23.8,5.4,95.4
2015-01-01,2015-01,2015,2015Q1,Mid-West - houses,Mid-West,Houses,1.9,6.0,2.9,94.7
2015-01-01,2015-01,2015,2015Q1,Midland - houses,Midland,Houses,3.4,13.7,3.4,94.6
2015-01-01,2015-01,2015,2015Q1,National - all residential properties,National,All residential,0.3,18.3,-0.1,96.5
2015-01-01,2015-01,2015,2015Q1,National - apartments,National,Apartments,0.8,29.2,2.6,99.9
2015-01-01,2015-01,2015,2015Q1,National - houses,National,Houses,0.3,17.5,0.1,96.3
2015-01-01,2015-01,2015,2015Q1,National excluding Dublin - all residential properties,National excluding Dublin,All residential,0.3,13.1,1.6,94.6
2015-01-01,2015-01,2015,2015Q1,National excluding Dublin - apartments,National excluding Dublin,Apartments,0.5,17.7,2.4,94.3
2015-01-01,2015-01,2015,2015Q1,National excluding Dublin - houses,National excluding Dublin,Houses,0.3,12.9,1.6,94.7
2015-01-01,2015-01,2015,2015Q1,South Dublin - houses,South Dublin,Houses,1.7,27.1,2.4,101.4
2015-01-01,2015-01,2015,2015Q1,South-East - houses,South-East,Houses,1.4,18.4,5.5,94.5
2015-01-01,2015-01,2015,2015Q1,South-West - houses,South-West,Houses,0.3,11.2,2.8,94.0
2015-01-01,2015-01,2015,2015Q1,West - houses,West,Houses,-1.9,2.0,-2.6,96.8
2015-02-01,2015-02,2015,2015Q1,Border - houses,Border,Houses,0.4,8.0,0.6,95.0
2015-02-01,2015-02,2015,2015Q1,Dublin - all residential properties,Dublin,All residential,-0.4,21.5,-1.4,97.9
2015-02-01,2015-02,2015,2015Q1,Dublin - apartments,Dublin,Apartments,-1.7,26.4,-2.1,99.2
2015-02-01,2015-02,2015,2015Q1,Dublin - houses,Dublin,Houses,-0.1,21.0,-1.1,97.9
2015-02-01,2015-02,2015,2015Q1,Dublin City - houses,Dublin City,Houses,0.3,27.7,0.2,100.8
2015-02-01,2015-02,2015,2015Q1,Dun Laoghaire-Rathdown - houses,Dun Laoghaire-Rathdown,Houses,-1.6,11.6,-2.6,98.1
2015-02-01,2015-02,2015,2015Q1,Fingal - houses,Fingal,Houses,0.6,28.9,2.7,98.2
2015-02-01,2015-02,2015,2015Q1,Mid-East - houses,Mid-East,Houses,0.7,23.1,3.9,96.1
2015-02-01,2015-02,2015,2015Q1,Mid-West - houses,Mid-West,Houses,-0.6,5.4,2.3,94.1
2015-02-01,2015-02,2015,2015Q1,Midland - houses,Midland,Houses,0.5,13.7,4.4,95.1
2015-02-01,2015-02,2015,2015Q1,National - all residential properties,National,All residential,-0.3,17.4,-0.7,96.2
2015-02-01,2015-02,2015,2015Q1,National - apartments,National,Apartments,-0.8,26.8,0.4,99.1
2015-02-01,2015-02,2015,2015Q1,National - houses,National,Houses,-0.1,16.9,-0.5,96.2
2015-02-01,2015-02,2015,2015Q1,National excluding Dublin - all residential properties,National excluding Dublin,All residential,-0.1,12.5,0.4,94.5
2015-02-01,2015-02,2015,2015Q1,National excluding Dublin - apartments,National excluding Dublin,Apartments,-0.6,12.9,0.2,93.7
2015-02-01,2015-02,2015,2015Q1,National excluding Dublin - houses,National excluding Dublin,Houses,-0.1,12.6,0.4,94.6
2015-02-01,2015-02,2015,2015Q1,South Dublin - houses,South Dublin,Houses,0.6,26.8,2.3,102.0
2015-02-01,2015-02,2015,2015Q1,South-East - houses,South-East,Houses,1.0,17.6,3.8,95.4
2015-02-01,2015-02,2015,2015Q1,South-West - houses,South-West,Houses,1.0,11.9,2.6,94.9
2015-02-01,2015-02,2015,2015Q1,West - houses,West,Houses,-1.1,2.2,-4.7,95.7
2015-03-01,2015-03,2015,2015Q1,Border - houses,Border,Houses,0.8,10.7,0.5,95.7
2015-03-01,2015-03,2015,2015Q1,Dublin - all residential properties,Dublin,All residential,-0.1,19.6,-0.1,97.8
2015-03-01,2015-03,2015,2015Q1,Dublin - apartments,Dublin,Apartments,-3.6,19.9,-4.9,95.6
2015-03-01,2015-03,2015,2015Q1,Dublin - houses,Dublin,Houses,0.8,20.1,1.0,98.7
2015-03-01,2015-03,2015,2015Q1,Dublin City - houses,Dublin City,Houses,-0.6,26.0,-0.1,100.2
2015-03-01,2015-03,2015,2015Q1,Dun Laoghaire-Rathdown - houses,Dun Laoghaire-Rathdown,Houses,1.2,12.2,-1.3,99.3
2015-03-01,2015-03,2015,2015Q1,Fingal - houses,Fingal,Houses,0.3,25.9,2.7,98.5
2015-03-01,2015-03,2015,2015Q1,Mid-East - houses,Mid-East,Houses,0.3,22.6,2.7,96.4
2015-03-01,2015-03,2015,2015Q1,Mid-West - houses,Mid-West,Houses,1.5,8.2,2.7,95.5
2015-03-01,2015-03,2015,2015Q1,Midland - houses,Midland,Houses,1.3,14.8,5.3,96.4
2015-03-01,2015-03,2015,2015Q1,National - all residential properties,National,All residential,0.3,17.0,0.3,96.5
2015-03-01,2015-03,2015,2015Q1,National - apartments,National,Apartments,-1.2,23.3,-1.1,98.0
2015-03-01,2015-03,2015,2015Q1,National - houses,National,Houses,0.6,16.9,0.7,96.7
2015-03-01,2015-03,2015,2015Q1,National excluding Dublin - all residential properties,National excluding Dublin,All residential,0.7,13.8,0.9,95.2
2015-03-01,2015-03,2015,2015Q1,National excluding Dublin - apartments,National excluding Dublin,Apartments,4.5,16.5,4.3,97.9
2015-03-01,2015-03,2015,2015Q1,National excluding Dublin - houses,National excluding Dublin,Houses,0.4,13.6,0.6,94.9
2015-03-01,2015-03,2015,2015Q1,South Dublin - houses,South Dublin,Houses,0.1,24.0,2.4,102.1
2015-03-01,2015-03,2015,2015Q1,South-East - houses,South-East,Houses,-0.7,14.8,1.6,94.8
2015-03-01,2015-03,2015,2015Q1,South-West - houses,South-West,Houses,0.6,12.5,1.9,95.5
2015-03-01,2015-03,2015,2015Q1,West - houses,West,Houses,0.3,4.5,-2.7,96.0
2015-04-01,2015-04,2015,2015Q2,Border - houses,Border,Houses,0.2,8.5,1.4,95.9
2015-04-01,2015-04,2015,2015Q2,Dublin - all residential properties,Dublin,All residential,0.1,16.3,-0.4,97.9
2015-04-01,2015-04,2015,2015Q2,Dublin - apartments,Dublin,Apartments,-0.3,17.2,-5.5,95.3
2015-04-01,2015-04,2015,2015Q2,Dublin - houses,Dublin,Houses,0.0,16.5,0.6,98.7
2015-04-01,2015-04,2015,2015Q2,Dublin City - houses,Dublin City,Houses,-1.0,21.2,-1.3,99.2
2015-04-01,2015-04,2015,2015Q2,Dun Laoghaire-Rathdown - houses,Dun Laoghaire-Rathdown,Houses,0.6,12.2,0.1,99.9
2015-04-01,2015-04,2015,2015Q2,Fingal - houses,Fingal,Houses,-0.3,23.3,0.7,98.3
2015-04-01,2015-04,2015,2015Q2,Mid-East - houses,Mid-East,Houses,1.1,22.9,2.1,97.4
2015-04-01,2015-04,2015,2015Q2,Mid-West - houses,Mid-West,Houses,1.1,10.2,2.0,96.6
2015-04-01,2015-04,2015,2015Q2,Midland - houses,Midland,Houses,-0.9,11.7,1.0,95.5
2015-04-01,2015-04,2015,2015Q2,National - all residential properties,National,All residential,0.8,15.5,0.8,97.3
2015-04-01,2015-04,2015,2015Q2,National - apartments,National,Apartments,-0.6,20.4,-2.5,97.4
2015-04-01,2015-04,2015,2015Q2,National - houses,National,Houses,0.9,15.5,1.4,97.6
2015-04-01,2015-04,2015,2015Q2,National excluding Dublin - all residential properties,National excluding Dublin,All residential,1.6,14.3,2.2,96.7
2015-04-01,2015-04,2015,2015Q2,National excluding Dublin - apartments,National excluding Dublin,Apartments,-0.7,14.3,3.1,97.2
2015-04-01,2015-04,2015,2015Q2,National excluding Dublin - houses,National excluding Dublin,Houses,1.8,14.3,2.1,96.7
2015-04-01,2015-04,2015,2015Q2,South Dublin - houses,South Dublin,Houses,-0.5,19.0,0.2,101.6
2015-04-01,2015-04,2015,2015Q2,South-East - houses,South-East,Houses,2.1,16.5,2.3,96.7
2015-04-01,2015-04,2015,2015Q2,South-West - houses,South-West,Houses,2.0,14.3,3.6,97.4
2015-04-01,2015-04,2015,2015Q2,West - houses,West,Houses,0.9,3.6,0.1,96.9
2015-05-01,2015-05,2015,2015Q2,Border - houses,Border,Houses,0.7,6.4,1.7,96.6
2015-05-01,2015-05,2015,2015Q2,Dublin - all residential properties,Dublin,All residential,0.6,13.0,0.7,98.5
2015-05-01,2015-05,2015,2015Q2,Dublin - apartments,Dublin,Apartments,1.2,14.1,-2.8,96.5
2015-05-01,2015-05,2015,2015Q2,Dublin - houses,Dublin,Houses,0.2,13.0,1.0,98.9
2015-05-01,2015-05,2015,2015Q2,Dublin City - houses,Dublin City,Houses,-0.1,17.3,-1.7,99.1
2015-05-01,2015-05,2015,2015Q2,Dun Laoghaire-Rathdown - houses,Dun Laoghaire-Rathdown,Houses,-0.9,10.9,0.9,99.0
2015-05-01,2015-05,2015,2015Q2,Fingal - houses,Fingal,Houses,1.1,19.7,1.2,99.4
2015-05-01,2015-05,2015,2015Q2,Mid-East - houses,Mid-East,Houses,1.0,22.0,2.4,98.4
2015-05-01,2015-05,2015,2015Q2,Mid-West - houses,Mid-West,Houses,2.6,11.7,5.3,99.1
2015-05-01,2015-05,2015,2015Q2,Midland - houses,Midland,Houses,0.2,11.0,0.7,95.8
2015-05-01,2015-05,2015,2015Q2,National - all residential properties,National,All residential,1.2,13.7,2.3,98.4
2015-05-01,2015-05,2015,2015Q2,National - apartments,National,Apartments,0.3,17.3,-1.5,97.7
2015-05-01,2015-05,2015,2015Q2,National - houses,National,Houses,1.1,13.7,2.6,98.7
2015-05-01,2015-05,2015,2015Q2,National excluding Dublin - all residential properties,National excluding Dublin,All residential,1.7,14.4,4.1,98.4
2015-05-01,2015-05,2015,2015Q2,National excluding Dublin - apartments,National excluding Dublin,Apartments,0.2,14.3,4.0,97.5
2015-05-01,2015-05,2015,2015Q2,National excluding Dublin - houses,National excluding Dublin,Houses,1.8,14.4,4.0,98.4
2015-05-01,2015-05,2015,2015Q2,South Dublin - houses,South Dublin,Houses,-1.0,14.2,-1.4,100.6
2015-05-01,2015-05,2015,2015Q2,South-East - houses,South-East,Houses,1.5,16.4,2.9,98.2
2015-05-01,2015-05,2015,2015Q2,South-West - houses,South-West,Houses,1.3,15.9,4.0,98.7
2015-05-01,2015-05,2015,2015Q2,West - houses,West,Houses,1.2,3.9,2.4,98.0
2015-06-01,2015-06,2015,2015Q2,Border - houses,Border,Houses,1.9,12.2,2.8,98.4
2015-06-01,2015-06,2015,2015Q2,Dublin - all residential properties,Dublin,All residential,1.4,10.0,2.1,99.9
2015-06-01,2015-06,2015,2015Q2,Dublin - apartments,Dublin,Apartments,2.4,13.5,3.4,98.8
2015-06-01,2015-06,2015,2015Q2,Dublin - houses,Dublin,Houses,0.9,9.3,1.2,99.8
2015-06-01,2015-06,2015,2015Q2,Dublin City - houses,Dublin City,Houses,0.2,13.2,-0.9,99.3
2015-06-01,2015-06,2015,2015Q2,Dun Laoghaire-Rathdown - houses,Dun Laoghaire-Rathdown,Houses,0.5,8.3,0.2,99.4
2015-06-01,2015-06,2015,2015Q2,Fingal - houses,Fingal,Houses,0.5,15.7,1.4,99.9
2015-06-01,2015-06,2015,2015Q2,Mid-East - houses,Mid-East,Houses,1.3,20.7,3.4,99.7
2015-06-01,2015-06,2015,2015Q2,Mid-West - houses,Mid-West,Houses,1.6,11.5,5.5,100.7
2015-06-01,2015-06,2015,2015Q2,Midland - houses,Midland,Houses,1.2,9.5,0.6,96.9
2015-06-01,2015-06,2015,2015Q2,National - all residential properties,National,All residential,1.6,12.3,3.6,100.0
2015-06-01,2015-06,2015,2015Q2,National - apartments,National,Apartments,1.2,15.6,0.9,98.8
2015-06-01,2015-06,2015,2015Q2,National - houses,National,Houses,1.4,12.1,3.4,100.0
2015-06-01,2015-06,2015,2015Q2,National excluding Dublin - all residential properties,National excluding Dublin,All residential,1.8,15.1,5.2,100.1
2015-06-01,2015-06,2015,2015Q2,National excluding Dublin - apartments,National excluding Dublin,Apartments,1.6,13.9,1.1,99.0
2015-06-01,2015-06,2015,2015Q2,National excluding Dublin - houses,National excluding Dublin,Houses,1.8,15.1,5.5,100.2
2015-06-01,2015-06,2015,2015Q2,South Dublin - houses,South Dublin,Houses,-0.6,11.2,-2.0,100.0
2015-06-01,2015-06,2015,2015Q2,South-East - houses,South-East,Houses,1.4,17.5,5.1,99.6
2015-06-01,2015-06,2015,2015Q2,South-West - houses,South-West,Houses,0.7,16.3,4.0,99.4
2015-06-01,2015-06,2015,2015Q2,West - houses,West,Houses,2.5,5.6,4.8,100.5
2015-07-01,2015-07,2015,2015Q3,Border - houses,Border,Houses,1.5,13.7,4.1,99.8
2015-07-01,2015-07,2015,2015Q3,Dublin - all residential properties,Dublin,All residential,0.5,6.3,2.6,100.4
2015-07-01,2015-07,2015,2015Q3,Dublin - apartments,Dublin,Apartments,1.8,12.5,5.5,100.6
2015-07-01,2015-07,2015,2015Q3,Dublin - houses,Dublin,Houses,0.2,4.9,1.4,100.0
2015-07-01,2015-07,2015,2015Q3,Dublin City - houses,Dublin City,Houses,-0.2,8.0,-0.1,99.1
2015-07-01,2015-07,2015,2015Q3,Dun Laoghaire-Rathdown - houses,Dun Laoghaire-Rathdown,Houses,0.1,5.1,-0.3,99.6
2015-07-01,2015-07,2015,2015Q3,Fingal - houses,Fingal,Houses,0.2,11.9,1.9,100.1
2015-07-01,2015-07,2015,2015Q3,Mid-East - houses,Mid-East,Houses,1.2,19.4,3.6,100.9
2015-07-01,2015-07,2015,2015Q3,Mid-West - houses,Mid-West,Houses,1.4,13.0,5.8,102.1
2015-07-01,2015-07,2015,2015Q3,Midland - houses,Midland,Houses,1.2,11.0,2.7,98.1
2015-07-01,2015-07,2015,2015Q3,National - all residential properties,National,All residential,0.8,9.9,3.6,100.8
2015-07-01,2015-07,2015,2015Q3,National - apartments,National,Apartments,0.9,13.3,2.3,99.7
2015-07-01,2015-07,2015,2015Q3,National - houses,National,Houses,0.6,9.5,3.1,100.7
2015-07-01,2015-07,2015,2015Q3,National excluding Dublin - all residential properties,National excluding Dublin,All residential,1.1,14.3,4.6,101.2
2015-07-01,2015-07,2015,2015Q3,National excluding Dublin - apartments,National excluding Dublin,Apartments,1.0,10.4,2.8,100.0
2015-07-01,2015-07,2015,2015Q3,National excluding Dublin - houses,National excluding Dublin,Houses,1.1,14.6,4.8,101.3
2015-07-01,2015-07,2015,2015Q3,South Dublin - houses,South Dublin,Houses,-0.5,7.2,-2.1,99.5
2015-07-01,2015-07,2015,2015Q3,South-East - houses,South-East,Houses,1.4,19.2,4.5,101.0
2015-07-01,2015-07,2015,2015Q3,South-West - houses,South-West,Houses,0.6,14.4,2.6,100.0
2015-07-01,2015-07,2015,2015Q3,West - houses,West,Houses,0.7,5.9,4.5,101.2
2015-08-01,2015-08,2015,2015Q3,Border - houses,Border,Houses,3.2,14.1,6.7,103.0
2015-08-01,2015-08,2015,2015Q3,Dublin - all residential properties,Dublin,All residential,1.0,4.9,2.9,101.4
2015-08-01,2015-08,2015,2015Q3,Dublin - apartments,Dublin,Apartments,1.2,8.6,5.5,101.8
2015-08-01,2015-08,2015,2015Q3,Dublin - houses,Dublin,Houses,1.0,4.2,2.1,101.0
2015-08-01,2015-08,2015,2015Q3,Dublin City - houses,Dublin City,Houses,0.7,6.1,0.7,99.7
2015-08-01,2015-08,2015,2015Q3,Dun Laoghaire-Rathdown - houses,Dun Laoghaire-Rathdown,Houses,0.3,3.0,1.0,99.9
2015-08-01,2015-08,2015,2015Q3,Fingal - houses,Fingal,Houses,0.6,10.2,1.4,100.7
2015-08-01,2015-08,2015,2015Q3,Mid-East - houses,Mid-East,Houses,0.8,17.3,3.3,101.7
2015-08-01,2015-08,2015,2015Q3,Mid-West - houses,Mid-West,Houses,0.3,14.4,3.4,102.5
2015-08-01,2015-08,2015,2015Q3,Midland - houses,Midland,Houses,3.9,14.6,6.4,102.0
2015-08-01,2015-08,2015,2015Q3,National - all residential properties,National,All residential,1.2,9.0,3.6,102.0
2015-08-01,2015-08,2015,2015Q3,National - apartments,National,Apartments,1.1,10.4,3.2,100.8
2015-08-01,2015-08,2015,2015Q3,National - houses,National,Houses,1.1,8.9,3.2,101.8
2015-08-01,2015-08,2015,2015Q3,National excluding Dublin - all residential properties,National excluding Dublin,All residential,1.4,14.0,4.3,102.6
2015-08-01,2015-08,2015,2015Q3,National excluding Dublin - apartments,National excluding Dublin,Apartments,2.9,12.2,5.5,102.9
2015-08-01,2015-08,2015,2015Q3,National excluding Dublin - houses,National excluding Dublin,Houses,1.3,14.1,4.2,102.6
2015-08-01,2015-08,2015,2015Q3,South Dublin - houses,South Dublin,Houses,0.0,4.2,-1.1,99.5
2015-08-01,2015-08,2015,2015Q3,South-East - houses,South-East,Houses,2.0,20.4,4.9,103.0
2015-08-01,2015-08,2015,2015Q3,South-West - houses,South-West,Houses,1.2,13.9,2.5,101.2
2015-08-01,2015-08,2015,2015Q3,West - houses,West,Houses,0.4,5.1,3.6,101.6
2015-09-01,2015-09,2015,2015Q3,Border - houses,Border,Houses,1.5,15.0,6.2,104.5
2015-09-01,2015-09,2015,2015Q3,Dublin - all residential properties,Dublin,All residential,0.0,2.4,1.5,101.4
2015-09-01,2015-09,2015,2015Q3,Dublin - apartments,Dublin,Apartments,0.9,3.8,3.9,102.7
2015-09-01,2015-09,2015,2015Q3,Dublin - houses,Dublin,Houses,-0.1,2.2,1.1,100.9
2015-09-01,2015-09,2015,2015Q3,Dublin City - houses,Dublin City,Houses,-0.5,2.4,0.0,99.3
2015-09-01,2015-09,2015,2015Q3,Dun Laoghaire-Rathdown - houses,Dun Laoghaire-Rathdown,Houses,0.4,1.1,0.9,100.3
2015-09-01,2015-09,2015,2015Q3,Fingal - houses,Fingal,Houses,0.2,8.0,1.0,101.0
2015-09-01,2015-09,2015,2015Q3,Mid-East - houses,Mid-East,Houses,0.8,15.5,2.8,102.5
2015-09-01,2015-09,2015,2015Q3,Mid-West - houses,Mid-West,Houses,1.0,14.6,2.7,103.4
2015-09-01,2015-09,2015,2015Q3,Midland - houses,Midland,Houses,2.3,15.7,7.6,104.3
2015-09-01,2015-09,2015,2015Q3,National - all residential properties,National,All residential,0.4,7.1,2.3,102.4
2015-09-01,2015-09,2015,2015Q3,National - apartments,National,Apartments,0.8,6.7,2.8,101.6
2015-09-01,2015-09,2015,2015Q3,National - houses,National,Houses,0.3,7.3,2.1,102.2
2015-09-01,2015-09,2015,2015Q3,National excluding Dublin - all residential properties,National excluding Dublin,All residential,0.8,13.0,3.3,103.4
2015-09-01,2015-09,2015,2015Q3,National excluding Dublin - apartments,National excluding Dublin,Apartments,1.1,13.1,5.0,104.0
2015-09-01,2015-09,2015,2015Q3,National excluding Dublin - houses,National excluding Dublin,Houses,0.7,13.0,3.1,103.3
2015-09-01,2015-09,2015,2015Q3,South Dublin - houses,South Dublin,Houses,0.0,2.3,-0.5,99.5
2015-09-01,2015-09,2015,2015Q3,South-East - houses,South-East,Houses,0.6,18.2,4.0,103.6
2015-09-01,2015-09,2015,2015Q3,South-West - houses,South-West,Houses,1.6,14.4,3.5,102.8
2015-09-01,2015-09,2015,2015Q3,West - houses,West,Houses,-0.2,3.0,0.8,101.3
2015-10-01,2015-10,2015,2015Q4,Border - houses,Border,Houses,0.7,12.9,5.4,105.2
2015-10-01,2015-10,2015,2015Q4,Dublin - all residential properties,Dublin,All residential,1.2,3.1,2.2,102.6
2015-10-01,2015-10,2015,2015Q4,Dublin - apartments,Dublin,Apartments,2.5,4.3,4.6,105.3
2015-10-01,2015-10,2015,2015Q4,Dublin - houses,Dublin,Houses,1.0,2.8,1.8,101.9
2015-10-01,2015-10,2015,2015Q4,Dublin City - houses,Dublin City,Houses,1.3,1.7,1.5,100.5
2015-10-01,2015-10,2015,2015Q4,Dun Laoghaire-Rathdown - houses,Dun Laoghaire-Rathdown,Houses,0.1,-0.1,0.8,100.4
2015-10-01,2015-10,2015,2015Q4,Fingal - houses,Fingal,Houses,1.4,8.1,2.2,102.3
2015-10-01,2015-10,2015,2015Q4,Mid-East - houses,Mid-East,Houses,1.3,14.7,2.9,103.8
2015-10-01,2015-10,2015,2015Q4,Mid-West - houses,Mid-West,Houses,-0.5,11.8,0.8,102.9
2015-10-01,2015-10,2015,2015Q4,Midland - houses,Midland,Houses,1.8,16.0,8.2,106.2
2015-10-01,2015-10,2015,2015Q4,National - all residential properties,National,All residential,1.1,7.2,2.7,103.5
2015-10-01,2015-10,2015,2015Q4,National - apartments,National,Apartments,1.7,6.1,3.6,103.3
2015-10-01,2015-10,2015,2015Q4,National - houses,National,Houses,1.0,7.3,2.5,103.2
2015-10-01,2015-10,2015,2015Q4,National excluding Dublin - all residential properties,National excluding Dublin,All residential,1.1,12.2,3.3,104.5
2015-10-01,2015-10,2015,2015Q4,National excluding Dublin - apartments,National excluding Dublin,Apartments,0.4,13.3,4.4,104.4
2015-10-01,2015-10,2015,2015Q4,National excluding Dublin - houses,National excluding Dublin,Houses,1.1,12.1,3.2,104.5
2015-10-01,2015-10,2015,2015Q4,South Dublin - houses,South Dublin,Houses,-0.9,-0.4,-0.9,98.7
2015-10-01,2015-10,2015,2015Q4,South-East - houses,South-East,Houses,0.8,16.5,3.3,104.4
2015-10-01,2015-10,2015,2015Q4,South-West - houses,South-West,Houses,1.8,14.5,4.7,104.7
2015-10-01,2015-10,2015,2015Q4,West - houses,West,Houses,1.6,3.7,1.8,103.0
2015-11-01,2015-11,2015,2015Q4,Border - houses,Border,Houses,-0.2,11.3,2.0,105.1
2015-11-01,2015-11,2015,2015Q4,Dublin - all residential properties,Dublin,All residential,-0.4,2.9,0.8,102.2
2015-11-01,2015-11,2015,2015Q4,Dublin - apartments,Dublin,Apartments,-3.0,0.8,0.4,102.1
2015-11-01,2015-11,2015,2015Q4,Dublin - houses,Dublin,Houses,0.4,3.4,1.3,102.3
2015-11-01,2015-11,2015,2015Q4,Dublin City - houses,Dublin City,Houses,0.7,0.7,1.5,101.3
2015-11-01,2015-11,2015,2015Q4,Dun Laoghaire-Rathdown - houses,Dun Laoghaire-Rathdown,Houses,1.6,1.3,2.1,102.0
2015-11-01,2015-11,2015,2015Q4,Fingal - houses,Fingal,Houses,-0.3,6.7,1.3,102.1
2015-11-01,2015-11,2015,2015Q4,Mid-East - houses,Mid-East,Houses,0.0,12.2,2.1,103.8
2015-11-01,2015-11,2015,2015Q4,Mid-West - houses,Mid-West,Houses,0.7,12.6,1.1,103.6
2015-11-01,2015-11,2015,2015Q4,Midland - houses,Midland,Houses,0.1,16.7,4.2,106.3
2015-11-01,2015-11,2015,2015Q4,National - all residential properties,National,All residential,-0.3,6.5,1.2,103.2
2015-11-01,2015-11,2015,2015Q4,National - apartments,National,Apartments,-1.3,3.3,1.2,102.0
2015-11-01,2015-11,2015,2015Q4,National - houses,National,Houses,0.1,7.0,1.5,103.3
2015-11-01,2015-11,2015,2015Q4,National excluding Dublin - all residential properties,National excluding Dublin,All residential,-0.2,10.7,1.6,104.3
2015-11-01,2015-11,2015,2015Q4,National excluding Dublin - apartments,National excluding Dublin,Apartments,0.3,11.8,1.8,104.7
2015-11-01,2015-11,2015,2015Q4,National excluding Dublin - houses,National excluding Dublin,Houses,-0.2,10.7,1.7,104.3
2015-11-01,2015-11,2015,2015Q4,South Dublin - houses,South Dublin,Houses,-1.4,-2.5,-2.2,97.3
2015-11-01,2015-11,2015,2015Q4,South-East - houses,South-East,Houses,-0.2,13.3,1.1,104.2
2015-11-01,2015-11,2015,2015Q4,South-West - houses,South-West,Houses,0.9,14.2,4.4,105.6
2015-11-01,2015-11,2015,2015Q4,West - houses,West,Houses,1.2,3.9,2.6,104.3
2015-12-01,2015-12,2015,2015Q4,Border - houses,Border,Houses,1.1,11.6,1.6,106.2
2015-12-01,2015-12,2015,2015Q4,Dublin - all residential properties,Dublin,All residential,-0.5,3.8,0.2,101.6
2015-12-01,2015-12,2015,2015Q4,Dublin - apartments,Dublin,Apartments,-1.0,0.6,-1.5,101.2
2015-12-01,2015-12,2015,2015Q4,Dublin - houses,Dublin,Houses,-0.4,4.4,1.0,101.9
2015-12-01,2015-12,2015,2015Q4,Dublin City - houses,Dublin City,Houses,-0.1,0.8,1.8,101.1
2015-12-01,2015-12,2015,2015Q4,Dun Laoghaire-Rathdown - houses,Dun Laoghaire-Rathdown,Houses,0.4,1.8,2.1,102.4
2015-12-01,2015-12,2015,2015Q4,Fingal - houses,Fingal,Houses,-0.3,6.0,0.8,101.7
2015-12-01,2015-12,2015,2015Q4,Mid-East - houses,Mid-East,Houses,0.1,10.7,1.4,103.9
2015-12-01,2015-12,2015,2015Q4,Mid-West - houses,Mid-West,Houses,1.1,12.7,1.3,104.8
2015-12-01,2015-12,2015,2015Q4,Midland - houses,Midland,Houses,2.5,18.9,4.4,108.9
2015-12-01,2015-12,2015,2015Q4,National - all residential properties,National,All residential,-0.2,7.0,0.6,103.0
2015-12-01,2015-12,2015,2015Q4,National - apartments,National,Apartments,-0.3,2.6,0.1,101.7
2015-12-01,2015-12,2015,2015Q4,National - houses,National,Houses,-0.1,7.5,1.1,103.3
2015-12-01,2015-12,2015,2015Q4,National excluding Dublin - all residential properties,National excluding Dublin,All residential,0.2,10.7,1.0,104.4
2015-12-01,2015-12,2015,2015Q4,National excluding Dublin - apartments,National excluding Dublin,Apartments,-0.2,11.3,0.5,104.5
2015-12-01,2015-12,2015,2015Q4,National excluding Dublin - houses,National excluding Dublin,Houses,0.2,10.7,1.1,104.5
2015-12-01,2015-12,2015,2015Q4,South Dublin - houses,South Dublin,Houses,0.2,-2.2,-2.0,97.5
2015-12-01,2015-12,2015,2015Q4,South-East - houses,South-East,Houses,0.4,12.1,0.9,104.5
2015-12-01,2015-12,2015,2015Q4,South-West - houses,South-West,Houses,0.0,12.6,2.7,105.6
2015-12-01,2015-12,2015,2015Q4,West - houses,West,Houses,0.5,6.3,3.4,104.8
2016-01-01,2016-01,2016,2016Q1,Border - houses,Border,Houses,1.9,14.4,2.8,108.2
2016-01-01,2016-01,2016,2016Q1,Dublin - all residential properties,Dublin,All residential,1.4,4.8,0.4,103.1
2016-01-01,2016-01,2016,2016Q1,Dublin - apartments,Dublin,Apartments,1.1,1.3,-2.9,102.2
2016-01-01,2016-01,2016,2016Q1,Dublin - houses,Dublin,Houses,1.4,5.4,1.5,103.3
2016-01-01,2016-01,2016,2016Q1,Dublin City - houses,Dublin City,Houses,0.2,0.8,0.7,101.3
2016-01-01,2016-01,2016,2016Q1,Dun Laoghaire-Rathdown - houses,Dun Laoghaire-Rathdown,Houses,1.3,4.0,3.4,103.8
2016-01-01,2016-01,2016,2016Q1,Fingal - houses,Fingal,Houses,1.6,5.8,1.0,103.3
2016-01-01,2016-01,2016,2016Q1,Mid-East - houses,Mid-East,Houses,-1.0,7.8,-0.9,102.9
2016-01-01,2016-01,2016,2016Q1,Mid-West - houses,Mid-West,Houses,-0.1,10.5,1.7,104.7
2016-01-01,2016-01,2016,2016Q1,Midland - houses,Midland,Houses,1.5,16.8,4.1,110.5
2016-01-01,2016-01,2016,2016Q1,National - all residential properties,National,All residential,0.9,7.7,0.4,104.0
2016-01-01,2016-01,2016,2016Q1,National - apartments,National,Apartments,0.9,2.7,-0.7,102.6
2016-01-01,2016-01,2016,2016Q1,National - houses,National,Houses,0.9,8.2,0.9,104.1
2016-01-01,2016-01,2016,2016Q1,National excluding Dublin - all residential properties,National excluding Dublin,All residential,0.5,10.9,0.4,104.9
2016-01-01,2016-01,2016,2016Q1,National excluding Dublin - apartments,National excluding Dublin,Apartments,0.8,11.6,0.9,105.3
2016-01-01,2016-01,2016,2016Q1,National excluding Dublin - houses,National excluding Dublin,Houses,0.4,10.8,0.4,104.9
2016-01-01,2016-01,2016,2016Q1,South Dublin - houses,South Dublin,Houses,1.6,-2.4,0.4,99.0
2016-01-01,2016-01,2016,2016Q1,South-East - houses,South-East,Houses,0.3,10.9,0.4,104.8
2016-01-01,2016-01,2016,2016Q1,South-West - houses,South-West,Houses,2.2,14.8,3.1,108.0
2016-01-01,2016-01,2016,2016Q1,West - houses,West,Houses,-0.1,8.3,1.7,104.7
2016-02-01,2016-02,2016,2016Q1,Border - houses,Border,Houses,-2.8,10.8,0.1,105.2
2016-02-01,2016-02,2016,2016Q1,Dublin - all residential properties,Dublin,All residential,-0.7,4.6,0.2,102.3
2016-02-01,2016-02,2016,2016Q1,Dublin - apartments,Dublin,Apartments,-0.1,3.0,0.0,102.2
2016-02-01,2016-02,2016,2016Q1,Dublin - houses,Dublin,Houses,-0.9,4.6,0.1,102.4
2016-02-01,2016-02,2016,2016Q1,Dublin City - houses,Dublin City,Houses,-0.5,0.1,-0.4,100.8
2016-02-01,2016-02,2016,2016Q1,Dun Laoghaire-Rathdown - houses,Dun Laoghaire-Rathdown,Houses,-0.4,5.3,1.3,103.3
2016-02-01,2016-02,2016,2016Q1,Fingal - houses,Fingal,Houses,-0.1,5.1,1.2,103.3
2016-02-01,2016-02,2016,2016Q1,Mid-East - houses,Mid-East,Houses,0.3,7.4,-0.6,103.1
2016-02-01,2016-02,2016,2016Q1,Mid-West - houses,Mid-West,Houses,0.3,11.6,1.3,105.0
2016-02-01,2016-02,2016,2016Q1,Midland - houses,Midland,Houses,-0.9,15.1,3.0,109.5
2016-02-01,2016-02,2016,2016Q1,National - all residential properties,National,All residential,-0.6,7.4,0.2,103.4
2016-02-01,2016-02,2016,2016Q1,National - apartments,National,Apartments,0.1,3.5,0.7,102.7
2016-02-01,2016-02,2016,2016Q1,National - houses,National,Houses,-0.7,7.5,0.1,103.4
2016-02-01,2016-02,2016,2016Q1,National excluding Dublin - all residential properties,National excluding Dublin,All residential,-0.5,10.5,0.2,104.4
2016-02-01,2016-02,2016,2016Q1,National excluding Dublin - apartments,National excluding Dublin,Apartments,0.2,12.6,0.9,105.6
2016-02-01,2016-02,2016,2016Q1,National excluding Dublin - houses,National excluding Dublin,Houses,-0.5,10.3,0.1,104.4
2016-02-01,2016-02,2016,2016Q1,South Dublin - houses,South Dublin,Houses,-0.1,-3.0,1.7,98.9
2016-02-01,2016-02,2016,2016Q1,South-East - houses,South-East,Houses,0.3,10.1,0.9,105.1
2016-02-01,2016-02,2016,2016Q1,South-West - houses,South-West,Houses,-0.9,12.7,1.3,107.0
2016-02-01,2016-02,2016,2016Q1,West - houses,West,Houses,1.3,10.9,1.8,106.2
2016-03-01,2016-03,2016,2016Q1,Border - houses,Border,Houses,0.3,10.2,-0.7,105.5
2016-03-01,2016-03,2016,2016Q1,Dublin - all residential properties,Dublin,All residential,0.2,4.9,0.9,102.6
2016-03-01,2016-03,2016,2016Q1,Dublin - apartments,Dublin,Apartments,-0.1,6.7,0.8,102.0
2016-03-01,2016-03,2016,2016Q1,Dublin - houses,Dublin,Houses,0.3,4.0,0.7,102.7
2016-03-01,2016-03,2016,2016Q1,Dublin City - houses,Dublin City,Houses,-0.2,0.5,-0.5,100.6
2016-03-01,2016-03,2016,2016Q1,Dun Laoghaire-Rathdown - houses,Dun Laoghaire-Rathdown,Houses,0.4,4.5,1.3,103.8
2016-03-01,2016-03,2016,2016Q1,Fingal - houses,Fingal,Houses,1.2,6.1,2.8,104.5
2016-03-01,2016-03,2016,2016Q1,Mid-East - houses,Mid-East,Houses,0.0,7.0,-0.7,103.1
2016-03-01,2016-03,2016,2016Q1,Mid-West - houses,Mid-West,Houses,-0.5,9.4,-0.3,104.5
2016-03-01,2016-03,2016,2016Q1,Midland - houses,Midland,Houses,0.5,14.1,1.0,110.0
2016-03-01,2016-03,2016,2016Q1,National - all residential properties,National,All residential,0.3,7.4,0.7,103.7
2016-03-01,2016-03,2016,2016Q1,National - apartments,National,Apartments,0.5,5.3,1.5,103.2
2016-03-01,2016-03,2016,2016Q1,National - houses,National,Houses,0.2,7.1,0.4,103.6
2016-03-01,2016-03,2016,2016Q1,National excluding Dublin - all residential properties,National excluding Dublin,All residential,0.4,10.1,0.4,104.8
2016-03-01,2016-03,2016,2016Q1,National excluding Dublin - apartments,National excluding Dublin,Apartments,2.6,10.6,3.7,108.3
2016-03-01,2016-03,2016,2016Q1,National excluding Dublin - houses,National excluding Dublin,Houses,0.2,10.1,0.1,104.6
2016-03-01,2016-03,2016,2016Q1,South Dublin - houses,South Dublin,Houses,-0.1,-3.2,1.4,98.8
2016-03-01,2016-03,2016,2016Q1,South-East - houses,South-East,Houses,0.6,11.6,1.2,105.7
2016-03-01,2016-03,2016,2016Q1,South-West - houses,South-West,Houses,0.8,12.9,2.1,107.9
2016-03-01,2016-03,2016,2016Q1,West - houses,West,Houses,-1.5,8.9,-0.2,104.5
2016-04-01,2016-04,2016,2016Q2,Border - houses,Border,Houses,1.1,11.3,-1.4,106.7
2016-04-01,2016-04,2016,2016Q2,Dublin - all residential properties,Dublin,All residential,0.6,5.4,0.1,103.2
2016-04-01,2016-04,2016,2016Q2,Dublin - apartments,Dublin,Apartments,1.8,8.9,1.5,103.8
2016-04-01,2016-04,2016,2016Q2,Dublin - houses,Dublin,Houses,0.2,4.3,-0.4,102.9
2016-04-01,2016-04,2016,2016Q2,Dublin City - houses,Dublin City,Houses,0.5,2.0,-0.1,101.2
2016-04-01,2016-04,2016,2016Q2,Dun Laoghaire-Rathdown - houses,Dun Laoghaire-Rathdown,Houses,0.3,4.2,0.3,104.1
2016-04-01,2016-04,2016,2016Q2,Fingal - houses,Fingal,Houses,-0.4,6.0,0.8,104.1
2016-04-01,2016-04,2016,2016Q2,Mid-East - houses,Mid-East,Houses,0.0,5.9,0.3,103.1
2016-04-01,2016-04,2016,2016Q2,Mid-West - houses,Mid-West,Houses,0.3,8.5,0.1,104.8
2016-04-01,2016-04,2016,2016Q2,Midland - houses,Midland,Houses,1.3,16.6,0.8,111.4
2016-04-01,2016-04,2016,2016Q2,National - all residential properties,National,All residential,0.6,7.2,0.3,104.3
2016-04-01,2016-04,2016,2016Q2,National - apartments,National,Apartments,1.1,7.1,1.7,104.3
2016-04-01,2016-04,2016,2016Q2,National - houses,National,Houses,0.4,6.6,-0.1,104.1
2016-04-01,2016-04,2016,2016Q2,National excluding Dublin - all residential properties,National excluding Dublin,All residential,0.6,9.0,0.5,105.5
2016-04-01,2016-04,2016,2016Q2,National excluding Dublin - apartments,National excluding Dublin,Apartments,0.7,12.1,3.5,109.0
2016-04-01,2016-04,2016,2016Q2,National excluding Dublin - houses,National excluding Dublin,Houses,0.6,8.8,0.2,105.2
2016-04-01,2016-04,2016,2016Q2,South Dublin - houses,South Dublin,Houses,0.4,-2.4,0.1,99.2
2016-04-01,2016-04,2016,2016Q2,South-East - houses,South-East,Houses,-0.3,8.9,0.5,105.4
2016-04-01,2016-04,2016,2016Q2,South-West - houses,South-West,Houses,-0.7,9.9,-0.8,107.1
2016-04-01,2016-04,2016,2016Q2,West - houses,West,Houses,2.3,10.4,2.1,107.0
2016-05-01,2016-05,2016,2016Q2,Border - houses,Border,Houses,1.1,11.8,2.6,107.9
2016-05-01,2016-05,2016,2016Q2,Dublin - all residential properties,Dublin,All residential,-0.3,4.4,0.5,102.9
2016-05-01,2016-05,2016,2016Q2,Dublin - apartments,Dublin,Apartments,0.9,8.6,2.6,104.8
2016-05-01,2016-05,2016,2016Q2,Dublin - houses,Dublin,Houses,-0.6,3.4,-0.1,102.2
2016-05-01,2016-05,2016,2016Q2,Dublin City - houses,Dublin City,Houses,0.2,2.2,0.5,101.3
2016-05-01,2016-05,2016,2016Q2,Dun Laoghaire-Rathdown - houses,Dun Laoghaire-Rathdown,Houses,-0.7,4.5,0.1,103.4
2016-05-01,2016-05,2016,2016Q2,Fingal - houses,Fingal,Houses,-0.6,4.1,0.2,103.5
2016-05-01,2016-05,2016,2016Q2,Mid-East - houses,Mid-East,Houses,-0.3,4.5,-0.3,102.9
2016-05-01,2016-05,2016,2016Q2,Mid-West - houses,Mid-West,Houses,-0.5,5.3,-0.6,104.3
2016-05-01,2016-05,2016,2016Q2,Midland - houses,Midland,Houses,0.7,17.2,2.5,112.2
2016-05-01,2016-05,2016,2016Q2,National - all residential properties,National,All residential,0.2,6.1,1.1,104.5
2016-05-01,2016-05,2016,2016Q2,National - apartments,National,Apartments,0.9,7.7,2.5,105.2
2016-05-01,2016-05,2016,2016Q2,National - houses,National,Houses,0.0,5.5,0.7,104.1
2016-05-01,2016-05,2016,2016Q2,National excluding Dublin - all residential properties,National excluding Dublin,All residential,0.7,8.0,1.7,106.2
2016-05-01,2016-05,2016,2016Q2,National excluding Dublin - apartments,National excluding Dublin,Apartments,1.3,13.3,4.6,110.4
2016-05-01,2016-05,2016,2016Q2,National excluding Dublin - houses,National excluding Dublin,Houses,0.6,7.5,1.4,105.8
2016-05-01,2016-05,2016,2016Q2,South Dublin - houses,South Dublin,Houses,-0.2,-1.7,0.0,99.0
2016-05-01,2016-05,2016,2016Q2,South-East - houses,South-East,Houses,-0.6,6.7,-0.3,104.7
2016-05-01,2016-05,2016,2016Q2,South-West - houses,South-West,Houses,1.2,9.8,1.3,108.4
2016-05-01,2016-05,2016,2016Q2,West - houses,West,Houses,0.4,9.6,1.2,107.4
2016-06-01,2016-06,2016,2016Q2,Border - houses,Border,Houses,0.6,10.3,2.9,108.6
2016-06-01,2016-06,2016,2016Q2,Dublin - all residential properties,Dublin,All residential,0.2,3.2,0.5,103.1
2016-06-01,2016-06,2016,2016Q2,Dublin - apartments,Dublin,Apartments,1.1,7.2,3.9,106.0
2016-06-01,2016-06,2016,2016Q2,Dublin - houses,Dublin,Houses,0.0,2.4,-0.4,102.2
2016-06-01,2016-06,2016,2016Q2,Dublin City - houses,Dublin City,Houses,-0.2,1.8,0.5,101.1
2016-06-01,2016-06,2016,2016Q2,Dun Laoghaire-Rathdown - houses,Dun Laoghaire-Rathdown,Houses,0.0,4.0,-0.3,103.4
2016-06-01,2016-06,2016,2016Q2,Fingal - houses,Fingal,Houses,-0.3,3.3,-1.3,103.2
2016-06-01,2016-06,2016,2016Q2,Mid-East - houses,Mid-East,Houses,0.6,3.9,0.3,103.5
2016-06-01,2016-06,2016,2016Q2,Mid-West - houses,Mid-West,Houses,2.2,5.9,2.1,106.6
2016-06-01,2016-06,2016,2016Q2,Midland - houses,Midland,Houses,0.9,16.8,2.9,113.2
2016-06-01,2016-06,2016,2016Q2,National - all residential properties,National,All residential,1.0,5.6,1.8,105.6
2016-06-01,2016-06,2016,2016Q2,National - apartments,National,Apartments,1.7,8.2,3.7,107.0
2016-06-01,2016-06,2016,2016Q2,National - houses,National,Houses,0.9,5.0,1.3,105.0
2016-06-01,2016-06,2016,2016Q2,National excluding Dublin - all residential properties,National excluding Dublin,All residential,1.9,8.0,3.2,108.2
2016-06-01,2016-06,2016,2016Q2,National excluding Dublin - apartments,National excluding Dublin,Apartments,4.3,16.4,6.4,115.2
2016-06-01,2016-06,2016,2016Q2,National excluding Dublin - houses,National excluding Dublin,Houses,1.6,7.3,2.9,107.6
2016-06-01,2016-06,2016,2016Q2,South Dublin - houses,South Dublin,Houses,0.7,-0.4,0.8,99.6
2016-06-01,2016-06,2016,2016Q2,South-East - houses,South-East,Houses,0.0,5.1,-0.9,104.7
2016-06-01,2016-06,2016,2016Q2,South-West - houses,South-West,Houses,0.5,9.6,1.0,108.9
2016-06-01,2016-06,2016,2016Q2,West - houses,West,Houses,2.6,9.6,5.4,110.2
2016-07-01,2016-07,2016,2016Q3,Border - houses,Border,Houses,0.3,9.0,2.0,108.9
2016-07-01,2016-07,2016,2016Q3,Dublin - all residential properties,Dublin,All residential,1.2,3.9,1.1,104.4
2016-07-01,2016-07,2016,2016Q3,Dublin - apartments,Dublin,Apartments,-0.4,4.9,1.7,105.6
2016-07-01,2016-07,2016,2016Q3,Dublin - houses,Dublin,Houses,1.8,4.0,1.1,104.0
2016-07-01,2016-07,2016,2016Q3,Dublin City - houses,Dublin City,Houses,1.4,3.5,1.4,102.5
2016-07-01,2016-07,2016,2016Q3,Dun Laoghaire-Rathdown - houses,Dun Laoghaire-Rathdown,Houses,1.1,5.0,0.4,104.5
2016-07-01,2016-07,2016,2016Q3,Fingal - houses,Fingal,Houses,-0.1,3.0,-1.0,103.1
2016-07-01,2016-07,2016,2016Q3,Mid-East - houses,Mid-East,Houses,1.6,4.2,2.0,105.2
2016-07-01,2016-07,2016,2016Q3,Mid-West - houses,Mid-West,Houses,2.7,7.2,4.5,109.5
2016-07-01,2016-07,2016,2016Q3,Midland - houses,Midland,Houses,1.9,17.6,3.6,115.4
2016-07-01,2016-07,2016,2016Q3,National - all residential properties,National,All residential,2.2,7.0,3.4,107.9
2016-07-01,2016-07,2016,2016Q3,National - apartments,National,Apartments,0.4,7.7,2.9,107.4
2016-07-01,2016-07,2016,2016Q3,National - houses,National,Houses,2.6,7.0,3.5,107.7
2016-07-01,2016-07,2016,2016Q3,National excluding Dublin - all residential properties,National excluding Dublin,All residential,3.1,10.2,5.7,111.5
2016-07-01,2016-07,2016,2016Q3,National excluding Dublin - apartments,National excluding Dublin,Apartments,1.5,17.0,7.3,116.9
2016-07-01,2016-07,2016,2016Q3,National excluding Dublin - houses,National excluding Dublin,Houses,3.3,9.7,5.6,111.1
2016-07-01,2016-07,2016,2016Q3,South Dublin - houses,South Dublin,Houses,1.4,1.5,1.9,101.1
2016-07-01,2016-07,2016,2016Q3,South-East - houses,South-East,Houses,2.8,6.6,2.2,107.7
2016-07-01,2016-07,2016,2016Q3,South-West - houses,South-West,Houses,2.6,11.7,4.3,111.7
2016-07-01,2016-07,2016,2016Q3,West - houses,West,Houses,2.3,11.4,5.4,112.7
2016-08-01,2016-08,2016,2016Q3,Border - houses,Border,Houses,0.8,6.5,1.7,109.7
2016-08-01,2016-08,2016,2016Q3,Dublin - all residential properties,Dublin,All residential,1.5,4.5,3.0,106.0
2016-08-01,2016-08,2016,2016Q3,Dublin - apartments,Dublin,Apartments,1.6,5.3,2.3,107.2
2016-08-01,2016-08,2016,2016Q3,Dublin - houses,Dublin,Houses,1.5,4.5,3.3,105.6
2016-08-01,2016-08,2016,2016Q3,Dublin City - houses,Dublin City,Houses,1.7,4.5,2.9,104.3
2016-08-01,2016-08,2016,2016Q3,Dun Laoghaire-Rathdown - houses,Dun Laoghaire-Rathdown,Houses,1.8,6.5,2.9,106.4
2016-08-01,2016-08,2016,2016Q3,Fingal - houses,Fingal,Houses,-0.8,1.6,-1.1,102.3
2016-08-01,2016-08,2016,2016Q3,Mid-East - houses,Mid-East,Houses,1.1,4.6,3.4,106.4
2016-08-01,2016-08,2016,2016Q3,Mid-West - houses,Mid-West,Houses,2.2,9.3,7.3,112.0
2016-08-01,2016-08,2016,2016Q3,Midland - houses,Midland,Houses,0.8,14.1,3.7,116.3
2016-08-01,2016-08,2016,2016Q3,National - all residential properties,National,All residential,1.4,7.3,4.7,109.4
2016-08-01,2016-08,2016,2016Q3,National - apartments,National,Apartments,1.1,7.8,3.2,108.6
2016-08-01,2016-08,2016,2016Q3,National - houses,National,Houses,1.5,7.3,5.0,109.3
2016-08-01,2016-08,2016,2016Q3,National excluding Dublin - all residential properties,National excluding Dublin,All residential,1.3,10.0,6.4,112.9
2016-08-01,2016-08,2016,2016Q3,National excluding Dublin - apartments,National excluding Dublin,Apartments,0.1,13.7,5.9,117.0
2016-08-01,2016-08,2016,2016Q3,National excluding Dublin - houses,National excluding Dublin,Houses,1.4,9.8,6.4,112.6
2016-08-01,2016-08,2016,2016Q3,South Dublin - houses,South Dublin,Houses,0.5,2.1,2.6,101.6
2016-08-01,2016-08,2016,2016Q3,South-East - houses,South-East,Houses,3.3,8.0,6.2,111.2
2016-08-01,2016-08,2016,2016Q3,South-West - houses,South-West,Houses,0.5,11.0,3.5,112.3
2016-08-01,2016-08,2016,2016Q3,West - houses,West,Houses,1.6,12.7,6.6,114.5
2016-09-01,2016-09,2016,2016Q3,Border - houses,Border,Houses,0.9,5.9,1.9,110.7
2016-09-01,2016-09,2016,2016Q3,Dublin - all residential properties,Dublin,All residential,1.6,6.2,4.4,107.6
2016-09-01,2016-09,2016,2016Q3,Dublin - apartments,Dublin,Apartments,1.7,6.1,2.8,109.0
2016-09-01,2016-09,2016,2016Q3,Dublin - houses,Dublin,Houses,1.5,6.2,4.8,107.2
2016-09-01,2016-09,2016,2016Q3,Dublin City - houses,Dublin City,Houses,1.7,6.8,4.8,106.0
2016-09-01,2016-09,2016,2016Q3,Dun Laoghaire-Rathdown - houses,Dun Laoghaire-Rathdown,Houses,1.7,7.9,4.6,108.2
2016-09-01,2016-09,2016,2016Q3,Fingal - houses,Fingal,Houses,-0.1,1.2,-1.0,102.2
2016-09-01,2016-09,2016,2016Q3,Mid-East - houses,Mid-East,Houses,1.2,5.1,4.0,107.7
2016-09-01,2016-09,2016,2016Q3,Mid-West - houses,Mid-West,Houses,0.9,9.3,6.0,113.0
2016-09-01,2016-09,2016,2016Q3,Midland - houses,Midland,Houses,2.4,14.2,5.2,119.1
2016-09-01,2016-09,2016,2016Q3,National - all residential properties,National,All residential,1.2,8.1,4.8,110.7
2016-09-01,2016-09,2016,2016Q3,National - apartments,National,Apartments,1.0,8.0,2.5,109.7
2016-09-01,2016-09,2016,2016Q3,National - houses,National,Houses,1.2,8.3,5.4,110.6
2016-09-01,2016-09,2016,2016Q3,National excluding Dublin - all residential properties,National excluding Dublin,All residential,0.8,10.1,5.3,113.9
2016-09-01,2016-09,2016,2016Q3,National excluding Dublin - apartments,National excluding Dublin,Apartments,-0.9,11.5,0.6,115.9
2016-09-01,2016-09,2016,2016Q3,National excluding Dublin - houses,National excluding Dublin,Houses,1.0,10.1,5.8,113.8
2016-09-01,2016-09,2016,2016Q3,South Dublin - houses,South Dublin,Houses,1.0,3.1,2.9,102.6
2016-09-01,2016-09,2016,2016Q3,South-East - houses,South-East,Houses,1.4,8.9,7.7,112.8
2016-09-01,2016-09,2016,2016Q3,South-West - houses,South-West,Houses,1.8,11.1,4.9,114.2
2016-09-01,2016-09,2016,2016Q3,West - houses,West,Houses,0.7,13.8,4.6,115.3
2016-10-01,2016-10,2016,2016Q4,Border - houses,Border,Houses,0.5,5.7,2.2,111.2
2016-10-01,2016-10,2016,2016Q4,Dublin - all residential properties,Dublin,All residential,0.2,5.1,3.3,107.9
2016-10-01,2016-10,2016,2016Q4,Dublin - apartments,Dublin,Apartments,0.5,4.0,3.7,109.5
2016-10-01,2016-10,2016,2016Q4,Dublin - houses,Dublin,Houses,0.2,5.4,3.3,107.4
2016-10-01,2016-10,2016,2016Q4,Dublin City - houses,Dublin City,Houses,0.6,6.0,4.0,106.6
2016-10-01,2016-10,2016,2016Q4,Dun Laoghaire-Rathdown - houses,Dun Laoghaire-Rathdown,Houses,1.1,8.9,4.6,109.3
2016-10-01,2016-10,2016,2016Q4,Fingal - houses,Fingal,Houses,0.1,0.0,-0.8,102.3
2016-10-01,2016-10,2016,2016Q4,Mid-East - houses,Mid-East,Houses,1.9,5.7,4.4,109.7
2016-10-01,2016-10,2016,2016Q4,Mid-West - houses,Mid-West,Houses,-0.1,9.7,3.1,112.9
2016-10-01,2016-10,2016,2016Q4,Midland - houses,Midland,Houses,2.2,14.5,5.4,121.6
2016-10-01,2016-10,2016,2016Q4,National - all residential properties,National,All residential,0.5,7.4,3.1,111.2
2016-10-01,2016-10,2016,2016Q4,National - apartments,National,Apartments,0.6,6.9,2.8,110.4
2016-10-01,2016-10,2016,2016Q4,National - houses,National,Houses,0.5,7.7,3.3,111.2
2016-10-01,2016-10,2016,2016Q4,National excluding Dublin - all residential properties,National excluding Dublin,All residential,0.7,9.8,2.9,114.7
2016-10-01,2016-10,2016,2016Q4,National excluding Dublin - apartments,National excluding Dublin,Apartments,0.3,11.3,-0.6,116.2
2016-10-01,2016-10,2016,2016Q4,National excluding Dublin - houses,National excluding Dublin,Houses,0.8,9.7,3.3,114.7
2016-10-01,2016-10,2016,2016Q4,South Dublin - houses,South Dublin,Houses,0.5,4.4,2.0,103.0
2016-10-01,2016-10,2016,2016Q4,South-East - houses,South-East,Houses,2.2,10.4,7.0,115.3
2016-10-01,2016-10,2016,2016Q4,South-West - houses,South-West,Houses,0.5,9.6,2.7,114.8
2016-10-01,2016-10,2016,2016Q4,West - houses,West,Houses,1.3,13.4,3.6,116.8
2016-11-01,2016-11,2016,2016Q4,Border - houses,Border,Houses,1.4,7.4,2.8,112.8
2016-11-01,2016-11,2016,2016Q4,Dublin - all residential properties,Dublin,All residential,1.1,6.8,3.0,109.1
2016-11-01,2016-11,2016,2016Q4,Dublin - apartments,Dublin,Apartments,1.8,9.0,3.9,111.4
2016-11-01,2016-11,2016,2016Q4,Dublin - houses,Dublin,Houses,1.0,6.0,2.7,108.4
2016-11-01,2016-11,2016,2016Q4,Dublin City - houses,Dublin City,Houses,1.1,6.4,3.4,107.7
2016-11-01,2016-11,2016,2016Q4,Dun Laoghaire-Rathdown - houses,Dun Laoghaire-Rathdown,Houses,1.2,8.4,4.0,110.6
2016-11-01,2016-11,2016,2016Q4,Fingal - houses,Fingal,Houses,0.6,0.8,0.6,102.9
2016-11-01,2016-11,2016,2016Q4,Mid-East - houses,Mid-East,Houses,1.6,7.5,4.9,111.5
2016-11-01,2016-11,2016,2016Q4,Mid-West - houses,Mid-West,Houses,2.4,11.5,3.2,115.6
2016-11-01,2016-11,2016,2016Q4,Midland - houses,Midland,Houses,0.0,14.5,4.6,121.6
2016-11-01,2016-11,2016,2016Q4,National - all residential properties,National,All residential,1.3,9.2,3.0,112.7
2016-11-01,2016-11,2016,2016Q4,National - apartments,National,Apartments,1.6,9.9,3.2,112.1
2016-11-01,2016-11,2016,2016Q4,National - houses,National,Houses,1.2,8.9,3.0,112.6
2016-11-01,2016-11,2016,2016Q4,National excluding Dublin - all residential properties,National excluding Dublin,All residential,1.5,11.7,3.1,116.4
2016-11-01,2016-11,2016,2016Q4,National excluding Dublin - apartments,National excluding Dublin,Apartments,1.7,12.9,1.0,118.2
2016-11-01,2016-11,2016,2016Q4,National excluding Dublin - houses,National excluding Dublin,Houses,1.4,11.5,3.3,116.3
2016-11-01,2016-11,2016,2016Q4,South Dublin - houses,South Dublin,Houses,1.4,7.4,2.9,104.5
2016-11-01,2016-11,2016,2016Q4,South-East - houses,South-East,Houses,0.5,11.2,4.1,115.8
2016-11-01,2016-11,2016,2016Q4,South-West - houses,South-West,Houses,2.0,10.9,4.3,117.1
2016-11-01,2016-11,2016,2016Q4,West - houses,West,Houses,1.9,14.2,3.9,119.0
2016-12-01,2016-12,2016,2016Q4,Border - houses,Border,Houses,0.3,6.5,2.3,113.2
2016-12-01,2016-12,2016,2016Q4,Dublin - all residential properties,Dublin,All residential,-0.6,6.7,0.7,108.4
2016-12-01,2016-12,2016,2016Q4,Dublin - apartments,Dublin,Apartments,-1.4,8.6,0.8,109.8
2016-12-01,2016-12,2016,2016Q4,Dublin - houses,Dublin,Houses,-0.3,6.1,0.9,108.2
2016-12-01,2016-12,2016,2016Q4,Dublin City - houses,Dublin City,Houses,-0.3,6.3,1.4,107.5
2016-12-01,2016-12,2016,2016Q4,Dun Laoghaire-Rathdown - houses,Dun Laoghaire-Rathdown,Houses,0.7,8.8,3.0,111.4
2016-12-01,2016-12,2016,2016Q4,Fingal - houses,Fingal,Houses,0.2,1.4,0.9,103.1
2016-12-01,2016-12,2016,2016Q4,Mid-East - houses,Mid-East,Houses,0.9,8.3,4.5,112.5
2016-12-01,2016-12,2016,2016Q4,Mid-West - houses,Mid-West,Houses,-0.4,9.8,1.8,115.1
2016-12-01,2016-12,2016,2016Q4,Midland - houses,Midland,Houses,0.5,12.3,2.6,122.2
2016-12-01,2016-12,2016,2016Q4,National - all residential properties,National,All residential,-0.4,9.0,1.4,112.2
2016-12-01,2016-12,2016,2016Q4,National - apartments,National,Apartments,-0.4,9.9,1.8,111.7
2016-12-01,2016-12,2016,2016Q4,National - houses,National,Houses,-0.3,8.7,1.5,112.3
2016-12-01,2016-12,2016,2016Q4,National excluding Dublin - all residential properties,National excluding Dublin,All residential,-0.2,11.2,2.0,116.2
2016-12-01,2016-12,2016,2016Q4,National excluding Dublin - apartments,National excluding Dublin,Apartments,0.5,13.7,2.5,118.8
2016-12-01,2016-12,2016,2016Q4,National excluding Dublin - houses,National excluding Dublin,Houses,-0.3,11.0,1.9,116.0
2016-12-01,2016-12,2016,2016Q4,South Dublin - houses,South Dublin,Houses,1.4,8.7,3.4,106.0
2016-12-01,2016-12,2016,2016Q4,South-East - houses,South-East,Houses,1.9,12.9,4.7,118.1
2016-12-01,2016-12,2016,2016Q4,South-West - houses,South-West,Houses,-0.3,10.6,2.2,116.8
2016-12-01,2016-12,2016,2016Q4,West - houses,West,Houses,0.9,14.6,4.1,120.1
2017-01-01,2017-01,2017,2017Q1,Border - houses,Border,Houses,1.0,5.6,2.7,114.2
2017-01-01,2017-01,2017,2017Q1,Dublin - all residential properties,Dublin,All residential,0.6,5.8,1.1,109.0
2017-01-01,2017-01,2017,2017Q1,Dublin - apartments,Dublin,Apartments,0.9,8.3,1.2,110.8
2017-01-01,2017-01,2017,2017Q1,Dublin - houses,Dublin,Houses,0.5,5.1,1.2,108.7
2017-01-01,2017-01,2017,2017Q1,Dublin City - houses,Dublin City,Houses,0.9,7.1,1.7,108.5
2017-01-01,2017-01,2017,2017Q1,Dun Laoghaire-Rathdown - houses,Dun Laoghaire-Rathdown,Houses,0.7,8.2,2.7,112.2
2017-01-01,2017-01,2017,2017Q1,Fingal - houses,Fingal,Houses,0.0,-0.2,0.8,103.1
2017-01-01,2017-01,2017,2017Q1,Mid-East - houses,Mid-East,Houses,0.6,10.0,3.1,113.2
2017-01-01,2017-01,2017,2017Q1,Mid-West - houses,Mid-West,Houses,0.1,10.0,2.0,115.2
2017-01-01,2017-01,2017,2017Q1,Midland - houses,Midland,Houses,-0.2,10.3,0.2,121.9
2017-01-01,2017-01,2017,2017Q1,National - all residential properties,National,All residential,0.7,8.7,1.6,113.0
2017-01-01,2017-01,2017,2017Q1,National - apartments,National,Apartments,1.2,10.3,2.5,113.1
2017-01-01,2017-01,2017,2017Q1,National - houses,National,Houses,0.5,8.4,1.5,112.9
2017-01-01,2017-01,2017,2017Q1,National excluding Dublin - all residential properties,National excluding Dublin,All residential,0.8,11.6,2.1,117.1
2017-01-01,2017-01,2017,2017Q1,National excluding Dublin - apartments,National excluding Dublin,Apartments,2.7,15.9,5.0,122.0
2017-01-01,2017-01,2017,2017Q1,National excluding Dublin - houses,National excluding Dublin,Houses,0.6,11.2,1.7,116.7
2017-01-01,2017-01,2017,2017Q1,South Dublin - houses,South Dublin,Houses,0.8,7.9,3.7,106.8
2017-01-01,2017-01,2017,2017Q1,South-East - houses,South-East,Houses,2.2,15.2,4.7,120.7
2017-01-01,2017-01,2017,2017Q1,South-West - houses,South-West,Houses,1.0,9.2,2.7,117.9
2017-01-01,2017-01,2017,2017Q1,West - houses,West,Houses,1.5,16.4,4.3,121.9
2017-02-01,2017-02,2017,2017Q1,Border - houses,Border,Houses,3.3,12.2,4.7,118.1
2017-02-01,2017-02,2017,2017Q1,Dublin - all residential properties,Dublin,All residential,0.2,6.8,0.1,109.3
2017-02-01,2017-02,2017,2017Q1,Dublin - apartments,Dublin,Apartments,-0.5,7.9,-1.0,110.2
2017-02-01,2017-02,2017,2017Q1,Dublin - houses,Dublin,Houses,0.4,6.6,0.6,109.1
2017-02-01,2017-02,2017,2017Q1,Dublin City - houses,Dublin City,Houses,0.6,8.3,1.3,109.1
2017-02-01,2017-02,2017,2017Q1,Dun Laoghaire-Rathdown - houses,Dun Laoghaire-Rathdown,Houses,0.1,8.7,1.5,112.3
2017-02-01,2017-02,2017,2017Q1,Fingal - houses,Fingal,Houses,1.2,1.0,1.4,104.4
2017-02-01,2017-02,2017,2017Q1,Mid-East - houses,Mid-East,Houses,1.1,10.9,2.6,114.4
2017-02-01,2017-02,2017,2017Q1,Mid-West - houses,Mid-West,Houses,-0.2,9.5,-0.5,115.0
2017-02-01,2017-02,2017,2017Q1,Midland - houses,Midland,Houses,-0.4,10.9,-0.2,121.4
2017-02-01,2017-02,2017,2017Q1,National - all residential properties,National,All residential,0.3,9.6,0.5,113.3
2017-02-01,2017-02,2017,2017Q1,National - apartments,National,Apartments,0.2,10.4,1.0,113.3
2017-02-01,2017-02,2017,2017Q1,National - houses,National,Houses,0.3,9.5,0.6,113.2
2017-02-01,2017-02,2017,2017Q1,National excluding Dublin - all residential properties,National excluding Dublin,All residential,0.3,12.4,0.9,117.5
2017-02-01,2017-02,2017,2017Q1,National excluding Dublin - apartments,National excluding Dublin,Apartments,1.1,16.9,4.4,123.4
2017-02-01,2017-02,2017,2017Q1,National excluding Dublin - houses,National excluding Dublin,Houses,0.3,12.1,0.6,117.0
2017-02-01,2017-02,2017,2017Q1,South Dublin - houses,South Dublin,Houses,0.2,8.2,2.4,107.0
2017-02-01,2017-02,2017,2017Q1,South-East - houses,South-East,Houses,0.2,15.1,4.5,121.0
2017-02-01,2017-02,2017,2017Q1,South-West - houses,South-West,Houses,-0.6,9.5,0.1,117.2
2017-02-01,2017-02,2017,2017Q1,West - houses,West,Houses,1.2,16.2,3.6,123.3
2017-03-01,2017-03,2017,2017Q1,Border - houses,Border,Houses,-0.5,11.3,3.8,117.4
2017-03-01,2017-03,2017,2017Q1,Dublin - all residential properties,Dublin,All residential,0.7,7.2,1.4,110.0
2017-03-01,2017-03,2017,2017Q1,Dublin - apartments,Dublin,Apartments,-0.3,7.8,0.1,110.0
2017-03-01,2017-03,2017,2017Q1,Dublin - houses,Dublin,Houses,0.9,7.2,1.7,110.1
2017-03-01,2017-03,2017,2017Q1,Dublin City - houses,Dublin City,Houses,0.7,9.2,2.3,109.9
2017-03-01,2017-03,2017,2017Q1,Dun Laoghaire-Rathdown - houses,Dun Laoghaire-Rathdown,Houses,0.3,8.6,1.2,112.7
2017-03-01,2017-03,2017,2017Q1,Fingal - houses,Fingal,Houses,1.3,1.1,2.5,105.7
2017-03-01,2017-03,2017,2017Q1,Mid-East - houses,Mid-East,Houses,0.4,11.3,2.0,114.8
2017-03-01,2017-03,2017,2017Q1,Mid-West - houses,Mid-West,Houses,-0.7,9.3,-0.8,114.2
2017-03-01,2017-03,2017,2017Q1,Midland - houses,Midland,Houses,2.6,13.3,1.9,124.6
2017-03-01,2017-03,2017,2017Q1,National - all residential properties,National,All residential,0.4,9.8,1.4,113.8
2017-03-01,2017-03,2017,2017Q1,National - apartments,National,Apartments,0.3,10.1,1.7,113.6
2017-03-01,2017-03,2017,2017Q1,National - houses,National,Houses,0.5,9.8,1.3,113.8
2017-03-01,2017-03,2017,2017Q1,National excluding Dublin - all residential properties,National excluding Dublin,All residential,0.2,12.2,1.3,117.7
2017-03-01,2017-03,2017,2017Q1,National excluding Dublin - apartments,National excluding Dublin,Apartments,1.4,15.5,5.3,125.1
2017-03-01,2017-03,2017,2017Q1,National excluding Dublin - houses,National excluding Dublin,Houses,0.1,12.0,1.0,117.1
2017-03-01,2017-03,2017,2017Q1,South Dublin - houses,South Dublin,Houses,0.9,9.3,1.9,108.0
2017-03-01,2017-03,2017,2017Q1,South-East - houses,South-East,Houses,-0.3,14.1,2.2,120.7
2017-03-01,2017-03,2017,2017Q1,South-West - houses,South-West,Houses,1.5,10.2,1.8,118.9
2017-03-01,2017-03,2017,2017Q1,West - houses,West,Houses,-1.3,16.5,1.4,121.8
2017-04-01,2017-04,2017,2017Q2,Border - houses,Border,Houses,-0.1,10.0,2.7,117.4
2017-04-01,2017-04,2017,2017Q2,Dublin - all residential properties,Dublin,All residential,-0.8,5.8,0.1,109.2
2017-04-01,2017-04,2017,2017Q2,Dublin - apartments,Dublin,Apartments,-1.0,4.9,-1.7,108.9
2017-04-01,2017-04,2017,2017Q2,Dublin - houses,Dublin,Houses,-0.7,6.3,0.6,109.3
2017-04-01,2017-04,2017,2017Q2,Dublin City - houses,Dublin City,Houses,-0.9,7.7,0.4,108.9
2017-04-01,2017-04,2017,2017Q2,Dun Laoghaire-Rathdown - houses,Dun Laoghaire-Rathdown,Houses,-0.8,7.4,-0.4,111.8
2017-04-01,2017-04,2017,2017Q2,Fingal - houses,Fingal,Houses,0.7,2.2,3.2,106.4
2017-04-01,2017-04,2017,2017Q2,Mid-East - houses,Mid-East,Houses,1.2,12.6,2.6,116.1
2017-04-01,2017-04,2017,2017Q2,Mid-West - houses,Mid-West,Houses,0.4,9.4,-0.5,114.7
2017-04-01,2017-04,2017,2017Q2,Midland - houses,Midland,Houses,1.8,13.9,4.0,126.8
2017-04-01,2017-04,2017,2017Q2,National - all residential properties,National,All residential,0.4,9.5,1.1,114.2
2017-04-01,2017-04,2017,2017Q2,National - apartments,National,Apartments,0.1,9.0,0.5,113.7
2017-04-01,2017-04,2017,2017Q2,National - houses,National,Houses,0.4,9.8,1.2,114.2
2017-04-01,2017-04,2017,2017Q2,National excluding Dublin - all residential properties,National excluding Dublin,All residential,1.5,13.3,2.1,119.5
2017-04-01,2017-04,2017,2017Q2,National excluding Dublin - apartments,National excluding Dublin,Apartments,2.7,17.8,5.3,128.5
2017-04-01,2017-04,2017,2017Q2,National excluding Dublin - houses,National excluding Dublin,Houses,1.4,12.9,1.8,118.8
2017-04-01,2017-04,2017,2017Q2,South Dublin - houses,South Dublin,Houses,1.5,10.5,2.6,109.6
2017-04-01,2017-04,2017,2017Q2,South-East - houses,South-East,Houses,0.0,14.5,0.0,120.7
2017-04-01,2017-04,2017,2017Q2,South-West - houses,South-West,Houses,1.2,12.3,2.1,120.3
2017-04-01,2017-04,2017,2017Q2,West - houses,West,Houses,1.7,15.8,1.6,123.9
2017-05-01,2017-05,2017,2017Q2,Border - houses,Border,Houses,1.6,10.5,0.9,119.2
2017-05-01,2017-05,2017,2017Q2,Dublin - all residential properties,Dublin,All residential,2.6,8.8,2.5,112.0
2017-05-01,2017-05,2017,2017Q2,Dublin - apartments,Dublin,Apartments,3.1,7.2,1.9,112.3
2017-05-01,2017-05,2017,2017Q2,Dublin - houses,Dublin,Houses,2.2,9.3,2.4,111.7
2017-05-01,2017-05,2017,2017Q2,Dublin City - houses,Dublin City,Houses,1.5,9.1,1.3,110.5
2017-05-01,2017-05,2017,2017Q2,Dun Laoghaire-Rathdown - houses,Dun Laoghaire-Rathdown,Houses,1.2,9.4,0.7,113.1
2017-05-01,2017-05,2017,2017Q2,Fingal - houses,Fingal,Houses,2.0,4.9,4.0,108.5
2017-05-01,2017-05,2017,2017Q2,Mid-East - houses,Mid-East,Houses,-0.5,12.3,1.0,115.6
2017-05-01,2017-05,2017,2017Q2,Mid-West - houses,Mid-West,Houses,0.7,10.7,0.4,115.5
2017-05-01,2017-05,2017,2017Q2,Midland - houses,Midland,Houses,-1.1,11.8,3.3,125.4
2017-05-01,2017-05,2017,2017Q2,National - all residential properties,National,All residential,1.5,10.9,2.3,115.9
2017-05-01,2017-05,2017,2017Q2,National - apartments,National,Apartments,1.8,10.0,2.2,115.8
2017-05-01,2017-05,2017,2017Q2,National - houses,National,Houses,1.3,11.1,2.2,115.7
2017-05-01,2017-05,2017,2017Q2,National excluding Dublin - all residential properties,National excluding Dublin,All residential,0.4,13.0,2.2,120.0
2017-05-01,2017-05,2017,2017Q2,National excluding Dublin - apartments,National excluding Dublin,Apartments,0.4,16.8,4.5,129.0
2017-05-01,2017-05,2017,2017Q2,National excluding Dublin - houses,National excluding Dublin,Houses,0.4,12.7,2.0,119.3
2017-05-01,2017-05,2017,2017Q2,South Dublin - houses,South Dublin,Houses,0.7,11.6,3.2,110.4
2017-05-01,2017-05,2017,2017Q2,South-East - houses,South-East,Houses,0.8,16.1,0.5,121.6
2017-05-01,2017-05,2017,2017Q2,South-West - houses,South-West,Houses,1.4,12.5,4.1,122.0
2017-05-01,2017-05,2017,2017Q2,West - houses,West,Houses,0.0,15.3,0.5,123.9
2017-06-01,2017-06,2017,2017Q2,Border - houses,Border,Houses,-0.2,9.6,1.3,119.0
2017-06-01,2017-06,2017,2017Q2,Dublin - all residential properties,Dublin,All residential,1.9,10.6,3.7,114.1
2017-06-01,2017-06,2017,2017Q2,Dublin - apartments,Dublin,Apartments,1.6,7.6,3.7,114.0
2017-06-01,2017-06,2017,2017Q2,Dublin - houses,Dublin,Houses,1.9,11.3,3.4,113.8
2017-06-01,2017-06,2017,2017Q2,Dublin City - houses,Dublin City,Houses,2.3,11.8,2.9,113.1
2017-06-01,2017-06,2017,2017Q2,Dun Laoghaire-Rathdown - houses,Dun Laoghaire-Rathdown,Houses,0.6,10.0,0.9,113.8
2017-06-01,2017-06,2017,2017Q2,Fingal - houses,Fingal,Houses,0.8,5.9,3.5,109.3
2017-06-01,2017-06,2017,2017Q2,Mid-East - houses,Mid-East,Houses,0.8,12.6,1.5,116.5
2017-06-01,2017-06,2017,2017Q2,Mid-West - houses,Mid-West,Houses,1.2,9.5,2.3,116.8
2017-06-01,2017-06,2017,2017Q2,Midland - houses,Midland,Houses,2.4,13.5,3.1,128.5
2017-06-01,2017-06,2017,2017Q2,National - all residential properties,National,All residential,1.4,11.3,3.2,117.5
2017-06-01,2017-06,2017,2017Q2,National - apartments,National,Apartments,0.7,8.9,2.6,116.5
2017-06-01,2017-06,2017,2017Q2,National - houses,National,Houses,1.5,11.8,3.2,117.4
2017-06-01,2017-06,2017,2017Q2,National excluding Dublin - all residential properties,National excluding Dublin,All residential,0.8,11.8,2.8,120.9
2017-06-01,2017-06,2017,2017Q2,National excluding Dublin - apartments,National excluding Dublin,Apartments,-1.5,10.2,1.5,127.0
2017-06-01,2017-06,2017,2017Q2,National excluding Dublin - houses,National excluding Dublin,Houses,1.0,12.1,2.9,120.6
2017-06-01,2017-06,2017,2017Q2,South Dublin - houses,South Dublin,Houses,1.3,12.2,3.5,111.8
2017-06-01,2017-06,2017,2017Q2,South-East - houses,South-East,Houses,0.0,16.1,0.8,121.6
2017-06-01,2017-06,2017,2017Q2,South-West - houses,South-West,Houses,0.4,12.4,3.0,122.5
2017-06-01,2017-06,2017,2017Q2,West - houses,West,Houses,1.5,14.1,3.3,125.8
2017-07-01,2017-07,2017,2017Q3,Border - houses,Border,Houses,0.5,9.8,1.8,119.5
2017-07-01,2017-07,2017,2017Q3,Dublin - all residential properties,Dublin,All residential,2.3,11.8,6.9,116.7
2017-07-01,2017-07,2017,2017Q3,Dublin - apartments,Dublin,Apartments,2.5,10.7,7.3,116.9
2017-07-01,2017-07,2017,2017Q3,Dublin - houses,Dublin,Houses,2.2,11.8,6.4,116.3
2017-07-01,2017-07,2017,2017Q3,Dublin City - houses,Dublin City,Houses,2.2,12.8,6.1,115.6
2017-07-01,2017-07,2017,2017Q3,Dun Laoghaire-Rathdown - houses,Dun Laoghaire-Rathdown,Houses,1.3,10.2,3.1,115.2
2017-07-01,2017-07,2017,2017Q3,Fingal - houses,Fingal,Houses,1.5,7.6,4.3,111.0
2017-07-01,2017-07,2017,2017Q3,Mid-East - houses,Mid-East,Houses,1.1,12.1,1.5,117.8
2017-07-01,2017-07,2017,2017Q3,Mid-West - houses,Mid-West,Houses,2.1,8.9,4.0,119.2
2017-07-01,2017-07,2017,2017Q3,Midland - houses,Midland,Houses,2.1,13.7,3.4,131.2
2017-07-01,2017-07,2017,2017Q3,National - all residential properties,National,All residential,2.5,11.6,5.5,120.4
2017-07-01,2017-07,2017,2017Q3,National - apartments,National,Apartments,1.9,10.6,4.5,118.8
2017-07-01,2017-07,2017,2017Q3,National - houses,National,Houses,2.5,11.7,5.3,120.3
2017-07-01,2017-07,2017,2017Q3,National excluding Dublin - all residential properties,National excluding Dublin,All residential,2.8,11.4,4.0,124.3
2017-07-01,2017-07,2017,2017Q3,National excluding Dublin - apartments,National excluding Dublin,Apartments,2.0,10.8,0.9,129.6
2017-07-01,2017-07,2017,2017Q3,National excluding Dublin - houses,National excluding Dublin,Houses,2.8,11.6,4.3,123.9
2017-07-01,2017-07,2017,2017Q3,South Dublin - houses,South Dublin,Houses,1.4,12.2,3.4,113.4
2017-07-01,2017-07,2017,2017Q3,South-East - houses,South-East,Houses,0.6,13.5,1.3,122.3
2017-07-01,2017-07,2017,2017Q3,South-West - houses,South-West,Houses,2.9,12.8,4.7,126.0
2017-07-01,2017-07,2017,2017Q3,West - houses,West,Houses,3.1,15.1,4.7,129.7
2017-08-01,2017-08,2017,2017Q3,Border - houses,Border,Houses,1.7,10.8,1.9,121.5
2017-08-01,2017-08,2017,2017Q3,Dublin - all residential properties,Dublin,All residential,1.5,11.7,5.8,118.4
2017-08-01,2017-08,2017,2017Q3,Dublin - apartments,Dublin,Apartments,2.5,11.7,6.6,119.7
2017-08-01,2017-08,2017,2017Q3,Dublin - houses,Dublin,Houses,1.3,11.6,5.5,117.8
2017-08-01,2017-08,2017,2017Q3,Dublin City - houses,Dublin City,Houses,1.6,12.7,6.3,117.5
2017-08-01,2017-08,2017,2017Q3,Dun Laoghaire-Rathdown - houses,Dun Laoghaire-Rathdown,Houses,1.2,9.6,3.1,116.6
2017-08-01,2017-08,2017,2017Q3,Fingal - houses,Fingal,Houses,1.2,9.7,3.5,112.3
2017-08-01,2017-08,2017,2017Q3,Mid-East - houses,Mid-East,Houses,0.9,11.8,2.9,118.9
2017-08-01,2017-08,2017,2017Q3,Mid-West - houses,Mid-West,Houses,2.2,8.9,5.6,121.9
2017-08-01,2017-08,2017,2017Q3,Midland - houses,Midland,Houses,1.2,14.2,5.9,132.8
2017-08-01,2017-08,2017,2017Q3,National - all residential properties,National,All residential,1.5,11.7,5.5,122.2
2017-08-01,2017-08,2017,2017Q3,National - apartments,National,Apartments,2.1,11.7,4.8,121.3
2017-08-01,2017-08,2017,2017Q3,National - houses,National,Houses,1.3,11.6,5.4,121.9
2017-08-01,2017-08,2017,2017Q3,National excluding Dublin - all residential properties,National excluding Dublin,All residential,1.5,11.7,5.1,126.2
2017-08-01,2017-08,2017,2017Q3,National excluding Dublin - apartments,National excluding Dublin,Apartments,2.5,13.5,3.0,132.8
2017-08-01,2017-08,2017,2017Q3,National excluding Dublin - houses,National excluding Dublin,Houses,1.4,11.5,5.3,125.6
2017-08-01,2017-08,2017,2017Q3,South Dublin - houses,South Dublin,Houses,1.4,13.2,4.2,115.0
2017-08-01,2017-08,2017,2017Q3,South-East - houses,South-East,Houses,1.0,11.0,1.5,123.5
2017-08-01,2017-08,2017,2017Q3,South-West - houses,South-West,Houses,1.0,13.4,4.3,127.3
2017-08-01,2017-08,2017,2017Q3,West - houses,West,Houses,1.7,15.2,6.5,132.0
2017-09-01,2017-09,2017,2017Q3,Border - houses,Border,Houses,1.6,11.5,3.8,123.4
2017-09-01,2017-09,2017,2017Q3,Dublin - all residential properties,Dublin,All residential,1.1,11.2,4.9,119.7
2017-09-01,2017-09,2017,2017Q3,Dublin - apartments,Dublin,Apartments,1.7,11.8,6.8,121.8
2017-09-01,2017-09,2017,2017Q3,Dublin - houses,Dublin,Houses,1.0,11.1,4.6,119.0
2017-09-01,2017-09,2017,2017Q3,Dublin City - houses,Dublin City,Houses,1.6,12.6,5.5,119.3
2017-09-01,2017-09,2017,2017Q3,Dun Laoghaire-Rathdown - houses,Dun Laoghaire-Rathdown,Houses,1.3,9.2,3.8,118.1
2017-09-01,2017-09,2017,2017Q3,Fingal - houses,Fingal,Houses,0.7,10.7,3.5,113.1
2017-09-01,2017-09,2017,2017Q3,Mid-East - houses,Mid-East,Houses,2.1,12.8,4.2,121.4
2017-09-01,2017-09,2017,2017Q3,Mid-West - houses,Mid-West,Houses,1.5,9.5,6.0,123.8
2017-09-01,2017-09,2017,2017Q3,Midland - houses,Midland,Houses,1.0,12.7,4.4,134.2
2017-09-01,2017-09,2017,2017Q3,National - all residential properties,National,All residential,1.3,11.9,5.4,123.9
2017-09-01,2017-09,2017,2017Q3,National - apartments,National,Apartments,1.2,11.9,5.4,122.8
2017-09-01,2017-09,2017,2017Q3,National - houses,National,Houses,1.4,11.7,5.3,123.6
2017-09-01,2017-09,2017,2017Q3,National excluding Dublin - all residential properties,National excluding Dublin,All residential,1.6,12.5,6.0,128.1
2017-09-01,2017-09,2017,2017Q3,National excluding Dublin - apartments,National excluding Dublin,Apartments,-0.8,13.7,3.7,131.7
2017-09-01,2017-09,2017,2017Q3,National excluding Dublin - houses,National excluding Dublin,Houses,1.8,12.4,6.1,127.9
2017-09-01,2017-09,2017,2017Q3,South Dublin - houses,South Dublin,Houses,1.4,13.7,4.3,116.6
2017-09-01,2017-09,2017,2017Q3,South-East - houses,South-East,Houses,1.5,11.2,3.1,125.4
2017-09-01,2017-09,2017,2017Q3,South-West - houses,South-West,Houses,1.3,12.8,5.3,128.9
2017-09-01,2017-09,2017,2017Q3,West - houses,West,Houses,1.7,16.3,6.6,134.1
2017-10-01,2017-10,2017,2017Q4,Border - houses,Border,Houses,-0.3,10.7,3.0,123.1
2017-10-01,2017-10,2017,2017Q4,Dublin - all residential properties,Dublin,All residential,0.5,11.5,3.1,120.3
2017-10-01,2017-10,2017,2017Q4,Dublin - apartments,Dublin,Apartments,1.0,12.4,5.3,123.0
2017-10-01,2017-10,2017,2017Q4,Dublin - houses,Dublin,Houses,0.5,11.4,2.8,119.6
2017-10-01,2017-10,2017,2017Q4,Dublin City - houses,Dublin City,Houses,1.1,13.1,4.3,120.6
2017-10-01,2017-10,2017,2017Q4,Dun Laoghaire-Rathdown - houses,Dun Laoghaire-Rathdown,Houses,1.5,9.7,4.1,119.9
2017-10-01,2017-10,2017,2017Q4,Fingal - houses,Fingal,Houses,0.7,11.3,2.6,113.8
2017-10-01,2017-10,2017,2017Q4,Mid-East - houses,Mid-East,Houses,1.4,12.2,4.5,123.2
2017-10-01,2017-10,2017,2017Q4,Mid-West - houses,Mid-West,Houses,0.0,9.7,3.8,123.8
2017-10-01,2017-10,2017,2017Q4,Midland - houses,Midland,Houses,-1.0,9.2,1.3,132.8
2017-10-01,2017-10,2017,2017Q4,National - all residential properties,National,All residential,0.4,11.8,3.2,124.3
2017-10-01,2017-10,2017,2017Q4,National - apartments,National,Apartments,1.4,12.7,4.8,124.4
2017-10-01,2017-10,2017,2017Q4,National - houses,National,Houses,0.3,11.5,3.1,124.0
2017-10-01,2017-10,2017,2017Q4,National excluding Dublin - all residential properties,National excluding Dublin,All residential,0.2,11.9,3.3,128.4
2017-10-01,2017-10,2017,2017Q4,National excluding Dublin - apartments,National excluding Dublin,Apartments,1.8,15.4,3.5,134.1
2017-10-01,2017-10,2017,2017Q4,National excluding Dublin - houses,National excluding Dublin,Houses,0.1,11.6,3.3,128.0
2017-10-01,2017-10,2017,2017Q4,South Dublin - houses,South Dublin,Houses,0.3,13.6,3.2,117.0
2017-10-01,2017-10,2017,2017Q4,South-East - houses,South-East,Houses,1.9,10.9,4.5,127.8
2017-10-01,2017-10,2017,2017Q4,South-West - houses,South-West,Houses,0.1,12.5,2.4,129.1
2017-10-01,2017-10,2017,2017Q4,West - houses,West,Houses,1.2,16.2,4.7,135.8
2017-11-01,2017-11,2017,2017Q4,Border - houses,Border,Houses,3.6,13.1,5.0,127.6
2017-11-01,2017-11,2017,2017Q4,Dublin - all residential properties,Dublin,All residential,0.2,10.5,1.8,120.6
2017-11-01,2017-11,2017,2017Q4,Dublin - apartments,Dublin,Apartments,0.6,11.1,3.4,123.8
2017-11-01,2017-11,2017,2017Q4,Dublin - houses,Dublin,Houses,0.2,10.6,1.8,119.9
2017-11-01,2017-11,2017,2017Q4,Dublin City - houses,Dublin City,Houses,0.7,12.8,3.4,121.5
2017-11-01,2017-11,2017,2017Q4,Dun Laoghaire-Rathdown - houses,Dun Laoghaire-Rathdown,Houses,0.5,9.0,3.4,120.6
2017-11-01,2017-11,2017,2017Q4,Fingal - houses,Fingal,Houses,1.5,12.2,2.9,115.5
2017-11-01,2017-11,2017,2017Q4,Mid-East - houses,Mid-East,Houses,0.8,11.3,4.4,124.1
2017-11-01,2017-11,2017,2017Q4,Mid-West - houses,Mid-West,Houses,1.5,8.8,3.1,125.7
2017-11-01,2017-11,2017,2017Q4,Midland - houses,Midland,Houses,1.2,10.5,1.2,134.4
2017-11-01,2017-11,2017,2017Q4,National - all residential properties,National,All residential,0.8,11.1,2.5,125.3
2017-11-01,2017-11,2017,2017Q4,National - apartments,National,Apartments,1.0,12.1,3.6,125.7
2017-11-01,2017-11,2017,2017Q4,National - houses,National,Houses,0.8,11.1,2.6,125.0
2017-11-01,2017-11,2017,2017Q4,National excluding Dublin - all residential properties,National excluding Dublin,All residential,1.3,11.8,3.2,130.1
2017-11-01,2017-11,2017,2017Q4,National excluding Dublin - apartments,National excluding Dublin,Apartments,0.8,14.4,1.9,135.2
2017-11-01,2017-11,2017,2017Q4,National excluding Dublin - houses,National excluding Dublin,Houses,1.4,11.6,3.3,129.8
2017-11-01,2017-11,2017,2017Q4,South Dublin - houses,South Dublin,Houses,0.2,12.2,2.0,117.3
2017-11-01,2017-11,2017,2017Q4,South-East - houses,South-East,Houses,1.0,11.4,4.5,129.1
2017-11-01,2017-11,2017,2017Q4,South-West - houses,South-West,Houses,1.8,12.2,3.2,131.4
2017-11-01,2017-11,2017,2017Q4,West - houses,West,Houses,1.5,15.8,4.5,137.9
2017-12-01,2017-12,2017,2017Q4,Border - houses,Border,Houses,1.7,14.7,5.1,129.8
2017-12-01,2017-12,2017,2017Q4,Dublin - all residential properties,Dublin,All residential,0.4,11.7,1.1,121.1
2017-12-01,2017-12,2017,2017Q4,Dublin - apartments,Dublin,Apartments,1.9,14.9,3.6,126.2
2017-12-01,2017-12,2017,2017Q4,Dublin - houses,Dublin,Houses,0.0,10.8,0.7,119.9
2017-12-01,2017-12,2017,2017Q4,Dublin City - houses,Dublin City,Houses,-0.1,13.0,1.8,121.4
2017-12-01,2017-12,2017,2017Q4,Dun Laoghaire-Rathdown - houses,Dun Laoghaire-Rathdown,Houses,0.8,9.1,2.9,121.5
2017-12-01,2017-12,2017,2017Q4,Fingal - houses,Fingal,Houses,0.9,13.0,3.0,116.5
2017-12-01,2017-12,2017,2017Q4,Mid-East - houses,Mid-East,Houses,1.2,11.6,3.4,125.6
2017-12-01,2017-12,2017,2017Q4,Mid-West - houses,Mid-West,Houses,1.2,10.5,2.8,127.2
2017-12-01,2017-12,2017,2017Q4,Midland - houses,Midland,Houses,0.9,11.0,1.1,135.6
2017-12-01,2017-12,2017,2017Q4,National - all residential properties,National,All residential,0.5,12.1,1.6,125.9
2017-12-01,2017-12,2017,2017Q4,National - apartments,National,Apartments,1.5,14.1,3.9,127.5
2017-12-01,2017-12,2017,2017Q4,National - houses,National,Houses,0.3,11.7,1.5,125.4
2017-12-01,2017-12,2017,2017Q4,National excluding Dublin - all residential properties,National excluding Dublin,All residential,0.5,12.6,2.1,130.8
2017-12-01,2017-12,2017,2017Q4,National excluding Dublin - apartments,National excluding Dublin,Apartments,-0.4,13.4,2.3,134.7
2017-12-01,2017-12,2017,2017Q4,National excluding Dublin - houses,National excluding Dublin,Houses,0.6,12.6,2.1,130.6
2017-12-01,2017-12,2017,2017Q4,South Dublin - houses,South Dublin,Houses,0.6,11.3,1.2,118.0
2017-12-01,2017-12,2017,2017Q4,South-East - houses,South-East,Houses,1.1,10.5,4.1,130.5
2017-12-01,2017-12,2017,2017Q4,South-West - houses,South-West,Houses,-0.1,12.5,1.9,131.3
2017-12-01,2017-12,2017,2017Q4,West - houses,West,Houses,1.8,16.9,4.7,140.4
2018-01-01,2018-01,2018,2018Q1,Border - houses,Border,Houses,0.2,13.8,5.7,130.1
2018-01-01,2018-01,2018,2018Q1,Dublin - all residential properties,Dublin,All residential,0.6,11.7,1.2,121.8
2018-01-01,2018-01,2018,2018Q1,Dublin - apartments,Dublin,Apartments,0.1,14.1,2.7,126.4
2018-01-01,2018-01,2018,2018Q1,Dublin - houses,Dublin,Houses,0.8,11.2,1.0,120.8
2018-01-01,2018-01,2018,2018Q1,Dublin City - houses,Dublin City,Houses,1.0,13.1,1.7,122.6
2018-01-01,2018-01,2018,2018Q1,Dun Laoghaire-Rathdown - houses,Dun Laoghaire-Rathdown,Houses,0.5,8.8,1.8,122.1
2018-01-01,2018-01,2018,2018Q1,Fingal - houses,Fingal,Houses,0.8,13.9,3.2,117.4
2018-01-01,2018-01,2018,2018Q1,Mid-East - houses,Mid-East,Houses,0.4,11.5,2.4,126.1
2018-01-01,2018-01,2018,2018Q1,Mid-West - houses,Mid-West,Houses,1.9,12.6,4.7,129.7
2018-01-01,2018-01,2018,2018Q1,Midland - houses,Midland,Houses,0.9,12.2,3.0,136.8
2018-01-01,2018-01,2018,2018Q1,National - all residential properties,National,All residential,0.5,11.9,1.7,126.5
2018-01-01,2018-01,2018,2018Q1,National - apartments,National,Apartments,0.2,12.9,2.6,127.7
2018-01-01,2018-01,2018,2018Q1,National - houses,National,Houses,0.7,11.9,1.8,126.3
2018-01-01,2018-01,2018,2018Q1,National excluding Dublin - all residential properties,National excluding Dublin,All residential,0.3,12.1,2.2,131.3
2018-01-01,2018-01,2018,2018Q1,National excluding Dublin - apartments,National excluding Dublin,Apartments,-1.8,8.5,-1.3,132.4
2018-01-01,2018-01,2018,2018Q1,National excluding Dublin - houses,National excluding Dublin,Houses,0.6,12.5,2.6,131.3
2018-01-01,2018-01,2018,2018Q1,South Dublin - houses,South Dublin,Houses,0.9,11.4,1.7,119.0
2018-01-01,2018-01,2018,2018Q1,South-East - houses,South-East,Houses,0.6,8.8,2.7,131.3
2018-01-01,2018-01,2018,2018Q1,South-West - houses,South-West,Houses,1.3,12.8,3.0,133.0
2018-01-01,2018-01,2018,2018Q1,West - houses,West,Houses,0.8,16.1,4.2,141.5
2018-02-01,2018-02,2018,2018Q1,Border - houses,Border,Houses,-0.6,9.5,1.4,129.3
2018-02-01,2018-02,2018,2018Q1,Dublin - all residential properties,Dublin,All residential,0.9,12.5,1.9,122.9
2018-02-01,2018-02,2018,2018Q1,Dublin - apartments,Dublin,Apartments,-0.5,14.0,1.5,125.7
2018-02-01,2018-02,2018,2018Q1,Dublin - houses,Dublin,Houses,1.4,12.3,2.2,122.5
2018-02-01,2018-02,2018,2018Q1,Dublin City - houses,Dublin City,Houses,1.5,14.1,2.5,124.5
2018-02-01,2018-02,2018,2018Q1,Dun Laoghaire-Rathdown - houses,Dun Laoghaire-Rathdown,Houses,0.8,9.6,2.1,123.1
2018-02-01,2018-02,2018,2018Q1,Fingal - houses,Fingal,Houses,1.6,14.3,3.3,119.3
2018-02-01,2018-02,2018,2018Q1,Mid-East - houses,Mid-East,Houses,1.2,11.5,2.8,127.6
2018-02-01,2018-02,2018,2018Q1,Mid-West - houses,Mid-West,Houses,1.1,14.0,4.3,131.1
2018-02-01,2018-02,2018,2018Q1,Midland - houses,Midland,Houses,1.5,14.4,3.4,138.9
2018-02-01,2018-02,2018,2018Q1,National - all residential properties,National,All residential,0.8,12.5,1.7,127.4
2018-02-01,2018-02,2018,2018Q1,National - apartments,National,Apartments,0.9,13.7,2.5,128.8
2018-02-01,2018-02,2018,2018Q1,National - houses,National,Houses,0.7,12.3,1.7,127.2
2018-02-01,2018-02,2018,2018Q1,National excluding Dublin - all residential properties,National excluding Dublin,All residential,0.6,12.4,1.4,132.0
2018-02-01,2018-02,2018,2018Q1,National excluding Dublin - apartments,National excluding Dublin,Apartments,4.1,11.7,1.9,137.8
2018-02-01,2018-02,2018,2018Q1,National excluding Dublin - houses,National excluding Dublin,Houses,0.1,12.4,1.3,131.5
2018-02-01,2018-02,2018,2018Q1,South Dublin - houses,South Dublin,Houses,-0.3,10.9,1.3,118.7
2018-02-01,2018-02,2018,2018Q1,South-East - houses,South-East,Houses,0.0,8.5,1.7,131.3
2018-02-01,2018-02,2018,2018Q1,South-West - houses,South-West,Houses,-0.2,13.3,1.0,132.7
2018-02-01,2018-02,2018,2018Q1,West - houses,West,Houses,0.2,14.9,2.8,141.7
2018-03-01,2018-03,2018,2018Q1,Border - houses,Border,Houses,-0.8,9.2,-1.2,128.2
2018-03-01,2018-03,2018,2018Q1,Dublin - all residential properties,Dublin,All residential,-0.1,11.7,1.5,122.8
2018-03-01,2018-03,2018,2018Q1,Dublin - apartments,Dublin,Apartments,-0.4,13.9,-0.8,125.2
2018-03-01,2018-03,2018,2018Q1,Dublin - houses,Dublin,Houses,0.0,11.3,2.2,122.5
2018-03-01,2018-03,2018,2018Q1,Dublin City - houses,Dublin City,Houses,0.7,14.1,3.3,125.4
2018-03-01,2018-03,2018,2018Q1,Dun Laoghaire-Rathdown - houses,Dun Laoghaire-Rathdown,Houses,-0.1,9.1,1.2,123.0
2018-03-01,2018-03,2018,2018Q1,Fingal - houses,Fingal,Houses,0.4,13.3,2.8,119.8
2018-03-01,2018-03,2018,2018Q1,Mid-East - houses,Mid-East,Houses,1.2,12.4,2.8,129.1
2018-03-01,2018-03,2018,2018Q1,Mid-West - houses,Mid-West,Houses,1.8,16.8,4.9,133.4
2018-03-01,2018-03,2018,2018Q1,Midland - houses,Midland,Houses,1.9,13.6,4.4,141.5
2018-03-01,2018-03,2018,2018Q1,National - all residential properties,National,All residential,0.6,12.6,1.8,128.2
2018-03-01,2018-03,2018,2018Q1,National - apartments,National,Apartments,0.7,14.2,1.8,129.8
2018-03-01,2018-03,2018,2018Q1,National - houses,National,Houses,0.6,12.4,2.0,127.9
2018-03-01,2018-03,2018,2018Q1,National excluding Dublin - all residential properties,National excluding Dublin,All residential,1.3,13.7,2.2,133.8
2018-03-01,2018-03,2018,2018Q1,National excluding Dublin - apartments,National excluding Dublin,Apartments,3.1,13.6,5.5,142.1
2018-03-01,2018-03,2018,2018Q1,National excluding Dublin - houses,National excluding Dublin,Houses,1.1,13.5,1.8,132.9
2018-03-01,2018-03,2018,2018Q1,South Dublin - houses,South Dublin,Houses,-0.3,9.6,0.3,118.3
2018-03-01,2018-03,2018,2018Q1,South-East - houses,South-East,Houses,1.8,10.8,2.4,133.6
2018-03-01,2018-03,2018,2018Q1,South-West - houses,South-West,Houses,0.1,11.7,1.1,132.8
2018-03-01,2018-03,2018,2018Q1,West - houses,West,Houses,1.1,17.7,2.1,143.3
2018-04-01,2018-04,2018,2018Q2,Border - houses,Border,Houses,-1.1,8.1,-2.5,126.8
2018-04-01,2018-04,2018,2018Q2,Dublin - all residential properties,Dublin,All residential,0.4,13.0,1.2,123.3
2018-04-01,2018-04,2018,2018Q2,Dublin - apartments,Dublin,Apartments,1.0,16.1,0.0,126.4
2018-04-01,2018-04,2018,2018Q2,Dublin - houses,Dublin,Houses,0.1,12.2,1.5,122.7
2018-04-01,2018-04,2018,2018Q2,Dublin City - houses,Dublin City,Houses,0.2,15.3,2.4,125.6
2018-04-01,2018-04,2018,2018Q2,Dun Laoghaire-Rathdown - houses,Dun Laoghaire-Rathdown,Houses,0.6,10.7,1.3,123.8
2018-04-01,2018-04,2018,2018Q2,Fingal - houses,Fingal,Houses,0.5,13.1,2.5,120.3
2018-04-01,2018-04,2018,2018Q2,Mid-East - houses,Mid-East,Houses,0.7,11.9,3.1,130.0
2018-04-01,2018-04,2018,2018Q2,Mid-West - houses,Mid-West,Houses,2.2,18.9,5.1,136.3
2018-04-01,2018-04,2018,2018Q2,Midland - houses,Midland,Houses,1.4,13.2,4.9,143.5
2018-04-01,2018-04,2018,2018Q2,National - all residential properties,National,All residential,1.0,13.4,2.4,129.5
2018-04-01,2018-04,2018,2018Q2,National - apartments,National,Apartments,1.8,16.2,3.4,132.1
2018-04-01,2018-04,2018,2018Q2,National - houses,National,Houses,0.7,12.8,2.0,128.9
2018-04-01,2018-04,2018,2018Q2,National excluding Dublin - all residential properties,National excluding Dublin,All residential,1.6,13.8,3.6,136.0
2018-04-01,2018-04,2018,2018Q2,National excluding Dublin - apartments,National excluding Dublin,Apartments,4.9,16.1,12.7,149.1
2018-04-01,2018-04,2018,2018Q2,National excluding Dublin - houses,National excluding Dublin,Houses,1.3,13.3,2.5,134.6
2018-04-01,2018-04,2018,2018Q2,South Dublin - houses,South Dublin,Houses,-0.6,7.3,-1.2,117.6
2018-04-01,2018-04,2018,2018Q2,South-East - houses,South-East,Houses,1.8,12.7,3.6,136.0
2018-04-01,2018-04,2018,2018Q2,South-West - houses,South-West,Houses,1.1,11.6,0.9,134.2
2018-04-01,2018-04,2018,2018Q2,West - houses,West,Houses,0.9,16.8,2.2,144.6
2018-05-01,2018-05,2018,2018Q2,Border - houses,Border,Houses,-2.8,3.5,-4.6,123.3
2018-05-01,2018-05,2018,2018Q2,Dublin - all residential properties,Dublin,All residential,0.7,11.0,1.1,124.2
2018-05-01,2018-05,2018,2018Q2,Dublin - apartments,Dublin,Apartments,1.3,14.0,1.9,128.0
2018-05-01,2018-05,2018,2018Q2,Dublin - houses,Dublin,Houses,0.5,10.4,0.6,123.3
2018-05-01,2018-05,2018,2018Q2,Dublin City - houses,Dublin City,Houses,0.5,14.2,1.4,126.3
2018-05-01,2018-05,2018,2018Q2,Dun Laoghaire-Rathdown - houses,Dun Laoghaire-Rathdown,Houses,0.9,10.4,1.5,124.9
2018-05-01,2018-05,2018,2018Q2,Fingal - houses,Fingal,Houses,-0.3,10.6,0.6,120.0
2018-05-01,2018-05,2018,2018Q2,Mid-East - houses,Mid-East,Houses,0.7,13.2,2.6,130.9
2018-05-01,2018-05,2018,2018Q2,Mid-West - houses,Mid-West,Houses,2.4,20.9,6.5,139.5
2018-05-01,2018-05,2018,2018Q2,Midland - houses,Midland,Houses,-0.1,14.3,3.2,143.3
2018-05-01,2018-05,2018,2018Q2,National - all residential properties,National,All residential,0.6,12.4,2.3,130.3
2018-05-01,2018-05,2018,2018Q2,National - apartments,National,Apartments,1.0,15.2,3.5,133.4
2018-05-01,2018-05,2018,2018Q2,National - houses,National,Houses,0.5,12.0,1.9,129.6
2018-05-01,2018-05,2018,2018Q2,National excluding Dublin - all residential properties,National excluding Dublin,All residential,0.5,13.9,3.5,136.7
2018-05-01,2018-05,2018,2018Q2,National excluding Dublin - apartments,National excluding Dublin,Apartments,0.6,16.4,8.9,150.1
2018-05-01,2018-05,2018,2018Q2,National excluding Dublin - houses,National excluding Dublin,Houses,0.6,13.5,3.0,135.4
2018-05-01,2018-05,2018,2018Q2,South Dublin - houses,South Dublin,Houses,0.3,6.9,-0.6,118.0
2018-05-01,2018-05,2018,2018Q2,South-East - houses,South-East,Houses,-1.4,10.2,2.1,134.1
2018-05-01,2018-05,2018,2018Q2,South-West - houses,South-West,Houses,1.8,12.1,3.0,136.7
2018-05-01,2018-05,2018,2018Q2,West - houses,West,Houses,0.7,17.5,2.8,145.6
2018-06-01,2018-06,2018,2018Q2,Border - houses,Border,Houses,0.9,4.7,-2.9,124.5
2018-06-01,2018-06,2018,2018Q2,Dublin - all residential properties,Dublin,All residential,0.1,9.0,1.2,124.4
2018-06-01,2018-06,2018,2018Q2,Dublin - apartments,Dublin,Apartments,0.9,13.3,3.2,129.2
2018-06-01,2018-06,2018,2018Q2,Dublin - houses,Dublin,Houses,-0.2,8.1,0.5,123.1
2018-06-01,2018-06,2018,2018Q2,Dublin City - houses,Dublin City,Houses,-0.3,11.3,0.4,125.9
2018-06-01,2018-06,2018,2018Q2,Dun Laoghaire-Rathdown - houses,Dun Laoghaire-Rathdown,Houses,0.0,9.8,1.6,125.0
2018-06-01,2018-06,2018,2018Q2,Fingal - houses,Fingal,Houses,0.0,9.8,0.2,120.0
2018-06-01,2018-06,2018,2018Q2,Mid-East - houses,Mid-East,Houses,1.2,13.6,2.5,132.4
2018-06-01,2018-06,2018,2018Q2,Mid-West - houses,Mid-West,Houses,3.0,23.1,7.8,143.8
2018-06-01,2018-06,2018,2018Q2,Midland - houses,Midland,Houses,0.9,12.6,2.2,144.6
2018-06-01,2018-06,2018,2018Q2,National - all residential properties,National,All residential,1.0,12.0,2.6,131.6
2018-06-01,2018-06,2018,2018Q2,National - apartments,National,Apartments,0.8,15.4,3.6,134.5
2018-06-01,2018-06,2018,2018Q2,National - houses,National,Houses,1.0,11.5,2.3,130.9
2018-06-01,2018-06,2018,2018Q2,National excluding Dublin - all residential properties,National excluding Dublin,All residential,1.9,15.2,4.1,139.3
2018-06-01,2018-06,2018,2018Q2,National excluding Dublin - apartments,National excluding Dublin,Apartments,0.6,18.9,6.2,150.9
2018-06-01,2018-06,2018,2018Q2,National excluding Dublin - houses,National excluding Dublin,Houses,2.1,14.7,4.0,138.3
2018-06-01,2018-06,2018,2018Q2,South Dublin - houses,South Dublin,Houses,0.3,5.9,0.0,118.4
2018-06-01,2018-06,2018,2018Q2,South-East - houses,South-East,Houses,0.4,10.7,0.7,134.6
2018-06-01,2018-06,2018,2018Q2,South-West - houses,South-West,Houses,2.3,14.2,5.3,139.9
2018-06-01,2018-06,2018,2018Q2,West - houses,West,Houses,1.4,17.4,3.0,147.6
2018-07-01,2018-07,2018,2018Q3,Border - houses,Border,Houses,0.4,4.6,-1.4,125.0
2018-07-01,2018-07,2018,2018Q3,Dublin - all residential properties,Dublin,All residential,0.8,7.4,1.6,125.3
2018-07-01,2018-07,2018,2018Q3,Dublin - apartments,Dublin,Apartments,0.4,11.0,2.6,129.7
2018-07-01,2018-07,2018,2018Q3,Dublin - houses,Dublin,Houses,0.9,6.8,1.3,124.2
2018-07-01,2018-07,2018,2018Q3,Dublin City - houses,Dublin City,Houses,0.3,9.2,0.5,126.3
2018-07-01,2018-07,2018,2018Q3,Dun Laoghaire-Rathdown - houses,Dun Laoghaire-Rathdown,Houses,1.4,10.0,2.4,126.7
2018-07-01,2018-07,2018,2018Q3,Fingal - houses,Fingal,Houses,-0.4,7.7,-0.7,119.5
2018-07-01,2018-07,2018,2018Q3,Mid-East - houses,Mid-East,Houses,0.2,12.5,2.0,132.6
2018-07-01,2018-07,2018,2018Q3,Mid-West - houses,Mid-West,Houses,1.6,22.5,7.2,146.0
2018-07-01,2018-07,2018,2018Q3,Midland - houses,Midland,Houses,1.4,11.7,2.1,146.6
2018-07-01,2018-07,2018,2018Q3,National - all residential properties,National,All residential,0.6,9.9,2.3,132.4
2018-07-01,2018-07,2018,2018Q3,National - apartments,National,Apartments,0.6,14.0,2.5,135.4
2018-07-01,2018-07,2018,2018Q3,National - houses,National,Houses,0.7,9.6,2.3,131.8
2018-07-01,2018-07,2018,2018Q3,National excluding Dublin - all residential properties,National excluding Dublin,All residential,0.5,12.7,3.0,140.0
2018-07-01,2018-07,2018,2018Q3,National excluding Dublin - apartments,National excluding Dublin,Apartments,1.0,17.7,2.2,152.4
2018-07-01,2018-07,2018,2018Q3,National excluding Dublin - houses,National excluding Dublin,Houses,0.5,12.2,3.2,139.0
2018-07-01,2018-07,2018,2018Q3,South Dublin - houses,South Dublin,Houses,0.9,5.3,1.5,119.4
2018-07-01,2018-07,2018,2018Q3,South-East - houses,South-East,Houses,0.5,10.5,-0.6,135.2
2018-07-01,2018-07,2018,2018Q3,South-West - houses,South-West,Houses,0.6,11.6,4.8,140.6
2018-07-01,2018-07,2018,2018Q3,West - houses,West,Houses,1.6,15.6,3.7,149.9
2018-08-01,2018-08,2018,2018Q3,Border - houses,Border,Houses,2.4,5.4,3.8,128.0
2018-08-01,2018-08,2018,2018Q3,Dublin - all residential properties,Dublin,All residential,0.8,6.6,1.6,126.3
2018-08-01,2018-08,2018,2018Q3,Dublin - apartments,Dublin,Apartments,1.0,9.4,2.4,131.0
2018-08-01,2018-08,2018,2018Q3,Dublin - houses,Dublin,Houses,0.7,6.2,1.4,125.1
2018-08-01,2018-08,2018,2018Q3,Dublin City - houses,Dublin City,Houses,0.4,7.9,0.4,126.7
2018-08-01,2018-08,2018,2018Q3,Dun Laoghaire-Rathdown - houses,Dun Laoghaire-Rathdown,Houses,0.9,9.7,2.4,127.9
2018-08-01,2018-08,2018,2018Q3,Fingal - houses,Fingal,Houses,-0.6,5.8,-1.0,118.8
2018-08-01,2018-08,2018,2018Q3,Mid-East - houses,Mid-East,Houses,0.3,11.8,1.6,132.9
2018-08-01,2018-08,2018,2018Q3,Mid-West - houses,Mid-West,Houses,1.3,21.3,6.0,147.9
2018-08-01,2018-08,2018,2018Q3,Midland - houses,Midland,Houses,0.0,10.4,2.3,146.6
2018-08-01,2018-08,2018,2018Q3,National - all residential properties,National,All residential,0.6,8.9,2.2,133.1
2018-08-01,2018-08,2018,2018Q3,National - apartments,National,Apartments,1.0,12.7,2.5,136.7
2018-08-01,2018-08,2018,2018Q3,National - houses,National,Houses,0.5,8.6,2.2,132.4
2018-08-01,2018-08,2018,2018Q3,National excluding Dublin - all residential properties,National excluding Dublin,All residential,0.3,11.3,2.8,140.4
2018-08-01,2018-08,2018,2018Q3,National excluding Dublin - apartments,National excluding Dublin,Apartments,0.9,15.9,2.5,153.9
2018-08-01,2018-08,2018,2018Q3,National excluding Dublin - houses,National excluding Dublin,Houses,0.3,10.9,2.9,139.4
2018-08-01,2018-08,2018,2018Q3,South Dublin - houses,South Dublin,Houses,1.2,5.1,2.4,120.9
2018-08-01,2018-08,2018,2018Q3,South-East - houses,South-East,Houses,1.4,11.0,2.2,137.1
2018-08-01,2018-08,2018,2018Q3,South-West - houses,South-West,Houses,0.0,10.5,2.9,140.7
2018-08-01,2018-08,2018,2018Q3,West - houses,West,Houses,0.3,14.0,3.3,150.5
2018-09-01,2018-09,2018,2018Q3,Border - houses,Border,Houses,2.4,6.2,5.3,131.1
2018-09-01,2018-09,2018,2018Q3,Dublin - all residential properties,Dublin,All residential,0.8,6.4,2.4,127.3
2018-09-01,2018-09,2018,2018Q3,Dublin - apartments,Dublin,Apartments,0.6,8.2,2.0,131.8
2018-09-01,2018-09,2018,2018Q3,Dublin - houses,Dublin,Houses,0.9,6.1,2.5,126.2
2018-09-01,2018-09,2018,2018Q3,Dublin City - houses,Dublin City,Houses,0.6,6.9,1.3,127.5
2018-09-01,2018-09,2018,2018Q3,Dun Laoghaire-Rathdown - houses,Dun Laoghaire-Rathdown,Houses,0.5,8.9,2.9,128.6
2018-09-01,2018-09,2018,2018Q3,Fingal - houses,Fingal,Houses,0.7,5.8,-0.3,119.6
2018-09-01,2018-09,2018,2018Q3,Mid-East - houses,Mid-East,Houses,0.4,9.9,0.8,133.4
2018-09-01,2018-09,2018,2018Q3,Mid-West - houses,Mid-West,Houses,1.3,21.1,4.2,149.8
2018-09-01,2018-09,2018,2018Q3,Midland - houses,Midland,Houses,2.2,11.7,3.6,149.8
2018-09-01,2018-09,2018,2018Q3,National - all residential properties,National,All residential,0.9,8.5,2.1,134.4
2018-09-01,2018-09,2018,2018Q3,National - apartments,National,Apartments,0.5,11.8,2.1,137.3
2018-09-01,2018-09,2018,2018Q3,National - houses,National,Houses,1.0,8.2,2.2,133.8
2018-09-01,2018-09,2018,2018Q3,National excluding Dublin - all residential properties,National excluding Dublin,All residential,1.0,10.7,1.8,141.9
2018-09-01,2018-09,2018,2018Q3,National excluding Dublin - apartments,National excluding Dublin,Apartments,-0.2,16.6,1.8,153.6
2018-09-01,2018-09,2018,2018Q3,National excluding Dublin - houses,National excluding Dublin,Houses,1.1,10.2,1.9,140.9
2018-09-01,2018-09,2018,2018Q3,South Dublin - houses,South Dublin,Houses,0.7,4.4,2.9,121.8
2018-09-01,2018-09,2018,2018Q3,South-East - houses,South-East,Houses,1.4,10.8,3.2,139.0
2018-09-01,2018-09,2018,2018Q3,South-West - houses,South-West,Houses,0.5,9.7,1.1,141.4
2018-09-01,2018-09,2018,2018Q3,West - houses,West,Houses,1.9,14.3,3.9,153.3
2018-10-01,2018-10,2018,2018Q4,Border - houses,Border,Houses,2.2,8.8,7.2,134.0
2018-10-01,2018-10,2018,2018Q4,Dublin - all residential properties,Dublin,All residential,0.3,6.1,1.9,127.7
2018-10-01,2018-10,2018,2018Q4,Dublin - apartments,Dublin,Apartments,-0.5,6.7,1.1,131.2
2018-10-01,2018-10,2018,2018Q4,Dublin - houses,Dublin,Houses,0.6,6.1,2.2,126.9
2018-10-01,2018-10,2018,2018Q4,Dublin City - houses,Dublin City,Houses,0.1,5.8,1.1,127.6
2018-10-01,2018-10,2018,2018Q4,Dun Laoghaire-Rathdown - houses,Dun Laoghaire-Rathdown,Houses,0.5,7.8,2.0,129.3
2018-10-01,2018-10,2018,2018Q4,Fingal - houses,Fingal,Houses,1.1,6.3,1.2,121.0
2018-10-01,2018-10,2018,2018Q4,Mid-East - houses,Mid-East,Houses,0.1,8.4,0.7,133.5
2018-10-01,2018-10,2018,2018Q4,Mid-West - houses,Mid-West,Houses,0.1,21.2,2.7,150.0
2018-10-01,2018-10,2018,2018Q4,Midland - houses,Midland,Houses,1.1,14.1,3.4,151.5
2018-10-01,2018-10,2018,2018Q4,National - all residential properties,National,All residential,0.2,8.3,1.7,134.7
2018-10-01,2018-10,2018,2018Q4,National - apartments,National,Apartments,0.0,10.3,1.4,137.3
2018-10-01,2018-10,2018,2018Q4,National - houses,National,Houses,0.3,8.3,1.9,134.3
2018-10-01,2018-10,2018,2018Q4,National excluding Dublin - all residential properties,National excluding Dublin,All residential,0.2,10.7,1.5,142.1
2018-10-01,2018-10,2018,2018Q4,National excluding Dublin - apartments,National excluding Dublin,Apartments,0.4,15.0,1.2,154.2
2018-10-01,2018-10,2018,2018Q4,National excluding Dublin - houses,National excluding Dublin,Houses,0.1,10.3,1.6,141.1
2018-10-01,2018-10,2018,2018Q4,South Dublin - houses,South Dublin,Houses,0.6,4.7,2.6,122.5
2018-10-01,2018-10,2018,2018Q4,South-East - houses,South-East,Houses,0.8,9.6,3.6,140.1
2018-10-01,2018-10,2018,2018Q4,South-West - houses,South-West,Houses,0.1,9.6,0.6,141.5
2018-10-01,2018-10,2018,2018Q4,West - houses,West,Houses,0.6,13.5,2.8,154.2
2018-11-01,2018-11,2018,2018Q4,Border - houses,Border,Houses,0.4,5.4,5.0,134.5
2018-11-01,2018-11,2018,2018Q4,Dublin - all residential properties,Dublin,All residential,-0.7,5.1,0.4,126.8
2018-11-01,2018-11,2018,2018Q4,Dublin - apartments,Dublin,Apartments,0.0,6.0,0.1,131.2
2018-11-01,2018-11,2018,2018Q4,Dublin - houses,Dublin,Houses,-0.9,5.0,0.6,125.9
2018-11-01,2018-11,2018,2018Q4,Dublin City - houses,Dublin City,Houses,-0.4,4.6,0.3,127.1
2018-11-01,2018-11,2018,2018Q4,Dun Laoghaire-Rathdown - houses,Dun Laoghaire-Rathdown,Houses,-0.3,6.9,0.7,128.9
2018-11-01,2018-11,2018,2018Q4,Fingal - houses,Fingal,Houses,-0.4,4.3,1.4,120.5
2018-11-01,2018-11,2018,2018Q4,Mid-East - houses,Mid-East,Houses,-0.1,7.5,0.4,133.4
2018-11-01,2018-11,2018,2018Q4,Mid-West - houses,Mid-West,Houses,1.2,20.8,2.7,151.9
2018-11-01,2018-11,2018,2018Q4,Midland - houses,Midland,Houses,-0.4,12.3,3.0,151.0
2018-11-01,2018-11,2018,2018Q4,National - all residential properties,National,All residential,-0.3,7.1,0.8,134.2
2018-11-01,2018-11,2018,2018Q4,National - apartments,National,Apartments,0.3,9.6,0.8,137.8
2018-11-01,2018-11,2018,2018Q4,National - houses,National,Houses,-0.5,6.9,0.9,133.7
2018-11-01,2018-11,2018,2018Q4,National excluding Dublin - all residential properties,National excluding Dublin,All residential,0.0,9.2,1.2,142.1
2018-11-01,2018-11,2018,2018Q4,National excluding Dublin - apartments,National excluding Dublin,Apartments,1.0,15.2,1.3,155.8
2018-11-01,2018-11,2018,2018Q4,National excluding Dublin - houses,National excluding Dublin,Houses,-0.1,8.7,1.2,141.0
2018-11-01,2018-11,2018,2018Q4,South Dublin - houses,South Dublin,Houses,0.2,4.7,1.5,122.7
2018-11-01,2018-11,2018,2018Q4,South-East - houses,South-East,Houses,0.6,9.2,2.8,140.9
2018-11-01,2018-11,2018,2018Q4,South-West - houses,South-West,Houses,0.2,8.0,0.8,141.9
2018-11-01,2018-11,2018,2018Q4,West - houses,West,Houses,-0.2,11.6,2.3,153.9
2018-12-01,2018-12,2018,2018Q4,Border - houses,Border,Houses,2.1,5.8,4.7,137.3
2018-12-01,2018-12,2018,2018Q4,Dublin - all residential properties,Dublin,All residential,-0.8,3.9,-1.2,125.8
2018-12-01,2018-12,2018,2018Q4,Dublin - apartments,Dublin,Apartments,-0.5,3.4,-1.0,130.5
2018-12-01,2018-12,2018,2018Q4,Dublin - houses,Dublin,Houses,-0.9,4.1,-1.1,124.8
2018-12-01,2018-12,2018,2018Q4,Dublin City - houses,Dublin City,Houses,-0.6,4.0,-1.0,126.3
2018-12-01,2018-12,2018,2018Q4,Dun Laoghaire-Rathdown - houses,Dun Laoghaire-Rathdown,Houses,-1.0,5.0,-0.8,127.7
2018-12-01,2018-12,2018,2018Q4,Fingal - houses,Fingal,Houses,0.0,3.4,0.7,120.5
2018-12-01,2018-12,2018,2018Q4,Mid-East - houses,Mid-East,Houses,-0.4,5.8,-0.4,132.9
2018-12-01,2018-12,2018,2018Q4,Mid-West - houses,Mid-West,Houses,-1.0,18.2,0.3,150.4
2018-12-01,2018-12,2018,2018Q4,Midland - houses,Midland,Houses,-0.2,11.1,0.6,150.7
2018-12-01,2018-12,2018,2018Q4,National - all residential properties,National,All residential,-0.3,6.3,-0.4,133.8
2018-12-01,2018-12,2018,2018Q4,National - apartments,National,Apartments,-0.2,7.9,0.2,137.5
2018-12-01,2018-12,2018,2018Q4,National - houses,National,Houses,-0.3,6.2,-0.4,133.3
2018-12-01,2018-12,2018,2018Q4,National excluding Dublin - all residential properties,National excluding Dublin,All residential,0.2,8.9,0.4,142.4
2018-12-01,2018-12,2018,2018Q4,National excluding Dublin - apartments,National excluding Dublin,Apartments,0.1,15.8,1.5,156.0
2018-12-01,2018-12,2018,2018Q4,National excluding Dublin - houses,National excluding Dublin,Houses,0.2,8.2,0.2,141.3
2018-12-01,2018-12,2018,2018Q4,South Dublin - houses,South Dublin,Houses,0.5,4.5,1.3,123.3
2018-12-01,2018-12,2018,2018Q4,South-East - houses,South-East,Houses,0.7,8.7,2.1,141.8
2018-12-01,2018-12,2018,2018Q4,South-West - houses,South-West,Houses,0.9,9.0,1.2,143.1
2018-12-01,2018-12,2018,2018Q4,West - houses,West,Houses,1.1,10.8,1.4,155.5
2019-01-01,2019-01,2019,2019Q1,Border - houses,Border,Houses,-0.8,4.6,1.6,136.1
2019-01-01,2019-01,2019,2019Q1,Dublin - all residential properties,Dublin,All residential,-0.5,2.7,-2.0,125.1
2019-01-01,2019-01,2019,2019Q1,Dublin - apartments,Dublin,Apartments,-0.6,2.7,-1.1,129.7
2019-01-01,2019-01,2019,2019Q1,Dublin - houses,Dublin,Houses,-0.5,2.8,-2.2,124.2
2019-01-01,2019-01,2019,2019Q1,Dublin City - houses,Dublin City,Houses,0.1,3.1,-0.9,126.5
2019-01-01,2019-01,2019,2019Q1,Dun Laoghaire-Rathdown - houses,Dun Laoghaire-Rathdown,Houses,-0.8,3.6,-2.1,126.6
2019-01-01,2019-01,2019,2019Q1,Fingal - houses,Fingal,Houses,-0.4,2.2,-0.8,120.0
2019-01-01,2019-01,2019,2019Q1,Mid-East - houses,Mid-East,Houses,-0.4,4.9,-0.9,132.3
2019-01-01,2019-01,2019,2019Q1,Mid-West - houses,Mid-West,Houses,0.0,16.0,0.3,150.4
2019-01-01,2019-01,2019,2019Q1,Midland - houses,Midland,Houses,0.0,10.1,-0.5,150.7
2019-01-01,2019-01,2019,2019Q1,National - all residential properties,National,All residential,-0.6,5.2,-1.2,133.1
2019-01-01,2019-01,2019,2019Q1,National - apartments,National,Apartments,-0.5,7.2,-0.3,136.8
2019-01-01,2019-01,2019,2019Q1,National - houses,National,Houses,-0.5,5.0,-1.3,132.6
2019-01-01,2019-01,2019,2019Q1,National excluding Dublin - all residential properties,National excluding Dublin,All residential,-0.6,7.9,-0.4,141.6
2019-01-01,2019-01,2019,2019Q1,National excluding Dublin - apartments,National excluding Dublin,Apartments,-0.9,16.8,0.2,154.6
2019-01-01,2019-01,2019,2019Q1,National excluding Dublin - houses,National excluding Dublin,Houses,-0.6,7.0,-0.4,140.5
2019-01-01,2019-01,2019,2019Q1,South Dublin - houses,South Dublin,Houses,-0.2,3.4,0.4,123.0
2019-01-01,2019-01,2019,2019Q1,South-East - houses,South-East,Houses,0.7,8.7,1.9,142.7
2019-01-01,2019-01,2019,2019Q1,South-West - houses,South-West,Houses,-0.1,7.5,1.1,143.0
2019-01-01,2019-01,2019,2019Q1,West - houses,West,Houses,-1.2,8.6,-0.3,153.7
2019-02-01,2019-02,2019,2019Q1,Border - houses,Border,Houses,0.3,5.5,1.5,136.5
2019-02-01,2019-02,2019,2019Q1,Dublin - all residential properties,Dublin,All residential,-0.3,1.4,-1.7,124.7
2019-02-01,2019-02,2019,2019Q1,Dublin - apartments,Dublin,Apartments,-1.1,2.1,-2.2,128.3
2019-02-01,2019-02,2019,2019Q1,Dublin - houses,Dublin,Houses,-0.1,1.3,-1.5,124.0
2019-02-01,2019-02,2019,2019Q1,Dublin City - houses,Dublin City,Houses,0.1,1.7,-0.4,126.6
2019-02-01,2019-02,2019,2019Q1,Dun Laoghaire-Rathdown - houses,Dun Laoghaire-Rathdown,Houses,-1.2,1.6,-3.0,125.1
2019-02-01,2019-02,2019,2019Q1,Fingal - houses,Fingal,Houses,0.6,1.2,0.2,120.7
2019-02-01,2019-02,2019,2019Q1,Mid-East - houses,Mid-East,Houses,-0.6,3.1,-1.4,131.5
2019-02-01,2019-02,2019,2019Q1,Mid-West - houses,Mid-West,Houses,0.0,14.8,-0.9,150.4
2019-02-01,2019-02,2019,2019Q1,Midland - houses,Midland,Houses,0.7,9.3,0.5,151.8
2019-02-01,2019-02,2019,2019Q1,National - all residential properties,National,All residential,-0.2,4.3,-1.0,132.9
2019-02-01,2019-02,2019,2019Q1,National - apartments,National,Apartments,-0.8,5.4,-1.4,135.8
2019-02-01,2019-02,2019,2019Q1,National - houses,National,Houses,0.0,4.2,-0.8,132.5
2019-02-01,2019-02,2019,2019Q1,National excluding Dublin - all residential properties,National excluding Dublin,All residential,0.0,7.3,-0.4,141.6
2019-02-01,2019-02,2019,2019Q1,National excluding Dublin - apartments,National excluding Dublin,Apartments,-0.3,11.8,-1.1,154.0
2019-02-01,2019-02,2019,2019Q1,National excluding Dublin - houses,National excluding Dublin,Houses,0.0,6.9,-0.3,140.6
2019-02-01,2019-02,2019,2019Q1,South Dublin - houses,South Dublin,Houses,-0.3,3.3,-0.1,122.6
2019-02-01,2019-02,2019,2019Q1,South-East - houses,South-East,Houses,1.7,10.5,3.0,145.1
2019-02-01,2019-02,2019,2019Q1,South-West - houses,South-West,Houses,-0.5,7.2,0.3,142.2
2019-02-01,2019-02,2019,2019Q1,West - houses,West,Houses,0.3,8.7,0.1,154.1
2019-03-01,2019-03,2019,2019Q1,Border - houses,Border,Houses,2.3,8.9,1.7,139.6
2019-03-01,2019-03,2019,2019Q1,Dublin - all residential properties,Dublin,All residential,-0.6,0.9,-1.5,123.9
2019-03-01,2019-03,2019,2019Q1,Dublin - apartments,Dublin,Apartments,-0.4,2.1,-2.1,127.8
2019-03-01,2019-03,2019,2019Q1,Dublin - houses,Dublin,Houses,-0.7,0.5,-1.3,123.1
2019-03-01,2019-03,2019,2019Q1,Dublin City - houses,Dublin City,Houses,-0.7,0.3,-0.5,125.7
2019-03-01,2019-03,2019,2019Q1,Dun Laoghaire-Rathdown - houses,Dun Laoghaire-Rathdown,Houses,-1.3,0.3,-3.3,123.4
2019-03-01,2019-03,2019,2019Q1,Fingal - houses,Fingal,Houses,-0.4,0.4,-0.2,120.2
2019-03-01,2019-03,2019,2019Q1,Mid-East - houses,Mid-East,Houses,0.1,2.0,-0.9,131.7
2019-03-01,2019-03,2019,2019Q1,Mid-West - houses,Mid-West,Houses,-1.1,11.6,-1.0,148.8
2019-03-01,2019-03,2019,2019Q1,Midland - houses,Midland,Houses,1.2,8.5,1.9,153.6
2019-03-01,2019-03,2019,2019Q1,National - all residential properties,National,All residential,0.1,3.8,-0.6,133.0
2019-03-01,2019-03,2019,2019Q1,National - apartments,National,Apartments,-0.2,4.4,-1.4,135.5
2019-03-01,2019-03,2019,2019Q1,National - houses,National,Houses,0.1,3.7,-0.4,132.7
2019-03-01,2019-03,2019,2019Q1,National excluding Dublin - all residential properties,National excluding Dublin,All residential,0.9,6.8,0.3,142.9
2019-03-01,2019-03,2019,2019Q1,National excluding Dublin - apartments,National excluding Dublin,Apartments,1.0,9.5,-0.2,155.6
2019-03-01,2019-03,2019,2019Q1,National excluding Dublin - houses,National excluding Dublin,Houses,0.9,6.7,0.3,141.8
2019-03-01,2019-03,2019,2019Q1,South Dublin - houses,South Dublin,Houses,0.0,3.6,-0.6,122.6
2019-03-01,2019-03,2019,2019Q1,South-East - houses,South-East,Houses,0.1,8.7,2.5,145.3
2019-03-01,2019-03,2019,2019Q1,South-West - houses,South-West,Houses,0.1,7.2,-0.5,142.4
2019-03-01,2019-03,2019,2019Q1,West - houses,West,Houses,1.9,9.6,0.9,157.0
2019-04-01,2019-04,2019,2019Q2,Border - houses,Border,Houses,0.5,10.6,3.1,140.3
2019-04-01,2019-04,2019,2019Q2,Dublin - all residential properties,Dublin,All residential,0.0,0.5,-1.0,123.9
2019-04-01,2019-04,2019,2019Q2,Dublin - apartments,Dublin,Apartments,0.5,1.6,-1.0,128.4
2019-04-01,2019-04,2019,2019Q2,Dublin - houses,Dublin,Houses,-0.3,0.1,-1.1,122.8
2019-04-01,2019-04,2019,2019Q2,Dublin City - houses,Dublin City,Houses,-0.4,-0.4,-1.0,125.2
2019-04-01,2019-04,2019,2019Q2,Dun Laoghaire-Rathdown - houses,Dun Laoghaire-Rathdown,Houses,-0.9,-1.2,-3.4,122.3
2019-04-01,2019-04,2019,2019Q2,Fingal - houses,Fingal,Houses,-0.4,-0.4,-0.2,119.8
2019-04-01,2019-04,2019,2019Q2,Mid-East - houses,Mid-East,Houses,0.0,1.3,-0.5,131.7
2019-04-01,2019-04,2019,2019Q2,Mid-West - houses,Mid-West,Houses,-0.4,8.8,-1.5,148.2
2019-04-01,2019-04,2019,2019Q2,Midland - houses,Midland,Houses,0.6,7.7,2.6,154.6
2019-04-01,2019-04,2019,2019Q2,National - all residential properties,National,All residential,0.2,2.9,0.1,133.3
2019-04-01,2019-04,2019,2019Q2,National - apartments,National,Apartments,0.1,2.8,-0.8,135.7
2019-04-01,2019-04,2019,2019Q2,National - houses,National,Houses,0.1,3.0,0.1,132.8
2019-04-01,2019-04,2019,2019Q2,National excluding Dublin - all residential properties,National excluding Dublin,All residential,0.3,5.4,1.3,143.4
2019-04-01,2019-04,2019,2019Q2,National excluding Dublin - apartments,National excluding Dublin,Apartments,0.4,4.8,1.1,156.3
2019-04-01,2019-04,2019,2019Q2,National excluding Dublin - houses,National excluding Dublin,Houses,0.3,5.7,1.2,142.2
2019-04-01,2019-04,2019,2019Q2,South Dublin - houses,South Dublin,Houses,0.0,4.3,-0.3,122.6
2019-04-01,2019-04,2019,2019Q2,South-East - houses,South-East,Houses,-0.1,6.7,1.7,145.2
2019-04-01,2019-04,2019,2019Q2,South-West - houses,South-West,Houses,-0.1,6.0,-0.5,142.3
2019-04-01,2019-04,2019,2019Q2,West - houses,West,Houses,1.0,9.6,3.1,158.5
2019-05-01,2019-05,2019,2019Q2,Border - houses,Border,Houses,1.2,15.2,4.1,142.1
2019-05-01,2019-05,2019,2019Q2,Dublin - all residential properties,Dublin,All residential,0.2,-0.1,-0.5,124.2
2019-05-01,2019-05,2019,2019Q2,Dublin - apartments,Dublin,Apartments,0.0,0.3,0.1,128.4
2019-05-01,2019-05,2019,2019Q2,Dublin - houses,Dublin,Houses,0.2,-0.2,-0.8,123.0
2019-05-01,2019-05,2019,2019Q2,Dublin City - houses,Dublin City,Houses,-0.7,-1.6,-1.8,124.3
2019-05-01,2019-05,2019,2019Q2,Dun Laoghaire-Rathdown - houses,Dun Laoghaire-Rathdown,Houses,-0.9,-3.0,-3.1,121.2
2019-05-01,2019-05,2019,2019Q2,Fingal - houses,Fingal,Houses,1.3,1.1,0.5,121.3
2019-05-01,2019-05,2019,2019Q2,Mid-East - houses,Mid-East,Houses,0.2,0.9,0.3,132.0
2019-05-01,2019-05,2019,2019Q2,Mid-West - houses,Mid-West,Houses,-0.3,5.9,-1.7,147.8
2019-05-01,2019-05,2019,2019Q2,Midland - houses,Midland,Houses,0.1,8.0,2.0,154.8
2019-05-01,2019-05,2019,2019Q2,National - all residential properties,National,All residential,0.3,2.6,0.6,133.6
2019-05-01,2019-05,2019,2019Q2,National - apartments,National,Apartments,-0.1,1.7,-0.1,135.6
2019-05-01,2019-05,2019,2019Q2,National - houses,National,Houses,0.3,2.8,0.5,133.1
2019-05-01,2019-05,2019,2019Q2,National excluding Dublin - all residential properties,National excluding Dublin,All residential,0.4,5.3,1.6,143.9
2019-05-01,2019-05,2019,2019Q2,National excluding Dublin - apartments,National excluding Dublin,Apartments,0.7,4.9,2.2,157.4
2019-05-01,2019-05,2019,2019Q2,National excluding Dublin - houses,National excluding Dublin,Houses,0.3,5.4,1.5,142.7
2019-05-01,2019-05,2019,2019Q2,South Dublin - houses,South Dublin,Houses,-0.1,3.8,0.0,122.6
2019-05-01,2019-05,2019,2019Q2,South-East - houses,South-East,Houses,-0.7,7.5,-0.7,144.1
2019-05-01,2019-05,2019,2019Q2,South-West - houses,South-West,Houses,0.2,4.2,0.2,142.5
2019-05-01,2019-05,2019,2019Q2,West - houses,West,Houses,1.0,9.9,3.9,160.0
2019-06-01,2019-06,2019,2019Q2,Border - houses,Border,Houses,0.2,14.3,1.9,142.3
2019-06-01,2019-06,2019,2019Q2,Dublin - all residential properties,Dublin,All residential,0.3,0.1,0.4,124.5
2019-06-01,2019-06,2019,2019Q2,Dublin - apartments,Dublin,Apartments,0.6,0.0,1.1,129.2
2019-06-01,2019-06,2019,2019Q2,Dublin - houses,Dublin,Houses,0.1,0.1,0.1,123.2
2019-06-01,2019-06,2019,2019Q2,Dublin City - houses,Dublin City,Houses,0.0,-1.3,-1.1,124.3
2019-06-01,2019-06,2019,2019Q2,Dun Laoghaire-Rathdown - houses,Dun Laoghaire-Rathdown,Houses,-0.9,-3.8,-2.6,120.2
2019-06-01,2019-06,2019,2019Q2,Fingal - houses,Fingal,Houses,0.1,1.2,1.0,121.5
2019-06-01,2019-06,2019,2019Q2,Mid-East - houses,Mid-East,Houses,0.4,0.1,0.6,132.5
2019-06-01,2019-06,2019,2019Q2,Mid-West - houses,Mid-West,Houses,0.9,3.7,0.2,149.1
2019-06-01,2019-06,2019,2019Q2,Midland - houses,Midland,Houses,-0.1,6.9,0.6,154.6
2019-06-01,2019-06,2019,2019Q2,National - all residential properties,National,All residential,0.4,2.0,0.9,134.2
2019-06-01,2019-06,2019,2019Q2,National - apartments,National,Apartments,0.4,1.2,0.4,136.1
2019-06-01,2019-06,2019,2019Q2,National - houses,National,Houses,0.4,2.1,0.7,133.6
2019-06-01,2019-06,2019,2019Q2,National excluding Dublin - all residential properties,National excluding Dublin,All residential,0.6,4.0,1.3,144.8
2019-06-01,2019-06,2019,2019Q2,National excluding Dublin - apartments,National excluding Dublin,Apartments,0.9,5.2,2.0,158.7
2019-06-01,2019-06,2019,2019Q2,National excluding Dublin - houses,National excluding Dublin,Houses,0.6,3.8,1.3,143.6
2019-06-01,2019-06,2019,2019Q2,South Dublin - houses,South Dublin,Houses,-0.1,3.5,-0.1,122.5
2019-06-01,2019-06,2019,2019Q2,South-East - houses,South-East,Houses,0.2,7.3,-0.6,144.5
2019-06-01,2019-06,2019,2019Q2,South-West - houses,South-West,Houses,0.5,2.4,0.6,143.2
2019-06-01,2019-06,2019,2019Q2,West - houses,West,Houses,0.2,8.6,2.1,160.3
2019-07-01,2019-07,2019,2019Q3,Border - houses,Border,Houses,1.4,15.4,2.8,144.3
2019-07-01,2019-07,2019,2019Q3,Dublin - all residential properties,Dublin,All residential,0.7,0.0,1.1,125.3
2019-07-01,2019-07,2019,2019Q3,Dublin - apartments,Dublin,Apartments,1.5,1.1,2.2,131.2
2019-07-01,2019-07,2019,2019Q3,Dublin - houses,Dublin,Houses,0.4,-0.4,0.7,123.7
2019-07-01,2019-07,2019,2019Q3,Dublin City - houses,Dublin City,Houses,0.5,-1.1,-0.2,124.9
2019-07-01,2019-07,2019,2019Q3,Dun Laoghaire-Rathdown - houses,Dun Laoghaire-Rathdown,Houses,-0.6,-5.8,-2.4,119.4
2019-07-01,2019-07,2019,2019Q3,Fingal - houses,Fingal,Houses,-0.1,1.6,1.3,121.4
2019-07-01,2019-07,2019,2019Q3,Mid-East - houses,Mid-East,Houses,0.5,0.4,1.0,133.1
2019-07-01,2019-07,2019,2019Q3,Mid-West - houses,Mid-West,Houses,1.8,4.0,2.4,151.8
2019-07-01,2019-07,2019,2019Q3,Midland - houses,Midland,Houses,-1.7,3.7,-1.7,152.0
2019-07-01,2019-07,2019,2019Q3,National - all residential properties,National,All residential,0.8,2.2,1.6,135.3
2019-07-01,2019-07,2019,2019Q3,National - apartments,National,Apartments,0.9,1.5,1.2,137.4
2019-07-01,2019-07,2019,2019Q3,National - houses,National,Houses,0.7,2.1,1.4,134.6
2019-07-01,2019-07,2019,2019Q3,National excluding Dublin - all residential properties,National excluding Dublin,All residential,1.0,4.4,2.0,146.2
2019-07-01,2019-07,2019,2019Q3,National excluding Dublin - apartments,National excluding Dublin,Apartments,0.6,4.8,2.2,159.7
2019-07-01,2019-07,2019,2019Q3,National excluding Dublin - houses,National excluding Dublin,Houses,1.0,4.4,2.0,145.0
2019-07-01,2019-07,2019,2019Q3,South Dublin - houses,South Dublin,Houses,0.4,2.9,0.2,122.9
2019-07-01,2019-07,2019,2019Q3,South-East - houses,South-East,Houses,0.8,7.7,0.2,145.6
2019-07-01,2019-07,2019,2019Q3,South-West - houses,South-West,Houses,0.7,2.5,1.3,144.2
2019-07-01,2019-07,2019,2019Q3,West - houses,West,Houses,1.0,8.0,2.1,161.9
2019-08-01,2019-08,2019,2019Q3,Border - houses,Border,Houses,0.1,12.8,1.7,144.4
2019-08-01,2019-08,2019,2019Q3,Dublin - all residential properties,Dublin,All residential,0.4,-0.4,1.3,125.8
2019-08-01,2019-08,2019,2019Q3,Dublin - apartments,Dublin,Apartments,0.7,0.8,2.9,132.1
2019-08-01,2019-08,2019,2019Q3,Dublin - houses,Dublin,Houses,0.3,-0.8,0.8,124.1
2019-08-01,2019-08,2019,2019Q3,Dublin City - houses,Dublin City,Houses,0.4,-1.0,1.0,125.5
2019-08-01,2019-08,2019,2019Q3,Dun Laoghaire-Rathdown - houses,Dun Laoghaire-Rathdown,Houses,0.3,-6.4,-1.2,119.7
2019-08-01,2019-08,2019,2019Q3,Fingal - houses,Fingal,Houses,-0.1,2.1,0.0,121.3
2019-08-01,2019-08,2019,2019Q3,Mid-East - houses,Mid-East,Houses,0.0,0.1,0.8,133.1
2019-08-01,2019-08,2019,2019Q3,Mid-West - houses,Mid-West,Houses,1.4,4.1,4.1,153.9
2019-08-01,2019-08,2019,2019Q3,Midland - houses,Midland,Houses,1.5,5.2,-0.4,154.2
2019-08-01,2019-08,2019,2019Q3,National - all residential properties,National,All residential,0.3,1.9,1.6,135.7
2019-08-01,2019-08,2019,2019Q3,National - apartments,National,Apartments,0.5,1.0,1.8,138.0
2019-08-01,2019-08,2019,2019Q3,National - houses,National,Houses,0.3,1.9,1.4,134.9
2019-08-01,2019-08,2019,2019Q3,National excluding Dublin - all residential properties,National excluding Dublin,All residential,0.2,4.3,1.8,146.5
2019-08-01,2019-08,2019,2019Q3,National excluding Dublin - apartments,National excluding Dublin,Apartments,0.3,4.1,1.8,160.2
2019-08-01,2019-08,2019,2019Q3,National excluding Dublin - houses,National excluding Dublin,Houses,0.2,4.2,1.8,145.3
2019-08-01,2019-08,2019,2019Q3,South Dublin - houses,South Dublin,Houses,-0.3,1.3,0.0,122.5
2019-08-01,2019-08,2019,2019Q3,South-East - houses,South-East,Houses,-0.6,5.6,0.4,144.7
2019-08-01,2019-08,2019,2019Q3,South-West - houses,South-West,Houses,0.3,2.8,1.5,144.6
2019-08-01,2019-08,2019,2019Q3,West - houses,West,Houses,0.5,8.1,1.7,162.7
2019-09-01,2019-09,2019,2019Q3,Border - houses,Border,Houses,1.1,11.4,2.6,146.0
2019-09-01,2019-09,2019,2019Q3,Dublin - all residential properties,Dublin,All residential,0.1,-1.1,1.2,125.9
2019-09-01,2019-09,2019,2019Q3,Dublin - apartments,Dublin,Apartments,-0.1,0.0,2.1,131.9
2019-09-01,2019-09,2019,2019Q3,Dublin - houses,Dublin,Houses,0.3,-1.4,1.0,124.4
2019-09-01,2019-09,2019,2019Q3,Dublin City - houses,Dublin City,Houses,0.6,-1.0,1.6,126.3
2019-09-01,2019-09,2019,2019Q3,Dun Laoghaire-Rathdown - houses,Dun Laoghaire-Rathdown,Houses,0.0,-6.9,-0.4,119.7
2019-09-01,2019-09,2019,2019Q3,Fingal - houses,Fingal,Houses,0.5,1.9,0.4,121.9
2019-09-01,2019-09,2019,2019Q3,Mid-East - houses,Mid-East,Houses,0.2,0.0,0.7,133.4
2019-09-01,2019-09,2019,2019Q3,Mid-West - houses,Mid-West,Houses,1.9,4.6,5.1,156.8
2019-09-01,2019-09,2019,2019Q3,Midland - houses,Midland,Houses,0.8,3.8,0.6,155.5
2019-09-01,2019-09,2019,2019Q3,National - all residential properties,National,All residential,0.1,1.1,1.2,135.9
2019-09-01,2019-09,2019,2019Q3,National - apartments,National,Apartments,0.2,0.7,1.6,138.3
2019-09-01,2019-09,2019,2019Q3,National - houses,National,Houses,0.2,1.0,1.2,135.2
2019-09-01,2019-09,2019,2019Q3,National excluding Dublin - all residential properties,National excluding Dublin,All residential,0.1,3.4,1.3,146.7
2019-09-01,2019-09,2019,2019Q3,National excluding Dublin - apartments,National excluding Dublin,Apartments,0.6,4.9,1.5,161.2
2019-09-01,2019-09,2019,2019Q3,National excluding Dublin - houses,National excluding Dublin,Houses,0.1,3.2,1.3,145.4
2019-09-01,2019-09,2019,2019Q3,South Dublin - houses,South Dublin,Houses,-0.7,-0.1,-0.7,121.6
2019-09-01,2019-09,2019,2019Q3,South-East - houses,South-East,Houses,-0.5,3.6,-0.3,144.0
2019-09-01,2019-09,2019,2019Q3,South-West - houses,South-West,Houses,0.0,2.3,1.0,144.7
2019-09-01,2019-09,2019,2019Q3,West - houses,West,Houses,-0.5,5.6,1.0,161.9
2019-10-01,2019-10,2019,2019Q4,Border - houses,Border,Houses,0.4,9.4,1.6,146.5
2019-10-01,2019-10,2019,2019Q4,Dublin - all residential properties,Dublin,All residential,0.0,-1.4,0.4,125.9
2019-10-01,2019-10,2019,2019Q4,Dublin - apartments,Dublin,Apartments,-0.6,-0.1,-0.1,131.1
2019-10-01,2019-10,2019,2019Q4,Dublin - houses,Dublin,Houses,0.3,-1.8,0.9,124.7
2019-10-01,2019-10,2019,2019Q4,Dublin City - houses,Dublin City,Houses,0.0,-1.1,1.1,126.3
2019-10-01,2019-10,2019,2019Q4,Dun Laoghaire-Rathdown - houses,Dun Laoghaire-Rathdown,Houses,0.7,-6.7,1.0,120.6
2019-10-01,2019-10,2019,2019Q4,Fingal - houses,Fingal,Houses,0.5,1.3,0.9,122.5
2019-10-01,2019-10,2019,2019Q4,Mid-East - houses,Mid-East,Houses,0.3,0.2,0.5,133.8
2019-10-01,2019-10,2019,2019Q4,Mid-West - houses,Mid-West,Houses,0.1,4.6,3.4,156.9
2019-10-01,2019-10,2019,2019Q4,Midland - houses,Midland,Houses,0.6,3.2,2.9,156.4
2019-10-01,2019-10,2019,2019Q4,National - all residential properties,National,All residential,0.1,1.0,0.5,136.0
2019-10-01,2019-10,2019,2019Q4,National - apartments,National,Apartments,0.0,0.7,0.7,138.3
2019-10-01,2019-10,2019,2019Q4,National - houses,National,Houses,0.2,0.9,0.7,135.5
2019-10-01,2019-10,2019,2019Q4,National excluding Dublin - all residential properties,National excluding Dublin,All residential,0.2,3.5,0.6,147.0
2019-10-01,2019-10,2019,2019Q4,National excluding Dublin - apartments,National excluding Dublin,Apartments,0.7,5.3,1.6,162.4
2019-10-01,2019-10,2019,2019Q4,National excluding Dublin - houses,National excluding Dublin,Houses,0.2,3.2,0.5,145.7
2019-10-01,2019-10,2019,2019Q4,South Dublin - houses,South Dublin,Houses,-0.2,-1.0,-1.3,121.4
2019-10-01,2019-10,2019,2019Q4,South-East - houses,South-East,Houses,0.8,3.5,-0.3,145.1
2019-10-01,2019-10,2019,2019Q4,South-West - houses,South-West,Houses,0.1,2.3,0.4,144.8
2019-10-01,2019-10,2019,2019Q4,West - houses,West,Houses,0.4,5.4,0.4,162.5
2019-11-01,2019-11,2019,2019Q4,Border - houses,Border,Houses,-0.2,8.7,1.2,146.2
2019-11-01,2019-11,2019,2019Q4,Dublin - all residential properties,Dublin,All residential,-0.2,-1.0,-0.2,125.6
2019-11-01,2019-11,2019,2019Q4,Dublin - apartments,Dublin,Apartments,-1.5,-1.6,-2.2,129.1
2019-11-01,2019-11,2019,2019Q4,Dublin - houses,Dublin,Houses,0.2,-0.7,0.7,125.0
2019-11-01,2019-11,2019,2019Q4,Dublin City - houses,Dublin City,Houses,-0.2,-0.9,0.4,126.0
2019-11-01,2019-11,2019,2019Q4,Dun Laoghaire-Rathdown - houses,Dun Laoghaire-Rathdown,Houses,0.6,-5.9,1.3,121.3
2019-11-01,2019-11,2019,2019Q4,Fingal - houses,Fingal,Houses,0.9,2.6,1.9,123.7
2019-11-01,2019-11,2019,2019Q4,Mid-East - houses,Mid-East,Houses,0.0,0.3,0.5,133.8
2019-11-01,2019-11,2019,2019Q4,Mid-West - houses,Mid-West,Houses,0.5,3.9,2.5,157.8
2019-11-01,2019-11,2019,2019Q4,Midland - houses,Midland,Houses,0.8,4.4,2.2,157.6
2019-11-01,2019-11,2019,2019Q4,National - all residential properties,National,All residential,-0.2,1.1,0.0,135.7
2019-11-01,2019-11,2019,2019Q4,National - apartments,National,Apartments,-0.7,-0.4,-0.5,137.3
2019-11-01,2019-11,2019,2019Q4,National - houses,National,Houses,0.0,1.4,0.4,135.5
2019-11-01,2019-11,2019,2019Q4,National excluding Dublin - all residential properties,National excluding Dublin,All residential,-0.2,3.3,0.2,146.8
2019-11-01,2019-11,2019,2019Q4,National excluding Dublin - apartments,National excluding Dublin,Apartments,-0.2,4.0,1.2,162.1
2019-11-01,2019-11,2019,2019Q4,National excluding Dublin - houses,National excluding Dublin,Houses,-0.1,3.2,0.2,145.5
2019-11-01,2019-11,2019,2019Q4,South Dublin - houses,South Dublin,Houses,0.0,-1.1,-0.9,121.4
2019-11-01,2019-11,2019,2019Q4,South-East - houses,South-East,Houses,-1.0,1.9,-0.8,143.6
2019-11-01,2019-11,2019,2019Q4,South-West - houses,South-West,Houses,0.5,2.6,0.7,145.5
2019-11-01,2019-11,2019,2019Q4,West - houses,West,Houses,-0.1,5.5,-0.1,162.4
2019-12-01,2019-12,2019,2019Q4,Border - houses,Border,Houses,-0.6,5.9,-0.4,145.4
2019-12-01,2019-12,2019,2019Q4,Dublin - all residential properties,Dublin,All residential,-1.6,-1.7,-1.8,123.6
2019-12-01,2019-12,2019,2019Q4,Dublin - apartments,Dublin,Apartments,-3.8,-4.9,-5.9,124.1
2019-12-01,2019-12,2019,2019Q4,Dublin - houses,Dublin,Houses,-0.8,-0.6,-0.3,124.0
2019-12-01,2019-12,2019,2019Q4,Dublin City - houses,Dublin City,Houses,-0.5,-0.8,-0.7,125.4
2019-12-01,2019-12,2019,2019Q4,Dun Laoghaire-Rathdown - houses,Dun Laoghaire-Rathdown,Houses,-0.4,-5.4,0.9,120.8
2019-12-01,2019-12,2019,2019Q4,Fingal - houses,Fingal,Houses,-0.1,2.6,1.4,123.6
2019-12-01,2019-12,2019,2019Q4,Mid-East - houses,Mid-East,Houses,0.0,0.7,0.3,133.8
2019-12-01,2019-12,2019,2019Q4,Mid-West - houses,Mid-West,Houses,-1.0,4.0,-0.3,156.3
2019-12-01,2019-12,2019,2019Q4,Midland - houses,Midland,Houses,0.5,5.1,1.8,158.4
2019-12-01,2019-12,2019,2019Q4,National - all residential properties,National,All residential,-1.1,0.3,-1.2,134.2
2019-12-01,2019-12,2019,2019Q4,National - apartments,National,Apartments,-2.3,-2.4,-3.0,134.2
2019-12-01,2019-12,2019,2019Q4,National - houses,National,Houses,-0.7,1.0,-0.4,134.6
2019-12-01,2019-12,2019,2019Q4,National excluding Dublin - all residential properties,National excluding Dublin,All residential,-0.6,2.4,-0.6,145.9
2019-12-01,2019-12,2019,2019Q4,National excluding Dublin - apartments,National excluding Dublin,Apartments,-1.2,2.7,-0.6,160.2
2019-12-01,2019-12,2019,2019Q4,National excluding Dublin - houses,National excluding Dublin,Houses,-0.6,2.4,-0.5,144.7
2019-12-01,2019-12,2019,2019Q4,South Dublin - houses,South Dublin,Houses,0.1,-1.5,-0.1,121.4
2019-12-01,2019-12,2019,2019Q4,South-East - houses,South-East,Houses,-0.4,0.8,-0.7,143.0
2019-12-01,2019-12,2019,2019Q4,South-West - houses,South-West,Houses,-0.3,1.4,0.3,145.1
2019-12-01,2019-12,2019,2019Q4,West - houses,West,Houses,0.2,4.6,0.6,162.8
2020-01-01,2020-01,2020,2020Q1,Border - houses,Border,Houses,0.6,7.5,-0.2,146.3
2020-01-01,2020-01,2020,2020Q1,Dublin - all residential properties,Dublin,All residential,0.7,-0.5,-1.1,124.5
2020-01-01,2020-01,2020,2020Q1,Dublin - apartments,Dublin,Apartments,2.5,-1.9,-2.9,127.2
2020-01-01,2020-01,2020,2020Q1,Dublin - houses,Dublin,Houses,0.3,0.2,-0.3,124.4
2020-01-01,2020-01,2020,2020Q1,Dublin City - houses,Dublin City,Houses,-0.5,-1.4,-1.2,124.7
2020-01-01,2020-01,2020,2020Q1,Dun Laoghaire-Rathdown - houses,Dun Laoghaire-Rathdown,Houses,0.5,-4.1,0.6,121.4
2020-01-01,2020-01,2020,2020Q1,Fingal - houses,Fingal,Houses,1.6,4.6,2.5,125.6
2020-01-01,2020-01,2020,2020Q1,Mid-East - houses,Mid-East,Houses,-0.9,0.2,-0.9,132.6
2020-01-01,2020-01,2020,2020Q1,Mid-West - houses,Mid-West,Houses,-1.7,2.2,-2.1,153.7
2020-01-01,2020-01,2020,2020Q1,Midland - houses,Midland,Houses,-1.4,3.6,-0.1,156.2
2020-01-01,2020-01,2020,2020Q1,National - all residential properties,National,All residential,0.1,1.0,-1.2,134.4
2020-01-01,2020-01,2020,2020Q1,National - apartments,National,Apartments,1.1,-0.8,-1.9,135.7
2020-01-01,2020-01,2020,2020Q1,National - houses,National,Houses,0.0,1.5,-0.6,134.6
2020-01-01,2020-01,2020,2020Q1,National excluding Dublin - all residential properties,National excluding Dublin,All residential,-0.4,2.6,-1.2,145.3
2020-01-01,2020-01,2020,2020Q1,National excluding Dublin - apartments,National excluding Dublin,Apartments,-2.1,1.5,-3.4,156.9
2020-01-01,2020-01,2020,2020Q1,National excluding Dublin - houses,National excluding Dublin,Houses,-0.3,2.7,-1.0,144.3
2020-01-01,2020-01,2020,2020Q1,South Dublin - houses,South Dublin,Houses,-0.1,-1.4,0.0,121.3
2020-01-01,2020-01,2020,2020Q1,South-East - houses,South-East,Houses,0.0,0.2,-1.4,143.0
2020-01-01,2020-01,2020,2020Q1,South-West - houses,South-West,Houses,1.1,2.5,1.3,146.6
2020-01-01,2020-01,2020,2020Q1,West - houses,West,Houses,0.0,5.9,0.1,162.7
2020-02-01,2020-02,2020,2020Q1,Border - houses,Border,Houses,0.7,7.9,0.7,147.3
2020-02-01,2020-02,2020,2020Q1,Dublin - all residential properties,Dublin,All residential,0.1,-0.1,-0.8,124.6
2020-02-01,2020-02,2020,2020Q1,Dublin - apartments,Dublin,Apartments,0.9,0.1,-0.6,128.4
2020-02-01,2020-02,2020,2020Q1,Dublin - houses,Dublin,Houses,-0.1,0.2,-0.6,124.2
2020-02-01,2020-02,2020,2020Q1,Dublin City - houses,Dublin City,Houses,-0.4,-1.8,-1.4,124.2
2020-02-01,2020-02,2020,2020Q1,Dun Laoghaire-Rathdown - houses,Dun Laoghaire-Rathdown,Houses,-0.2,-3.2,-0.2,121.1
2020-02-01,2020-02,2020,2020Q1,Fingal - houses,Fingal,Houses,0.5,4.5,2.0,126.1
2020-02-01,2020-02,2020,2020Q1,Mid-East - houses,Mid-East,Houses,-1.0,-0.1,-1.8,131.3
2020-02-01,2020-02,2020,2020Q1,Mid-West - houses,Mid-West,Houses,-0.3,1.8,-3.0,153.1
2020-02-01,2020-02,2020,2020Q1,Midland - houses,Midland,Houses,0.0,3.0,-0.8,156.3
2020-02-01,2020-02,2020,2020Q1,National - all residential properties,National,All residential,-0.1,1.0,-1.1,134.2
2020-02-01,2020-02,2020,2020Q1,National - apartments,National,Apartments,0.5,0.4,-0.7,136.3
2020-02-01,2020-02,2020,2020Q1,National - houses,National,Houses,-0.2,1.3,-0.9,134.3
2020-02-01,2020-02,2020,2020Q1,National excluding Dublin - all residential properties,National excluding Dublin,All residential,-0.4,2.2,-1.4,144.8
2020-02-01,2020-02,2020,2020Q1,National excluding Dublin - apartments,National excluding Dublin,Apartments,-0.6,1.2,-3.8,155.9
2020-02-01,2020-02,2020,2020Q1,National excluding Dublin - houses,National excluding Dublin,Houses,-0.3,2.3,-1.2,143.8
2020-02-01,2020-02,2020,2020Q1,South Dublin - houses,South Dublin,Houses,-0.3,-1.4,-0.4,120.9
2020-02-01,2020-02,2020,2020Q1,South-East - houses,South-East,Houses,-0.1,-1.6,-0.6,142.8
2020-02-01,2020-02,2020,2020Q1,South-West - houses,South-West,Houses,-0.2,2.9,0.6,146.4
2020-02-01,2020-02,2020,2020Q1,West - houses,West,Houses,0.3,5.9,0.5,163.2
2020-03-01,2020-03,2020,2020Q1,Border - houses,Border,Houses,-1.3,4.1,-0.1,145.3
2020-03-01,2020-03,2020,2020Q1,Dublin - all residential properties,Dublin,All residential,0.1,0.6,0.9,124.7
2020-03-01,2020-03,2020,2020Q1,Dublin - apartments,Dublin,Apartments,0.9,1.4,4.4,129.6
2020-03-01,2020-03,2020,2020Q1,Dublin - houses,Dublin,Houses,-0.2,0.8,0.0,124.1
2020-03-01,2020-03,2020,2020Q1,Dublin City - houses,Dublin City,Houses,-0.5,-1.7,-1.4,123.6
2020-03-01,2020-03,2020,2020Q1,Dun Laoghaire-Rathdown - houses,Dun Laoghaire-Rathdown,Houses,0.2,-1.6,0.5,121.4
2020-03-01,2020-03,2020,2020Q1,Fingal - houses,Fingal,Houses,-0.1,4.8,1.9,126.0
2020-03-01,2020-03,2020,2020Q1,Mid-East - houses,Mid-East,Houses,0.3,0.1,-1.5,131.8
2020-03-01,2020-03,2020,2020Q1,Mid-West - houses,Mid-West,Houses,0.0,2.9,-2.0,153.1
2020-03-01,2020-03,2020,2020Q1,Midland - houses,Midland,Houses,-1.6,0.1,-2.9,153.7
2020-03-01,2020-03,2020,2020Q1,National - all residential properties,National,All residential,0.0,0.9,0.0,134.3
2020-03-01,2020-03,2020,2020Q1,National - apartments,National,Apartments,0.4,1.0,2.0,136.9
2020-03-01,2020-03,2020,2020Q1,National - houses,National,Houses,0.0,1.2,-0.3,134.2
2020-03-01,2020-03,2020,2020Q1,National excluding Dublin - all residential properties,National excluding Dublin,All residential,0.0,1.3,-0.8,144.7
2020-03-01,2020-03,2020,2020Q1,National excluding Dublin - apartments,National excluding Dublin,Apartments,-0.9,-0.7,-3.6,154.5
2020-03-01,2020-03,2020,2020Q1,National excluding Dublin - houses,National excluding Dublin,Houses,0.1,1.5,-0.5,143.9
2020-03-01,2020-03,2020,2020Q1,South Dublin - houses,South Dublin,Houses,0.0,-1.4,-0.5,120.9
2020-03-01,2020-03,2020,2020Q1,South-East - houses,South-East,Houses,-0.1,-1.8,-0.2,142.7
2020-03-01,2020-03,2020,2020Q1,South-West - houses,South-West,Houses,0.1,2.9,1.0,146.6
2020-03-01,2020-03,2020,2020Q1,West - houses,West,Houses,1.1,5.1,1.4,165.0
2020-04-01,2020-04,2020,2020Q2,Border - houses,Border,Houses,-1.4,2.0,-2.1,143.2
2020-04-01,2020-04,2020,2020Q2,Dublin - all residential properties,Dublin,All residential,-0.4,0.2,-0.2,124.2
2020-04-01,2020-04,2020,2020Q2,Dublin - apartments,Dublin,Apartments,0.5,1.5,2.4,130.3
2020-04-01,2020-04,2020,2020Q2,Dublin - houses,Dublin,Houses,-0.6,0.4,-0.9,123.3
2020-04-01,2020-04,2020,2020Q2,Dublin City - houses,Dublin City,Houses,-0.5,-1.7,-1.4,123.0
2020-04-01,2020-04,2020,2020Q2,Dun Laoghaire-Rathdown - houses,Dun Laoghaire-Rathdown,Houses,-0.8,-1.6,-0.8,120.4
2020-04-01,2020-04,2020,2020Q2,Fingal - houses,Fingal,Houses,-1.7,3.3,-1.4,123.8
2020-04-01,2020-04,2020,2020Q2,Mid-East - houses,Mid-East,Houses,0.8,0.8,0.1,132.8
2020-04-01,2020-04,2020,2020Q2,Mid-West - houses,Mid-West,Houses,-1.2,2.1,-1.5,151.4
2020-04-01,2020-04,2020,2020Q2,Midland - houses,Midland,Houses,0.1,-0.5,-1.5,153.9
2020-04-01,2020-04,2020,2020Q2,National - all residential properties,National,All residential,-0.1,0.7,-0.2,134.2
2020-04-01,2020-04,2020,2020Q2,National - apartments,National,Apartments,0.6,1.5,1.5,137.7
2020-04-01,2020-04,2020,2020Q2,National - houses,National,Houses,-0.2,0.9,-0.5,134.0
2020-04-01,2020-04,2020,2020Q2,National excluding Dublin - all residential properties,National excluding Dublin,All residential,0.2,1.2,-0.1,145.1
2020-04-01,2020-04,2020,2020Q2,National excluding Dublin - apartments,National excluding Dublin,Apartments,0.7,-0.4,-0.8,155.6
2020-04-01,2020-04,2020,2020Q2,National excluding Dublin - houses,National excluding Dublin,Houses,0.2,1.4,-0.1,144.2
2020-04-01,2020-04,2020,2020Q2,South Dublin - houses,South Dublin,Houses,0.8,-0.6,0.5,121.9
2020-04-01,2020-04,2020,2020Q2,South-East - houses,South-East,Houses,-0.5,-2.2,-0.7,142.0
2020-04-01,2020-04,2020,2020Q2,South-West - houses,South-West,Houses,0.5,3.5,0.4,147.2
2020-04-01,2020-04,2020,2020Q2,West - houses,West,Houses,0.7,4.8,2.1,166.2
2020-05-01,2020-05,2020,2020Q2,Border - houses,Border,Houses,-0.2,0.6,-3.0,142.9
2020-05-01,2020-05,2020,2020Q2,Dublin - all residential properties,Dublin,All residential,-0.2,-0.2,-0.6,123.9
2020-05-01,2020-05,2020,2020Q2,Dublin - apartments,Dublin,Apartments,0.1,1.6,1.6,130.4
2020-05-01,2020-05,2020,2020Q2,Dublin - houses,Dublin,Houses,-0.3,-0.1,-1.1,122.9
2020-05-01,2020-05,2020,2020Q2,Dublin City - houses,Dublin City,Houses,-0.3,-1.4,-1.3,122.6
2020-05-01,2020-05,2020,2020Q2,Dun Laoghaire-Rathdown - houses,Dun Laoghaire-Rathdown,Houses,0.1,-0.5,-0.5,120.6
2020-05-01,2020-05,2020,2020Q2,Fingal - houses,Fingal,Houses,-0.5,1.6,-2.3,123.2
2020-05-01,2020-05,2020,2020Q2,Mid-East - houses,Mid-East,Houses,-0.7,-0.1,0.4,131.9
2020-05-01,2020-05,2020,2020Q2,Mid-West - houses,Mid-West,Houses,-1.1,1.3,-2.2,149.8
2020-05-01,2020-05,2020,2020Q2,Midland - houses,Midland,Houses,-0.4,-1.0,-1.9,153.3
2020-05-01,2020-05,2020,2020Q2,National - all residential properties,National,All residential,-0.1,0.3,-0.1,134.1
2020-05-01,2020-05,2020,2020Q2,National - apartments,National,Apartments,0.3,1.8,1.3,138.1
2020-05-01,2020-05,2020,2020Q2,National - houses,National,Houses,-0.1,0.5,-0.3,133.8
2020-05-01,2020-05,2020,2020Q2,National excluding Dublin - all residential properties,National excluding Dublin,All residential,0.1,0.9,0.3,145.2
2020-05-01,2020-05,2020,2020Q2,National excluding Dublin - apartments,National excluding Dublin,Apartments,0.7,-0.4,0.5,156.7
2020-05-01,2020-05,2020,2020Q2,National excluding Dublin - houses,National excluding Dublin,Houses,0.1,1.1,0.3,144.3
2020-05-01,2020-05,2020,2020Q2,South Dublin - houses,South Dublin,Houses,-0.8,-1.4,0.0,120.9
2020-05-01,2020-05,2020,2020Q2,South-East - houses,South-East,Houses,1.0,-0.5,0.4,143.4
2020-05-01,2020-05,2020,2020Q2,South-West - houses,South-West,Houses,1.3,4.7,1.9,149.2
2020-05-01,2020-05,2020,2020Q2,West - houses,West,Houses,0.5,4.3,2.3,166.9
2020-06-01,2020-06,2020,2020Q2,Border - houses,Border,Houses,-1.8,-1.4,-3.4,140.3
2020-06-01,2020-06,2020,2020Q2,Dublin - all residential properties,Dublin,All residential,-0.2,-0.6,-0.8,123.7
2020-06-01,2020-06,2020,2020Q2,Dublin - apartments,Dublin,Apartments,1.1,2.1,1.8,131.8
2020-06-01,2020-06,2020,2020Q2,Dublin - houses,Dublin,Houses,-0.5,-0.7,-1.4,122.3
2020-06-01,2020-06,2020,2020Q2,Dublin City - houses,Dublin City,Houses,0.0,-1.5,-0.9,122.5
2020-06-01,2020-06,2020,2020Q2,Dun Laoghaire-Rathdown - houses,Dun Laoghaire-Rathdown,Houses,0.0,0.3,-0.7,120.6
2020-06-01,2020-06,2020,2020Q2,Fingal - houses,Fingal,Houses,-1.2,0.2,-3.3,121.8
2020-06-01,2020-06,2020,2020Q2,Mid-East - houses,Mid-East,Houses,0.3,-0.2,0.3,132.2
2020-06-01,2020-06,2020,2020Q2,Mid-West - houses,Mid-West,Houses,0.0,0.5,-2.2,149.8
2020-06-01,2020-06,2020,2020Q2,Midland - houses,Midland,Houses,1.5,0.6,1.2,155.6
2020-06-01,2020-06,2020,2020Q2,National - all residential properties,National,All residential,0.1,0.0,-0.1,134.2
2020-06-01,2020-06,2020,2020Q2,National - apartments,National,Apartments,0.7,2.2,1.6,139.1
2020-06-01,2020-06,2020,2020Q2,National - houses,National,Houses,0.0,0.1,-0.3,133.8
2020-06-01,2020-06,2020,2020Q2,National excluding Dublin - all residential properties,National excluding Dublin,All residential,0.3,0.6,0.6,145.7
2020-06-01,2020-06,2020,2020Q2,National excluding Dublin - apartments,National excluding Dublin,Apartments,-0.2,-1.5,1.2,156.4
2020-06-01,2020-06,2020,2020Q2,National excluding Dublin - houses,National excluding Dublin,Houses,0.3,0.8,0.6,144.8
2020-06-01,2020-06,2020,2020Q2,South Dublin - houses,South Dublin,Houses,-1.0,-2.3,-1.0,119.7
2020-06-01,2020-06,2020,2020Q2,South-East - houses,South-East,Houses,0.0,-0.8,0.4,143.3
2020-06-01,2020-06,2020,2020Q2,South-West - houses,South-West,Houses,1.3,5.5,3.1,151.0
2020-06-01,2020-06,2020,2020Q2,West - houses,West,Houses,-0.2,3.9,1.0,166.6
2020-07-01,2020-07,2020,2020Q3,Border - houses,Border,Houses,0.6,-2.2,-1.5,141.1
2020-07-01,2020-07,2020,2020Q3,Dublin - all residential properties,Dublin,All residential,-0.2,-1.4,-0.6,123.5
2020-07-01,2020-07,2020,2020Q3,Dublin - apartments,Dublin,Apartments,-0.2,0.3,1.0,131.6
2020-07-01,2020-07,2020,2020Q3,Dublin - houses,Dublin,Houses,-0.2,-1.3,-1.0,122.1
2020-07-01,2020-07,2020,2020Q3,Dublin City - houses,Dublin City,Houses,-0.9,-2.8,-1.3,121.4
2020-07-01,2020-07,2020,2020Q3,Dun Laoghaire-Rathdown - houses,Dun Laoghaire-Rathdown,Houses,-0.4,0.6,-0.2,120.1
2020-07-01,2020-07,2020,2020Q3,Fingal - houses,Fingal,Houses,0.6,0.9,-1.0,122.5
2020-07-01,2020-07,2020,2020Q3,Mid-East - houses,Mid-East,Houses,0.9,0.2,0.5,133.4
2020-07-01,2020-07,2020,2020Q3,Mid-West - houses,Mid-West,Houses,1.9,0.6,0.9,152.7
2020-07-01,2020-07,2020,2020Q3,Midland - houses,Midland,Houses,0.5,2.9,1.6,156.4
2020-07-01,2020-07,2020,2020Q3,National - all residential properties,National,All residential,0.2,-0.7,0.2,134.4
2020-07-01,2020-07,2020,2020Q3,National - apartments,National,Apartments,0.3,1.6,1.3,139.6
2020-07-01,2020-07,2020,2020Q3,National - houses,National,Houses,0.1,-0.4,0.0,134.0
2020-07-01,2020-07,2020,2020Q3,National excluding Dublin - all residential properties,National excluding Dublin,All residential,0.5,0.1,0.9,146.3
2020-07-01,2020-07,2020,2020Q3,National excluding Dublin - apartments,National excluding Dublin,Apartments,1.6,-0.5,2.1,158.9
2020-07-01,2020-07,2020,2020Q3,National excluding Dublin - houses,National excluding Dublin,Houses,0.4,0.2,0.8,145.3
2020-07-01,2020-07,2020,2020Q3,South Dublin - houses,South Dublin,Houses,0.4,-2.2,-1.4,120.2
2020-07-01,2020-07,2020,2020Q3,South-East - houses,South-East,Houses,-0.1,-1.6,0.9,143.2
2020-07-01,2020-07,2020,2020Q3,South-West - houses,South-West,Houses,-0.2,4.5,2.3,150.7
2020-07-01,2020-07,2020,2020Q3,West - houses,West,Houses,-1.0,1.9,-0.7,164.9
2020-08-01,2020-08,2020,2020Q3,Border - houses,Border,Houses,-1.7,-4.0,-3.0,138.6
2020-08-01,2020-08,2020,2020Q3,Dublin - all residential properties,Dublin,All residential,0.0,-1.8,-0.3,123.6
2020-08-01,2020-08,2020,2020Q3,Dublin - apartments,Dublin,Apartments,0.0,-0.4,0.9,131.6
2020-08-01,2020-08,2020,2020Q3,Dublin - houses,Dublin,Houses,0.1,-1.6,-0.6,122.1
2020-08-01,2020-08,2020,2020Q3,Dublin City - houses,Dublin City,Houses,-0.5,-3.7,-1.4,120.8
2020-08-01,2020-08,2020,2020Q3,Dun Laoghaire-Rathdown - houses,Dun Laoghaire-Rathdown,Houses,0.0,0.3,-0.4,120.1
2020-08-01,2020-08,2020,2020Q3,Fingal - houses,Fingal,Houses,0.8,1.8,0.2,123.5
2020-08-01,2020-08,2020,2020Q3,Mid-East - houses,Mid-East,Houses,0.4,0.6,1.5,133.9
2020-08-01,2020-08,2020,2020Q3,Mid-West - houses,Mid-West,Houses,-1.2,-2.0,0.7,150.9
2020-08-01,2020-08,2020,2020Q3,Midland - houses,Midland,Houses,1.8,3.3,3.9,159.3
2020-08-01,2020-08,2020,2020Q3,National - all residential properties,National,All residential,0.0,-0.9,0.3,134.5
2020-08-01,2020-08,2020,2020Q3,National - apartments,National,Apartments,-0.1,1.0,1.0,139.4
2020-08-01,2020-08,2020,2020Q3,National - houses,National,Houses,0.0,-0.7,0.2,134.1
2020-08-01,2020-08,2020,2020Q3,National excluding Dublin - all residential properties,National excluding Dublin,All residential,0.0,-0.1,0.8,146.4
2020-08-01,2020-08,2020,2020Q3,National excluding Dublin - apartments,National excluding Dublin,Apartments,-0.2,-1.0,1.2,158.6
2020-08-01,2020-08,2020,2020Q3,National excluding Dublin - houses,National excluding Dublin,Houses,0.0,0.1,0.7,145.4
2020-08-01,2020-08,2020,2020Q3,South Dublin - houses,South Dublin,Houses,0.1,-1.8,-0.5,120.3
2020-08-01,2020-08,2020,2020Q3,South-East - houses,South-East,Houses,0.7,-0.3,0.6,144.3
2020-08-01,2020-08,2020,2020Q3,South-West - houses,South-West,Houses,-0.1,4.1,1.0,150.6
2020-08-01,2020-08,2020,2020Q3,West - houses,West,Houses,-0.4,1.0,-1.6,164.3
2020-09-01,2020-09,2020,2020Q3,Border - houses,Border,Houses,1.0,-4.2,-0.2,140.0
2020-09-01,2020-09,2020,2020Q3,Dublin - all residential properties,Dublin,All residential,0.1,-1.8,-0.1,123.7
2020-09-01,2020-09,2020,2020Q3,Dublin - apartments,Dublin,Apartments,-0.4,-0.7,-0.6,131.0
2020-09-01,2020-09,2020,2020Q3,Dublin - houses,Dublin,Houses,0.2,-1.6,0.1,122.4
2020-09-01,2020-09,2020,2020Q3,Dublin City - houses,Dublin City,Houses,-0.1,-4.4,-1.5,120.7
2020-09-01,2020-09,2020,2020Q3,Dun Laoghaire-Rathdown - houses,Dun Laoghaire-Rathdown,Houses,-0.3,0.1,-0.6,119.8
2020-09-01,2020-09,2020,2020Q3,Fingal - houses,Fingal,Houses,0.6,1.9,2.0,124.2
2020-09-01,2020-09,2020,2020Q3,Mid-East - houses,Mid-East,Houses,0.9,1.3,2.1,135.1
2020-09-01,2020-09,2020,2020Q3,Mid-West - houses,Mid-West,Houses,-0.6,-4.4,0.0,149.9
2020-09-01,2020-09,2020,2020Q3,Midland - houses,Midland,Houses,0.3,2.8,2.7,159.8
2020-09-01,2020-09,2020,2020Q3,National - all residential properties,National,All residential,0.2,-0.8,0.4,134.8
2020-09-01,2020-09,2020,2020Q3,National - apartments,National,Apartments,0.3,1.2,0.6,139.9
2020-09-01,2020-09,2020,2020Q3,National - houses,National,Houses,0.2,-0.6,0.4,134.3
2020-09-01,2020-09,2020,2020Q3,National excluding Dublin - all residential properties,National excluding Dublin,All residential,0.4,0.2,0.9,146.9
2020-09-01,2020-09,2020,2020Q3,National excluding Dublin - apartments,National excluding Dublin,Apartments,2.3,0.7,3.7,162.2
2020-09-01,2020-09,2020,2020Q3,National excluding Dublin - houses,National excluding Dublin,Houses,0.2,0.2,0.6,145.7
2020-09-01,2020-09,2020,2020Q3,South Dublin - houses,South Dublin,Houses,0.8,-0.2,1.4,121.3
2020-09-01,2020-09,2020,2020Q3,South-East - houses,South-East,Houses,1.2,1.4,1.9,146.0
2020-09-01,2020-09,2020,2020Q3,South-West - houses,South-West,Houses,-0.7,3.4,-0.9,149.6
2020-09-01,2020-09,2020,2020Q3,West - houses,West,Houses,-0.7,0.8,-2.0,163.2
2020-10-01,2020-10,2020,2020Q4,Border - houses,Border,Houses,0.7,-3.8,-0.1,140.9
2020-10-01,2020-10,2020,2020Q4,Dublin - all residential properties,Dublin,All residential,0.5,-1.3,0.6,124.3
2020-10-01,2020-10,2020,2020Q4,Dublin - apartments,Dublin,Apartments,0.4,0.4,0.0,131.6
2020-10-01,2020-10,2020,2020Q4,Dublin - houses,Dublin,Houses,0.5,-1.4,0.8,123.0
2020-10-01,2020-10,2020,2020Q4,Dublin City - houses,Dublin City,Houses,0.5,-3.9,-0.1,121.3
2020-10-01,2020-10,2020,2020Q4,Dun Laoghaire-Rathdown - houses,Dun Laoghaire-Rathdown,Houses,-0.3,-1.0,-0.6,119.4
2020-10-01,2020-10,2020,2020Q4,Fingal - houses,Fingal,Houses,0.6,2.0,2.0,124.9
2020-10-01,2020-10,2020,2020Q4,Mid-East - houses,Mid-East,Houses,0.7,1.7,2.0,136.1
2020-10-01,2020-10,2020,2020Q4,Mid-West - houses,Mid-West,Houses,-0.4,-4.9,-2.2,149.3
2020-10-01,2020-10,2020,2020Q4,Midland - houses,Midland,Houses,-0.4,1.8,1.8,159.2
2020-10-01,2020-10,2020,2020Q4,National - all residential properties,National,All residential,0.4,-0.5,0.7,135.4
2020-10-01,2020-10,2020,2020Q4,National - apartments,National,Apartments,0.6,1.8,0.9,140.8
2020-10-01,2020-10,2020,2020Q4,National - houses,National,Houses,0.4,-0.4,0.7,134.9
2020-10-01,2020-10,2020,2020Q4,National excluding Dublin - all residential properties,National excluding Dublin,All residential,0.4,0.3,0.8,147.5
2020-10-01,2020-10,2020,2020Q4,National excluding Dublin - apartments,National excluding Dublin,Apartments,1.1,1.0,3.2,164.0
2020-10-01,2020-10,2020,2020Q4,National excluding Dublin - houses,National excluding Dublin,Houses,0.3,0.3,0.6,146.2
2020-10-01,2020-10,2020,2020Q4,South Dublin - houses,South Dublin,Houses,1.5,1.5,2.5,123.1
2020-10-01,2020-10,2020,2020Q4,South-East - houses,South-East,Houses,0.3,0.9,2.2,146.4
2020-10-01,2020-10,2020,2020Q4,South-West - houses,South-West,Houses,-0.4,3.0,-1.1,149.0
2020-10-01,2020-10,2020,2020Q4,West - houses,West,Houses,1.6,2.0,0.5,165.8
2020-11-01,2020-11,2020,2020Q4,Border - houses,Border,Houses,1.6,-2.0,3.4,143.3
2020-11-01,2020-11,2020,2020Q4,Dublin - all residential properties,Dublin,All residential,0.5,-0.6,1.0,124.8
2020-11-01,2020-11,2020,2020Q4,Dublin - apartments,Dublin,Apartments,-0.5,1.4,-0.5,130.9
2020-11-01,2020-11,2020,2020Q4,Dublin - houses,Dublin,Houses,0.7,-0.9,1.4,123.9
2020-11-01,2020-11,2020,2020Q4,Dublin City - houses,Dublin City,Houses,1.6,-2.2,2.0,123.2
2020-11-01,2020-11,2020,2020Q4,Dun Laoghaire-Rathdown - houses,Dun Laoghaire-Rathdown,Houses,0.4,-1.2,-0.2,119.8
2020-11-01,2020-11,2020,2020Q4,Fingal - houses,Fingal,Houses,-0.4,0.6,0.7,124.4
2020-11-01,2020-11,2020,2020Q4,Mid-East - houses,Mid-East,Houses,0.8,2.5,2.4,137.2
2020-11-01,2020-11,2020,2020Q4,Mid-West - houses,Mid-West,Houses,1.4,-4.0,0.4,151.4
2020-11-01,2020-11,2020,2020Q4,Midland - houses,Midland,Houses,0.2,1.2,0.1,159.5
2020-11-01,2020-11,2020,2020Q4,National - all residential properties,National,All residential,0.7,0.4,1.3,136.2
2020-11-01,2020-11,2020,2020Q4,National - apartments,National,Apartments,-0.2,2.4,0.8,140.6
2020-11-01,2020-11,2020,2020Q4,National - houses,National,Houses,0.8,0.3,1.4,135.9
2020-11-01,2020-11,2020,2020Q4,National excluding Dublin - all residential properties,National excluding Dublin,All residential,0.8,1.3,1.6,148.7
2020-11-01,2020-11,2020,2020Q4,National excluding Dublin - apartments,National excluding Dublin,Apartments,0.7,1.9,4.2,165.2
2020-11-01,2020-11,2020,2020Q4,National excluding Dublin - houses,National excluding Dublin,Houses,0.8,1.3,1.4,147.4
2020-11-01,2020-11,2020,2020Q4,South Dublin - houses,South Dublin,Houses,1.1,2.6,3.5,124.5
2020-11-01,2020-11,2020,2020Q4,South-East - houses,South-East,Houses,0.8,2.7,2.2,147.5
2020-11-01,2020-11,2020,2020Q4,South-West - houses,South-West,Houses,0.6,3.0,-0.5,149.9
2020-11-01,2020-11,2020,2020Q4,West - houses,West,Houses,1.1,3.2,2.0,167.6
2020-12-01,2020-12,2020,2020Q4,Border - houses,Border,Houses,1.4,-0.1,3.8,145.3
2020-12-01,2020-12,2020,2020Q4,Dublin - all residential properties,Dublin,All residential,0.5,1.5,1.4,125.4
2020-12-01,2020-12,2020,2020Q4,Dublin - apartments,Dublin,Apartments,-0.2,5.2,-0.3,130.6
2020-12-01,2020-12,2020,2020Q4,Dublin - houses,Dublin,Houses,0.6,0.5,1.9,124.7
2020-12-01,2020-12,2020,2020Q4,Dublin City - houses,Dublin City,Houses,0.8,-0.9,2.9,124.2
2020-12-01,2020-12,2020,2020Q4,Dun Laoghaire-Rathdown - houses,Dun Laoghaire-Rathdown,Houses,0.9,0.1,0.9,120.9
2020-12-01,2020-12,2020,2020Q4,Fingal - houses,Fingal,Houses,0.5,1.2,0.7,125.0
2020-12-01,2020-12,2020,2020Q4,Mid-East - houses,Mid-East,Houses,0.9,3.4,2.4,138.3
2020-12-01,2020-12,2020,2020Q4,Mid-West - houses,Mid-West,Houses,1.5,-1.7,2.5,153.7
2020-12-01,2020-12,2020,2020Q4,Midland - houses,Midland,Houses,1.0,1.8,0.8,161.1
2020-12-01,2020-12,2020,2020Q4,National - all residential properties,National,All residential,0.7,2.2,1.8,137.2
2020-12-01,2020-12,2020,2020Q4,National - apartments,National,Apartments,0.3,5.0,0.7,140.9
2020-12-01,2020-12,2020,2020Q4,National - houses,National,Houses,0.8,1.8,2.0,137.0
2020-12-01,2020-12,2020,2020Q4,National excluding Dublin - all residential properties,National excluding Dublin,All residential,1.0,3.0,2.2,150.2
2020-12-01,2020-12,2020,2020Q4,National excluding Dublin - apartments,National excluding Dublin,Apartments,1.5,4.6,3.4,167.7
2020-12-01,2020-12,2020,2020Q4,National excluding Dublin - houses,National excluding Dublin,Houses,0.9,2.8,2.1,148.8
2020-12-01,2020-12,2020,2020Q4,South Dublin - houses,South Dublin,Houses,0.3,2.8,2.9,124.9
2020-12-01,2020-12,2020,2020Q4,South-East - houses,South-East,Houses,1.4,4.6,2.4,149.5
2020-12-01,2020-12,2020,2020Q4,South-West - houses,South-West,Houses,0.3,3.6,0.4,150.3
2020-12-01,2020-12,2020,2020Q4,West - houses,West,Houses,1.4,4.4,4.1,169.9
2021-01-01,2021-01,2021,2021Q1,Border - houses,Border,Houses,1.9,1.2,5.1,148.1
2021-01-01,2021-01,2021,2021Q1,Dublin - all residential properties,Dublin,All residential,0.2,0.9,1.1,125.7
2021-01-01,2021-01,2021,2021Q1,Dublin - apartments,Dublin,Apartments,-0.7,2.0,-1.4,129.8
2021-01-01,2021-01,2021,2021Q1,Dublin - houses,Dublin,Houses,0.4,0.6,1.8,125.2
2021-01-01,2021-01,2021,2021Q1,Dublin City - houses,Dublin City,Houses,0.3,-0.1,2.7,124.6
2021-01-01,2021-01,2021,2021Q1,Dun Laoghaire-Rathdown - houses,Dun Laoghaire-Rathdown,Houses,1.3,0.9,2.5,122.4
2021-01-01,2021-01,2021,2021Q1,Fingal - houses,Fingal,Houses,-0.2,-0.7,-0.2,124.7
2021-01-01,2021-01,2021,2021Q1,Mid-East - houses,Mid-East,Houses,-0.2,4.1,1.4,138.0
2021-01-01,2021-01,2021,2021Q1,Mid-West - houses,Mid-West,Houses,0.1,0.1,3.0,153.8
2021-01-01,2021-01,2021,2021Q1,Midland - houses,Midland,Houses,0.0,3.2,1.2,161.2
2021-01-01,2021-01,2021,2021Q1,National - all residential properties,National,All residential,0.4,2.5,1.8,137.8
2021-01-01,2021-01,2021,2021Q1,National - apartments,National,Apartments,-0.5,3.3,-0.4,140.2
2021-01-01,2021-01,2021,2021Q1,National - houses,National,Houses,0.5,2.3,2.1,137.7
2021-01-01,2021-01,2021,2021Q1,National excluding Dublin - all residential properties,National excluding Dublin,All residential,0.5,3.9,2.4,151.0
2021-01-01,2021-01,2021,2021Q1,National excluding Dublin - apartments,National excluding Dublin,Apartments,-0.1,6.7,2.1,167.4
2021-01-01,2021-01,2021,2021Q1,National excluding Dublin - houses,National excluding Dublin,Houses,0.6,3.7,2.4,149.6
2021-01-01,2021-01,2021,2021Q1,South Dublin - houses,South Dublin,Houses,0.2,3.1,1.6,125.1
2021-01-01,2021-01,2021,2021Q1,South-East - houses,South-East,Houses,0.8,5.4,3.0,150.8
2021-01-01,2021-01,2021,2021Q1,South-West - houses,South-West,Houses,1.4,3.9,2.3,152.4
2021-01-01,2021-01,2021,2021Q1,West - houses,West,Houses,0.9,5.4,3.4,171.5
2021-02-01,2021-02,2021,2021Q1,Border - houses,Border,Houses,-0.1,0.4,3.2,147.9
2021-02-01,2021-02,2021,2021Q1,Dublin - all residential properties,Dublin,All residential,0.6,1.4,1.3,126.4
2021-02-01,2021-02,2021,2021Q1,Dublin - apartments,Dublin,Apartments,0.1,1.1,-0.8,129.8
2021-02-01,2021-02,2021,2021Q1,Dublin - houses,Dublin,Houses,0.7,1.5,1.8,126.1
2021-02-01,2021-02,2021,2021Q1,Dublin City - houses,Dublin City,Houses,1.3,1.6,2.4,126.2
2021-02-01,2021-02,2021,2021Q1,Dun Laoghaire-Rathdown - houses,Dun Laoghaire-Rathdown,Houses,0.5,1.6,2.7,123.1
2021-02-01,2021-02,2021,2021Q1,Fingal - houses,Fingal,Houses,0.7,-0.4,1.0,125.6
2021-02-01,2021-02,2021,2021Q1,Mid-East - houses,Mid-East,Houses,0.2,5.3,0.8,138.3
2021-02-01,2021-02,2021,2021Q1,Mid-West - houses,Mid-West,Houses,0.6,1.0,2.1,154.7
2021-02-01,2021-02,2021,2021Q1,Midland - houses,Midland,Houses,1.5,4.7,2.5,163.5
2021-02-01,2021-02,2021,2021Q1,National - all residential properties,National,All residential,0.4,3.0,1.5,138.3
2021-02-01,2021-02,2021,2021Q1,National - apartments,National,Apartments,0.3,3.1,0.0,140.6
2021-02-01,2021-02,2021,2021Q1,National - houses,National,Houses,0.4,3.0,1.7,138.2
2021-02-01,2021-02,2021,2021Q1,National excluding Dublin - all residential properties,National excluding Dublin,All residential,0.2,4.5,1.7,151.2
2021-02-01,2021-02,2021,2021Q1,National excluding Dublin - apartments,National excluding Dublin,Apartments,0.8,8.3,2.1,168.7
2021-02-01,2021-02,2021,2021Q1,National excluding Dublin - houses,National excluding Dublin,Houses,0.1,4.2,1.6,149.8
2021-02-01,2021-02,2021,2021Q1,South Dublin - houses,South Dublin,Houses,-0.2,3.3,0.3,124.9
2021-02-01,2021-02,2021,2021Q1,South-East - houses,South-East,Houses,0.7,6.3,2.9,151.9
2021-02-01,2021-02,2021,2021Q1,South-West - houses,South-West,Houses,-0.8,3.2,0.8,151.1
2021-02-01,2021-02,2021,2021Q1,West - houses,West,Houses,0.2,5.3,2.6,171.9
2021-03-01,2021-03,2021,2021Q1,Border - houses,Border,Houses,2.1,4.0,4.0,151.1
2021-03-01,2021-03,2021,2021Q1,Dublin - all residential properties,Dublin,All residential,0.9,2.3,1.7,127.6
2021-03-01,2021-03,2021,2021Q1,Dublin - apartments,Dublin,Apartments,0.3,0.5,-0.3,130.2
2021-03-01,2021-03,2021,2021Q1,Dublin - houses,Dublin,Houses,1.1,2.7,2.2,127.4
2021-03-01,2021-03,2021,2021Q1,Dublin City - houses,Dublin City,Houses,1.2,3.3,2.8,127.7
2021-03-01,2021-03,2021,2021Q1,Dun Laoghaire-Rathdown - houses,Dun Laoghaire-Rathdown,Houses,1.3,2.6,3.1,124.6
2021-03-01,2021-03,2021,2021Q1,Fingal - houses,Fingal,Houses,1.2,0.8,1.6,127.0
2021-03-01,2021-03,2021,2021Q1,Mid-East - houses,Mid-East,Houses,0.7,5.6,0.6,139.2
2021-03-01,2021-03,2021,2021Q1,Mid-West - houses,Mid-West,Houses,-0.2,0.8,0.4,154.3
2021-03-01,2021-03,2021,2021Q1,Midland - houses,Midland,Houses,0.7,7.1,2.2,164.6
2021-03-01,2021-03,2021,2021Q1,National - all residential properties,National,All residential,0.5,3.5,1.3,139.0
2021-03-01,2021-03,2021,2021Q1,National - apartments,National,Apartments,0.5,3.2,0.2,141.3
2021-03-01,2021-03,2021,2021Q1,National - houses,National,Houses,0.5,3.5,1.4,139.0
2021-03-01,2021-03,2021,2021Q1,National excluding Dublin - all residential properties,National excluding Dublin,All residential,0.2,4.7,0.9,151.5
2021-03-01,2021-03,2021,2021Q1,National excluding Dublin - apartments,National excluding Dublin,Apartments,0.9,10.2,1.5,170.2
2021-03-01,2021-03,2021,2021Q1,National excluding Dublin - houses,National excluding Dublin,Houses,0.2,4.3,0.9,150.1
2021-03-01,2021-03,2021,2021Q1,South Dublin - houses,South Dublin,Houses,0.4,3.7,0.4,125.3
2021-03-01,2021-03,2021,2021Q1,South-East - houses,South-East,Houses,-0.7,5.6,0.8,150.8
2021-03-01,2021-03,2021,2021Q1,South-West - houses,South-West,Houses,-0.8,2.3,-0.2,149.9
2021-03-01,2021-03,2021,2021Q1,West - houses,West,Houses,0.4,4.5,1.5,172.5
2021-04-01,2021-04,2021,2021Q2,Border - houses,Border,Houses,2.3,8.0,4.4,154.6
2021-04-01,2021-04,2021,2021Q2,Dublin - all residential properties,Dublin,All residential,1.0,3.7,2.5,128.8
2021-04-01,2021-04,2021,2021Q2,Dublin - apartments,Dublin,Apartments,0.7,0.6,1.0,131.1
2021-04-01,2021-04,2021,2021Q2,Dublin - houses,Dublin,Houses,1.0,4.4,2.8,128.7
2021-04-01,2021-04,2021,2021Q2,Dublin City - houses,Dublin City,Houses,1.1,4.9,3.6,129.1
2021-04-01,2021-04,2021,2021Q2,Dun Laoghaire-Rathdown - houses,Dun Laoghaire-Rathdown,Houses,1.5,5.0,3.3,126.5
2021-04-01,2021-04,2021,2021Q2,Fingal - houses,Fingal,Houses,0.4,3.0,2.3,127.5
2021-04-01,2021-04,2021,2021Q2,Mid-East - houses,Mid-East,Houses,0.6,5.5,1.5,140.1
2021-04-01,2021-04,2021,2021Q2,Mid-West - houses,Mid-West,Houses,2.1,4.1,2.5,157.6
2021-04-01,2021-04,2021,2021Q2,Midland - houses,Midland,Houses,0.7,7.8,2.9,165.8
2021-04-01,2021-04,2021,2021Q2,National - all residential properties,National,All residential,0.9,4.5,1.8,140.2
2021-04-01,2021-04,2021,2021Q2,National - apartments,National,Apartments,1.1,3.7,1.8,142.8
2021-04-01,2021-04,2021,2021Q2,National - houses,National,Houses,0.9,4.6,1.8,140.2
2021-04-01,2021-04,2021,2021Q2,National excluding Dublin - all residential properties,National excluding Dublin,All residential,0.8,5.3,1.2,152.8
2021-04-01,2021-04,2021,2021Q2,National excluding Dublin - apartments,National excluding Dublin,Apartments,2.1,11.7,3.8,173.8
2021-04-01,2021-04,2021,2021Q2,National excluding Dublin - houses,National excluding Dublin,Houses,0.8,4.9,1.0,151.2
2021-04-01,2021-04,2021,2021Q2,South Dublin - houses,South Dublin,Houses,1.0,3.9,1.2,126.6
2021-04-01,2021-04,2021,2021Q2,South-East - houses,South-East,Houses,0.1,6.3,0.1,151.0
2021-04-01,2021-04,2021,2021Q2,South-West - houses,South-West,Houses,0.2,2.0,-1.5,150.2
2021-04-01,2021-04,2021,2021Q2,West - houses,West,Houses,0.7,4.5,1.3,173.7
2021-05-01,2021-05,2021,2021Q2,Border - houses,Border,Houses,1.3,9.6,5.9,156.6
2021-05-01,2021-05,2021,2021Q2,Dublin - all residential properties,Dublin,All residential,0.8,4.8,2.7,129.9
2021-05-01,2021-05,2021,2021Q2,Dublin - apartments,Dublin,Apartments,0.8,1.3,1.7,132.1
2021-05-01,2021-05,2021,2021Q2,Dublin - houses,Dublin,Houses,0.9,5.6,3.0,129.8
2021-05-01,2021-05,2021,2021Q2,Dublin City - houses,Dublin City,Houses,0.3,5.7,2.6,129.5
2021-05-01,2021-05,2021,2021Q2,Dun Laoghaire-Rathdown - houses,Dun Laoghaire-Rathdown,Houses,1.4,6.3,4.2,128.2
2021-05-01,2021-05,2021,2021Q2,Fingal - houses,Fingal,Houses,0.2,3.7,1.8,127.8
2021-05-01,2021-05,2021,2021Q2,Mid-East - houses,Mid-East,Houses,0.3,6.5,1.6,140.5
2021-05-01,2021-05,2021,2021Q2,Mid-West - houses,Mid-West,Houses,2.0,7.4,4.0,160.8
2021-05-01,2021-05,2021,2021Q2,Midland - houses,Midland,Houses,0.6,8.8,2.0,166.8
2021-05-01,2021-05,2021,2021Q2,National - all residential properties,National,All residential,0.8,5.4,2.2,141.3
2021-05-01,2021-05,2021,2021Q2,National - apartments,National,Apartments,1.3,4.8,2.9,144.7
2021-05-01,2021-05,2021,2021Q2,National - houses,National,Houses,0.7,5.5,2.2,141.2
2021-05-01,2021-05,2021,2021Q2,National excluding Dublin - all residential properties,National excluding Dublin,All residential,0.8,6.0,1.8,154.0
2021-05-01,2021-05,2021,2021Q2,National excluding Dublin - apartments,National excluding Dublin,Apartments,2.6,13.8,5.6,178.3
2021-05-01,2021-05,2021,2021Q2,National excluding Dublin - houses,National excluding Dublin,Houses,0.7,5.5,1.6,152.2
2021-05-01,2021-05,2021,2021Q2,South Dublin - houses,South Dublin,Houses,1.9,6.6,3.3,128.9
2021-05-01,2021-05,2021,2021Q2,South-East - houses,South-East,Houses,0.6,5.9,0.0,151.9
2021-05-01,2021-05,2021,2021Q2,South-West - houses,South-West,Houses,0.3,0.9,-0.4,150.6
2021-05-01,2021-05,2021,2021Q2,West - houses,West,Houses,1.0,5.1,2.1,175.4
2021-06-01,2021-06,2021,2021Q2,Border - houses,Border,Houses,1.7,13.5,5.4,159.3
2021-06-01,2021-06,2021,2021Q2,Dublin - all residential properties,Dublin,All residential,1.3,6.3,3.1,131.6
2021-06-01,2021-06,2021,2021Q2,Dublin - apartments,Dublin,Apartments,1.9,2.1,3.4,134.6
2021-06-01,2021-06,2021,2021Q2,Dublin - houses,Dublin,Houses,1.1,7.4,3.0,131.3
2021-06-01,2021-06,2021,2021Q2,Dublin City - houses,Dublin City,Houses,1.2,7.0,2.7,131.1
2021-06-01,2021-06,2021,2021Q2,Dun Laoghaire-Rathdown - houses,Dun Laoghaire-Rathdown,Houses,1.4,7.8,4.3,130.0
2021-06-01,2021-06,2021,2021Q2,Fingal - houses,Fingal,Houses,0.6,5.6,1.2,128.6
2021-06-01,2021-06,2021,2021Q2,Mid-East - houses,Mid-East,Houses,1.1,7.4,2.1,142.1
2021-06-01,2021-06,2021,2021Q2,Mid-West - houses,Mid-West,Houses,0.7,8.0,4.9,161.9
2021-06-01,2021-06,2021,2021Q2,Midland - houses,Midland,Houses,2.3,9.7,3.7,170.7
2021-06-01,2021-06,2021,2021Q2,National - all residential properties,National,All residential,1.4,6.8,3.2,143.4
2021-06-01,2021-06,2021,2021Q2,National - apartments,National,Apartments,1.5,5.6,4.0,146.9
2021-06-01,2021-06,2021,2021Q2,National - houses,National,Houses,1.4,7.0,3.1,143.2
2021-06-01,2021-06,2021,2021Q2,National excluding Dublin - all residential properties,National excluding Dublin,All residential,1.6,7.4,3.2,156.4
2021-06-01,2021-06,2021,2021Q2,National excluding Dublin - apartments,National excluding Dublin,Apartments,0.5,14.6,5.2,179.2
2021-06-01,2021-06,2021,2021Q2,National excluding Dublin - houses,National excluding Dublin,Houses,1.6,6.8,3.1,154.7
2021-06-01,2021-06,2021,2021Q2,South Dublin - houses,South Dublin,Houses,1.3,9.1,4.2,130.6
2021-06-01,2021-06,2021,2021Q2,South-East - houses,South-East,Houses,2.4,8.5,3.1,155.5
2021-06-01,2021-06,2021,2021Q2,South-West - houses,South-West,Houses,3.3,2.9,3.7,155.5
2021-06-01,2021-06,2021,2021Q2,West - houses,West,Houses,-0.3,5.0,1.4,174.9
2021-07-01,2021-07,2021,2021Q3,Border - houses,Border,Houses,2.5,15.7,5.6,163.2
2021-07-01,2021-07,2021,2021Q3,Dublin - all residential properties,Dublin,All residential,1.5,8.1,3.7,133.5
2021-07-01,2021-07,2021,2021Q3,Dublin - apartments,Dublin,Apartments,1.7,4.0,4.5,136.9
2021-07-01,2021-07,2021,2021Q3,Dublin - houses,Dublin,Houses,1.5,9.1,3.5,133.2
2021-07-01,2021-07,2021,2021Q3,Dublin City - houses,Dublin City,Houses,1.3,9.4,2.9,132.8
2021-07-01,2021-07,2021,2021Q3,Dun Laoghaire-Rathdown - houses,Dun Laoghaire-Rathdown,Houses,1.4,9.7,4.2,131.8
2021-07-01,2021-07,2021,2021Q3,Fingal - houses,Fingal,Houses,1.1,6.1,1.9,129.9
2021-07-01,2021-07,2021,2021Q3,Mid-East - houses,Mid-East,Houses,1.4,8.0,2.9,144.1
2021-07-01,2021-07,2021,2021Q3,Mid-West - houses,Mid-West,Houses,2.4,8.6,5.2,165.9
2021-07-01,2021-07,2021,2021Q3,Midland - houses,Midland,Houses,1.7,11.0,4.7,173.7
2021-07-01,2021-07,2021,2021Q3,National - all residential properties,National,All residential,1.7,8.5,4.0,145.8
2021-07-01,2021-07,2021,2021Q3,National - apartments,National,Apartments,1.7,7.0,4.6,149.3
2021-07-01,2021-07,2021,2021Q3,National - houses,National,Houses,1.7,8.7,3.9,145.7
2021-07-01,2021-07,2021,2021Q3,National excluding Dublin - all residential properties,National excluding Dublin,All residential,1.9,8.9,4.3,159.3
2021-07-01,2021-07,2021,2021Q3,National excluding Dublin - apartments,National excluding Dublin,Apartments,1.7,14.6,4.8,182.1
2021-07-01,2021-07,2021,2021Q3,National excluding Dublin - houses,National excluding Dublin,Houses,1.9,8.5,4.3,157.6
2021-07-01,2021-07,2021,2021Q3,South Dublin - houses,South Dublin,Houses,2.3,11.2,5.6,133.7
2021-07-01,2021-07,2021,2021Q3,South-East - houses,South-East,Houses,2.1,10.8,5.1,158.6
2021-07-01,2021-07,2021,2021Q3,South-West - houses,South-West,Houses,1.9,5.2,5.6,158.5
2021-07-01,2021-07,2021,2021Q3,West - houses,West,Houses,2.2,8.4,2.9,178.8
2021-08-01,2021-08,2021,2021Q3,Border - houses,Border,Houses,2.9,21.1,7.2,167.9
2021-08-01,2021-08,2021,2021Q3,Dublin - all residential properties,Dublin,All residential,2.1,10.3,4.9,136.3
2021-08-01,2021-08,2021,2021Q3,Dublin - apartments,Dublin,Apartments,1.7,5.8,5.4,139.2
2021-08-01,2021-08,2021,2021Q3,Dublin - houses,Dublin,Houses,2.2,11.4,4.8,136.1
2021-08-01,2021-08,2021,2021Q3,Dublin City - houses,Dublin City,Houses,2.0,12.2,4.6,135.5
2021-08-01,2021-08,2021,2021Q3,Dun Laoghaire-Rathdown - houses,Dun Laoghaire-Rathdown,Houses,2.2,12.1,5.1,134.7
2021-08-01,2021-08,2021,2021Q3,Fingal - houses,Fingal,Houses,2.8,8.2,4.5,133.5
2021-08-01,2021-08,2021,2021Q3,Mid-East - houses,Mid-East,Houses,1.9,9.7,4.5,146.8
2021-08-01,2021-08,2021,2021Q3,Mid-West - houses,Mid-West,Houses,1.6,11.7,4.8,168.6
2021-08-01,2021-08,2021,2021Q3,Midland - houses,Midland,Houses,2.1,11.3,6.2,177.2
2021-08-01,2021-08,2021,2021Q3,National - all residential properties,National,All residential,2.2,10.9,5.5,149.1
2021-08-01,2021-08,2021,2021Q3,National - apartments,National,Apartments,1.5,8.7,4.7,151.5
2021-08-01,2021-08,2021,2021Q3,National - houses,National,Houses,2.3,11.2,5.6,149.1
2021-08-01,2021-08,2021,2021Q3,National excluding Dublin - all residential properties,National excluding Dublin,All residential,2.4,11.4,5.9,163.1
2021-08-01,2021-08,2021,2021Q3,National excluding Dublin - apartments,National excluding Dublin,Apartments,1.1,16.1,3.3,184.1
2021-08-01,2021-08,2021,2021Q3,National excluding Dublin - houses,National excluding Dublin,Houses,2.4,11.1,6.1,161.5
2021-08-01,2021-08,2021,2021Q3,South Dublin - houses,South Dublin,Houses,1.6,12.9,5.3,135.8
2021-08-01,2021-08,2021,2021Q3,South-East - houses,South-East,Houses,4.4,14.9,9.1,165.7
2021-08-01,2021-08,2021,2021Q3,South-West - houses,South-West,Houses,2.8,8.2,8.2,162.9
2021-08-01,2021-08,2021,2021Q3,West - houses,West,Houses,2.0,10.9,3.9,182.3
2021-09-01,2021-09,2021,2021Q3,Border - houses,Border,Houses,2.5,22.9,8.0,172.0
2021-09-01,2021-09,2021,2021Q3,Dublin - all residential properties,Dublin,All residential,1.3,11.7,5.0,138.1
2021-09-01,2021-09,2021,2021Q3,Dublin - apartments,Dublin,Apartments,1.5,7.9,5.0,141.3
2021-09-01,2021-09,2021,2021Q3,Dublin - houses,Dublin,Houses,1.3,12.6,5.0,137.8
2021-09-01,2021-09,2021,2021Q3,Dublin City - houses,Dublin City,Houses,1.7,14.2,5.2,137.8
2021-09-01,2021-09,2021,2021Q3,Dun Laoghaire-Rathdown - houses,Dun Laoghaire-Rathdown,Houses,0.6,13.2,4.3,135.6
2021-09-01,2021-09,2021,2021Q3,Fingal - houses,Fingal,Houses,1.6,9.3,5.5,135.7
2021-09-01,2021-09,2021,2021Q3,Mid-East - houses,Mid-East,Houses,1.6,10.5,5.0,149.2
2021-09-01,2021-09,2021,2021Q3,Mid-West - houses,Mid-West,Houses,0.6,13.1,4.7,169.6
2021-09-01,2021-09,2021,2021Q3,Midland - houses,Midland,Houses,1.2,12.3,5.1,179.4
2021-09-01,2021-09,2021,2021Q3,National - all residential properties,National,All residential,1.6,12.4,5.7,151.5
2021-09-01,2021-09,2021,2021Q3,National - apartments,National,Apartments,1.4,9.8,4.6,153.7
2021-09-01,2021-09,2021,2021Q3,National - houses,National,Houses,1.6,12.8,5.8,151.5
2021-09-01,2021-09,2021,2021Q3,National excluding Dublin - all residential properties,National excluding Dublin,All residential,1.8,13.1,6.2,166.1
2021-09-01,2021-09,2021,2021Q3,National excluding Dublin - apartments,National excluding Dublin,Apartments,1.1,14.8,3.9,186.1
2021-09-01,2021-09,2021,2021Q3,National excluding Dublin - houses,National excluding Dublin,Houses,1.9,12.9,6.4,164.5
2021-09-01,2021-09,2021,2021Q3,South Dublin - houses,South Dublin,Houses,1.0,13.1,5.0,137.2
2021-09-01,2021-09,2021,2021Q3,South-East - houses,South-East,Houses,3.0,16.8,9.7,170.6
2021-09-01,2021-09,2021,2021Q3,South-West - houses,South-West,Houses,2.3,11.5,7.2,166.8
2021-09-01,2021-09,2021,2021Q3,West - houses,West,Houses,1.9,13.8,6.2,185.8
2021-10-01,2021-10,2021,2021Q4,Border - houses,Border,Houses,1.1,23.4,6.6,173.9
2021-10-01,2021-10,2021,2021Q4,Dublin - all residential properties,Dublin,All residential,0.9,12.1,4.4,139.3
2021-10-01,2021-10,2021,2021Q4,Dublin - apartments,Dublin,Apartments,0.5,7.9,3.8,142.0
2021-10-01,2021-10,2021,2021Q4,Dublin - houses,Dublin,Houses,1.0,13.1,4.5,139.2
2021-10-01,2021-10,2021,2021Q4,Dublin City - houses,Dublin City,Houses,1.5,15.3,5.4,139.9
2021-10-01,2021-10,2021,2021Q4,Dun Laoghaire-Rathdown - houses,Dun Laoghaire-Rathdown,Houses,1.2,14.9,4.1,137.2
2021-10-01,2021-10,2021,2021Q4,Fingal - houses,Fingal,Houses,0.4,9.0,4.8,136.1
2021-10-01,2021-10,2021,2021Q4,Mid-East - houses,Mid-East,Houses,1.7,11.5,5.3,151.7
2021-10-01,2021-10,2021,2021Q4,Mid-West - houses,Mid-West,Houses,1.0,14.7,3.2,171.2
2021-10-01,2021-10,2021,2021Q4,Midland - houses,Midland,Houses,1.3,14.2,4.7,181.8
2021-10-01,2021-10,2021,2021Q4,National - all residential properties,National,All residential,1.2,13.3,5.1,153.3
2021-10-01,2021-10,2021,2021Q4,National - apartments,National,Apartments,0.9,10.1,3.8,155.0
2021-10-01,2021-10,2021,2021Q4,National - houses,National,Houses,1.2,13.7,5.3,153.4
2021-10-01,2021-10,2021,2021Q4,National excluding Dublin - all residential properties,National excluding Dublin,All residential,1.5,14.3,5.8,168.5
2021-10-01,2021-10,2021,2021Q4,National excluding Dublin - apartments,National excluding Dublin,Apartments,1.7,15.5,4.0,189.4
2021-10-01,2021-10,2021,2021Q4,National excluding Dublin - houses,National excluding Dublin,Houses,1.4,14.2,5.9,166.9
2021-10-01,2021-10,2021,2021Q4,South Dublin - houses,South Dublin,Houses,0.4,11.9,3.0,137.7
2021-10-01,2021-10,2021,2021Q4,South-East - houses,South-East,Houses,2.1,18.9,9.7,174.1
2021-10-01,2021-10,2021,2021Q4,South-West - houses,South-West,Houses,1.2,13.2,6.4,168.7
2021-10-01,2021-10,2021,2021Q4,West - houses,West,Houses,1.3,13.5,5.3,188.2
2021-11-01,2021-11,2021,2021Q4,Border - houses,Border,Houses,1.6,23.3,5.3,176.7
2021-11-01,2021-11,2021,2021Q4,Dublin - all residential properties,Dublin,All residential,1.0,12.7,3.2,140.7
2021-11-01,2021-11,2021,2021Q4,Dublin - apartments,Dublin,Apartments,1.3,9.9,3.4,143.9
2021-11-01,2021-11,2021,2021Q4,Dublin - houses,Dublin,Houses,0.9,13.3,3.2,140.4
2021-11-01,2021-11,2021,2021Q4,Dublin City - houses,Dublin City,Houses,1.1,14.8,4.4,141.5
2021-11-01,2021-11,2021,2021Q4,Dun Laoghaire-Rathdown - houses,Dun Laoghaire-Rathdown,Houses,0.8,15.5,2.7,138.4
2021-11-01,2021-11,2021,2021Q4,Fingal - houses,Fingal,Houses,1.2,10.8,3.1,137.8
2021-11-01,2021-11,2021,2021Q4,Mid-East - houses,Mid-East,Houses,1.8,12.6,5.2,154.5
2021-11-01,2021-11,2021,2021Q4,Mid-West - houses,Mid-West,Houses,0.1,13.2,1.7,171.5
2021-11-01,2021-11,2021,2021Q4,Midland - houses,Midland,Houses,2.6,17.0,5.3,186.6
2021-11-01,2021-11,2021,2021Q4,National - all residential properties,National,All residential,1.3,14.0,4.1,155.3
2021-11-01,2021-11,2021,2021Q4,National - apartments,National,Apartments,1.6,12.0,3.9,157.5
2021-11-01,2021-11,2021,2021Q4,National - houses,National,Houses,1.2,14.2,4.2,155.3
2021-11-01,2021-11,2021,2021Q4,National excluding Dublin - all residential properties,National excluding Dublin,All residential,1.5,15.0,4.9,171.0
2021-11-01,2021-11,2021,2021Q4,National excluding Dublin - apartments,National excluding Dublin,Apartments,2.3,17.2,5.2,193.7
2021-11-01,2021-11,2021,2021Q4,National excluding Dublin - houses,National excluding Dublin,Houses,1.5,14.9,4.9,169.3
2021-11-01,2021-11,2021,2021Q4,South Dublin - houses,South Dublin,Houses,0.1,10.8,1.6,137.9
2021-11-01,2021-11,2021,2021Q4,South-East - houses,South-East,Houses,1.5,19.8,6.6,176.7
2021-11-01,2021-11,2021,2021Q4,South-West - houses,South-West,Houses,1.4,14.1,5.0,171.0
2021-11-01,2021-11,2021,2021Q4,West - houses,West,Houses,1.0,13.4,4.3,190.1
2021-12-01,2021-12,2021,2021Q4,Border - houses,Border,Houses,1.6,23.5,4.3,179.5
2021-12-01,2021-12,2021,2021Q4,Dublin - all residential properties,Dublin,All residential,0.6,12.9,2.5,141.5
2021-12-01,2021-12,2021,2021Q4,Dublin - apartments,Dublin,Apartments,0.7,10.9,2.5,144.9
2021-12-01,2021-12,2021,2021Q4,Dublin - houses,Dublin,Houses,0.6,13.3,2.5,141.2
2021-12-01,2021-12,2021,2021Q4,Dublin City - houses,Dublin City,Houses,0.6,14.6,3.2,142.3
2021-12-01,2021-12,2021,2021Q4,Dun Laoghaire-Rathdown - houses,Dun Laoghaire-Rathdown,Houses,0.0,14.5,2.1,138.4
2021-12-01,2021-12,2021,2021Q4,Fingal - houses,Fingal,Houses,1.0,11.3,2.6,139.2
2021-12-01,2021-12,2021,2021Q4,Mid-East - houses,Mid-East,Houses,1.8,13.6,5.4,157.2
2021-12-01,2021-12,2021,2021Q4,Mid-West - houses,Mid-West,Houses,0.3,11.9,1.4,172.0
2021-12-01,2021-12,2021,2021Q4,Midland - houses,Midland,Houses,1.4,17.5,5.5,189.3
2021-12-01,2021-12,2021,2021Q4,National - all residential properties,National,All residential,0.9,14.2,3.4,156.7
2021-12-01,2021-12,2021,2021Q4,National - apartments,National,Apartments,0.8,12.7,3.3,158.8
2021-12-01,2021-12,2021,2021Q4,National - houses,National,Houses,0.9,14.4,3.4,156.7
2021-12-01,2021-12,2021,2021Q4,National excluding Dublin - all residential properties,National excluding Dublin,All residential,1.2,15.2,4.2,173.1
2021-12-01,2021-12,2021,2021Q4,National excluding Dublin - apartments,National excluding Dublin,Apartments,1.1,16.9,5.3,195.9
2021-12-01,2021-12,2021,2021Q4,National excluding Dublin - houses,National excluding Dublin,Houses,1.2,15.1,4.1,171.3
2021-12-01,2021-12,2021,2021Q4,South Dublin - houses,South Dublin,Houses,0.9,11.5,1.5,139.2
2021-12-01,2021-12,2021,2021Q4,South-East - houses,South-East,Houses,0.4,18.7,4.0,177.5
2021-12-01,2021-12,2021,2021Q4,South-West - houses,South-West,Houses,0.6,14.5,3.2,172.1
2021-12-01,2021-12,2021,2021Q4,West - houses,West,Houses,1.8,13.9,4.2,193.6
2022-01-01,2022-01,2022,2022Q1,Border - houses,Border,Houses,2.4,24.1,5.7,183.8
2022-01-01,2022-01,2022,2022Q1,Dublin - all residential properties,Dublin,All residential,0.5,13.2,2.1,142.2
2022-01-01,2022-01,2022,2022Q1,Dublin - apartments,Dublin,Apartments,0.7,12.4,2.7,145.8
2022-01-01,2022-01,2022,2022Q1,Dublin - houses,Dublin,Houses,0.5,13.3,1.9,141.9
2022-01-01,2022-01,2022,2022Q1,Dublin City - houses,Dublin City,Houses,0.6,14.9,2.3,143.1
2022-01-01,2022-01,2022,2022Q1,Dun Laoghaire-Rathdown - houses,Dun Laoghaire-Rathdown,Houses,-0.1,12.9,0.8,138.3
2022-01-01,2022-01,2022,2022Q1,Fingal - houses,Fingal,Houses,1.0,12.7,3.2,140.5
2022-01-01,2022-01,2022,2022Q1,Mid-East - houses,Mid-East,Houses,0.7,14.7,4.4,158.3
2022-01-01,2022-01,2022,2022Q1,Mid-West - houses,Mid-West,Houses,2.7,14.9,3.2,176.6
2022-01-01,2022-01,2022,2022Q1,Midland - houses,Midland,Houses,1.2,18.8,5.3,191.5
2022-01-01,2022-01,2022,2022Q1,National - all residential properties,National,All residential,0.9,14.8,3.1,158.1
2022-01-01,2022-01,2022,2022Q1,National - apartments,National,Apartments,0.5,13.9,3.0,159.7
2022-01-01,2022-01,2022,2022Q1,National - houses,National,Houses,0.9,14.9,3.1,158.2
2022-01-01,2022-01,2022,2022Q1,National excluding Dublin - all residential properties,National excluding Dublin,All residential,1.2,16.0,4.0,175.2
2022-01-01,2022-01,2022,2022Q1,National excluding Dublin - apartments,National excluding Dublin,Apartments,0.3,17.4,3.8,196.5
2022-01-01,2022-01,2022,2022Q1,National excluding Dublin - houses,National excluding Dublin,Houses,1.3,16.0,4.0,173.5
2022-01-01,2022-01,2022,2022Q1,South Dublin - houses,South Dublin,Houses,0.5,11.8,1.5,139.8
2022-01-01,2022-01,2022,2022Q1,South-East - houses,South-East,Houses,0.6,18.3,2.5,178.4
2022-01-01,2022-01,2022,2022Q1,South-West - houses,South-West,Houses,0.5,13.5,2.5,172.9
2022-01-01,2022-01,2022,2022Q1,West - houses,West,Houses,3.2,16.5,6.2,199.8
2022-02-01,2022-02,2022,2022Q1,Border - houses,Border,Houses,1.8,26.5,5.9,187.1
2022-02-01,2022-02,2022,2022Q1,Dublin - all residential properties,Dublin,All residential,0.6,13.2,1.7,143.1
2022-02-01,2022-02,2022,2022Q1,Dublin - apartments,Dublin,Apartments,0.3,12.7,1.7,146.3
2022-02-01,2022-02,2022,2022Q1,Dublin - houses,Dublin,Houses,0.7,13.3,1.8,142.9
2022-02-01,2022-02,2022,2022Q1,Dublin City - houses,Dublin City,Houses,0.9,14.4,2.1,144.4
2022-02-01,2022-02,2022,2022Q1,Dun Laoghaire-Rathdown - houses,Dun Laoghaire-Rathdown,Houses,1.0,13.5,0.9,139.7
2022-02-01,2022-02,2022,2022Q1,Fingal - houses,Fingal,Houses,0.9,12.9,2.9,141.8
2022-02-01,2022-02,2022,2022Q1,Mid-East - houses,Mid-East,Houses,0.5,15.0,3.0,159.1
2022-02-01,2022-02,2022,2022Q1,Mid-West - houses,Mid-West,Houses,0.9,15.2,3.9,178.2
2022-02-01,2022-02,2022,2022Q1,Midland - houses,Midland,Houses,1.0,18.2,3.7,193.4
2022-02-01,2022-02,2022,2022Q1,National - all residential properties,National,All residential,0.7,15.1,2.5,159.1
2022-02-01,2022-02,2022,2022Q1,National - apartments,National,Apartments,0.7,14.3,2.0,160.7
2022-02-01,2022-02,2022,2022Q1,National - houses,National,Houses,0.7,15.2,2.6,159.3
2022-02-01,2022-02,2022,2022Q1,National excluding Dublin - all residential properties,National excluding Dublin,All residential,0.7,16.6,3.1,176.3
2022-02-01,2022-02,2022,2022Q1,National excluding Dublin - apartments,National excluding Dublin,Apartments,1.4,18.1,2.9,199.3
2022-02-01,2022-02,2022,2022Q1,National excluding Dublin - houses,National excluding Dublin,Houses,0.6,16.5,3.1,174.6
2022-02-01,2022-02,2022,2022Q1,South Dublin - houses,South Dublin,Houses,-0.5,11.5,0.9,139.2
2022-02-01,2022-02,2022,2022Q1,South-East - houses,South-East,Houses,1.0,18.7,2.0,180.2
2022-02-01,2022-02,2022,2022Q1,South-West - houses,South-West,Houses,0.1,14.5,1.2,173.1
2022-02-01,2022-02,2022,2022Q1,West - houses,West,Houses,0.4,16.7,5.5,200.5
2022-03-01,2022-03,2022,2022Q1,Border - houses,Border,Houses,0.8,24.9,5.1,188.7
2022-03-01,2022-03,2022,2022Q1,Dublin - all residential properties,Dublin,All residential,0.3,12.6,1.5,143.6
2022-03-01,2022-03,2022,2022Q1,Dublin - apartments,Dublin,Apartments,0.6,13.0,1.6,147.2
2022-03-01,2022-03,2022,2022Q1,Dublin - houses,Dublin,Houses,0.3,12.5,1.5,143.3
2022-03-01,2022-03,2022,2022Q1,Dublin City - houses,Dublin City,Houses,0.4,13.5,1.9,144.9
2022-03-01,2022-03,2022,2022Q1,Dun Laoghaire-Rathdown - houses,Dun Laoghaire-Rathdown,Houses,-0.2,11.8,0.7,139.4
2022-03-01,2022-03,2022,2022Q1,Fingal - houses,Fingal,Houses,0.5,12.2,2.4,142.5
2022-03-01,2022-03,2022,2022Q1,Mid-East - houses,Mid-East,Houses,0.6,15.0,1.8,160.1
2022-03-01,2022-03,2022,2022Q1,Mid-West - houses,Mid-West,Houses,0.4,15.9,4.0,178.9
2022-03-01,2022-03,2022,2022Q1,Midland - houses,Midland,Houses,0.5,18.0,2.6,194.3
2022-03-01,2022-03,2022,2022Q1,National - all residential properties,National,All residential,0.5,15.1,2.1,159.9
2022-03-01,2022-03,2022,2022Q1,National - apartments,National,Apartments,0.5,14.4,1.7,161.6
2022-03-01,2022-03,2022,2022Q1,National - houses,National,Houses,0.5,15.2,2.1,160.0
2022-03-01,2022-03,2022,2022Q1,National excluding Dublin - all residential properties,National excluding Dublin,All residential,0.6,17.1,2.5,177.4
2022-03-01,2022-03,2022,2022Q1,National excluding Dublin - apartments,National excluding Dublin,Apartments,0.4,17.5,2.1,200.1
2022-03-01,2022-03,2022,2022Q1,National excluding Dublin - houses,National excluding Dublin,Houses,0.6,17.1,2.5,175.7
2022-03-01,2022-03,2022,2022Q1,South Dublin - houses,South Dublin,Houses,0.6,11.7,0.6,140.0
2022-03-01,2022-03,2022,2022Q1,South-East - houses,South-East,Houses,0.5,20.1,2.0,181.0
2022-03-01,2022-03,2022,2022Q1,South-West - houses,South-West,Houses,0.4,15.8,0.9,173.7
2022-03-01,2022-03,2022,2022Q1,West - houses,West,Houses,1.5,18.0,5.2,203.6
2022-04-01,2022-04,2022,2022Q2,Border - houses,Border,Houses,1.3,23.6,4.0,191.1
2022-04-01,2022-04,2022,2022Q2,Dublin - all residential properties,Dublin,All residential,0.2,11.7,1.2,143.9
2022-04-01,2022-04,2022,2022Q2,Dublin - apartments,Dublin,Apartments,0.4,12.7,1.3,147.7
2022-04-01,2022-04,2022,2022Q2,Dublin - houses,Dublin,Houses,0.1,11.5,1.1,143.5
2022-04-01,2022-04,2022,2022Q2,Dublin City - houses,Dublin City,Houses,0.5,12.9,1.8,145.7
2022-04-01,2022-04,2022,2022Q2,Dun Laoghaire-Rathdown - houses,Dun Laoghaire-Rathdown,Houses,-0.4,9.8,0.4,138.8
2022-04-01,2022-04,2022,2022Q2,Fingal - houses,Fingal,Houses,-0.3,11.4,1.1,142.0
2022-04-01,2022-04,2022,2022Q2,Mid-East - houses,Mid-East,Houses,0.4,14.7,1.5,160.7
2022-04-01,2022-04,2022,2022Q2,Mid-West - houses,Mid-West,Houses,-0.9,12.5,0.4,177.3
2022-04-01,2022-04,2022,2022Q2,Midland - houses,Midland,Houses,0.2,17.3,1.6,194.6
2022-04-01,2022-04,2022,2022Q2,National - all residential properties,National,All residential,0.4,14.5,1.5,160.5
2022-04-01,2022-04,2022,2022Q2,National - apartments,National,Apartments,0.5,13.7,1.7,162.3
2022-04-01,2022-04,2022,2022Q2,National - houses,National,Houses,0.4,14.6,1.5,160.6
2022-04-01,2022-04,2022,2022Q2,National excluding Dublin - all residential properties,National excluding Dublin,All residential,0.5,16.8,1.8,178.4
2022-04-01,2022-04,2022,2022Q2,National excluding Dublin - apartments,National excluding Dublin,Apartments,0.7,15.9,2.5,201.5
2022-04-01,2022-04,2022,2022Q2,National excluding Dublin - houses,National excluding Dublin,Houses,0.5,16.8,1.8,176.6
2022-04-01,2022-04,2022,2022Q2,South Dublin - houses,South Dublin,Houses,0.9,11.6,1.0,141.3
2022-04-01,2022-04,2022,2022Q2,South-East - houses,South-East,Houses,0.9,20.9,2.3,182.6
2022-04-01,2022-04,2022,2022Q2,South-West - houses,South-West,Houses,1.6,17.5,2.0,176.5
2022-04-01,2022-04,2022,2022Q2,West - houses,West,Houses,-0.3,16.9,1.6,203.0
2022-05-01,2022-05,2022,2022Q2,Border - houses,Border,Houses,-0.3,21.6,1.8,190.5
2022-05-01,2022-05,2022,2022Q2,Dublin - all residential properties,Dublin,All residential,0.7,11.5,1.2,144.9
2022-05-01,2022-05,2022,2022Q2,Dublin - apartments,Dublin,Apartments,0.2,12.0,1.1,148.0
2022-05-01,2022-05,2022,2022Q2,Dublin - houses,Dublin,Houses,0.8,11.5,1.2,144.7
2022-05-01,2022-05,2022,2022Q2,Dublin City - houses,Dublin City,Houses,0.6,13.2,1.5,146.6
2022-05-01,2022-05,2022,2022Q2,Dun Laoghaire-Rathdown - houses,Dun Laoghaire-Rathdown,Houses,1.2,9.6,0.6,140.5
2022-05-01,2022-05,2022,2022Q2,Fingal - houses,Fingal,Houses,0.7,11.9,0.9,143.1
2022-05-01,2022-05,2022,2022Q2,Mid-East - houses,Mid-East,Houses,0.7,15.1,1.7,161.7
2022-05-01,2022-05,2022,2022Q2,Mid-West - houses,Mid-West,Houses,1.1,11.5,0.6,179.3
2022-05-01,2022-05,2022,2022Q2,Midland - houses,Midland,Houses,1.5,18.4,2.1,197.4
2022-05-01,2022-05,2022,2022Q2,National - all residential properties,National,All residential,0.7,14.4,1.6,161.7
2022-05-01,2022-05,2022,2022Q2,National - apartments,National,Apartments,0.4,12.6,1.4,163.0
2022-05-01,2022-05,2022,2022Q2,National - houses,National,Houses,0.8,14.6,1.6,161.9
2022-05-01,2022-05,2022,2022Q2,National excluding Dublin - all residential properties,National excluding Dublin,All residential,0.8,16.7,1.9,179.7
2022-05-01,2022-05,2022,2022Q2,National excluding Dublin - apartments,National excluding Dublin,Apartments,0.9,14.0,2.0,203.3
2022-05-01,2022-05,2022,2022Q2,National excluding Dublin - houses,National excluding Dublin,Houses,0.7,16.9,1.9,177.9
2022-05-01,2022-05,2022,2022Q2,South Dublin - houses,South Dublin,Houses,0.7,10.4,2.2,142.3
2022-05-01,2022-05,2022,2022Q2,South-East - houses,South-East,Houses,1.2,21.7,2.6,184.8
2022-05-01,2022-05,2022,2022Q2,South-West - houses,South-West,Houses,0.2,17.4,2.2,176.8
2022-05-01,2022-05,2022,2022Q2,West - houses,West,Houses,1.5,17.4,2.7,206.0
2022-06-01,2022-06,2022,2022Q2,Border - houses,Border,Houses,0.4,20.1,1.4,191.3
2022-06-01,2022-06,2022,2022Q2,Dublin - all residential properties,Dublin,All residential,1.2,11.4,2.1,146.6
2022-06-01,2022-06,2022,2022Q2,Dublin - apartments,Dublin,Apartments,0.9,10.9,1.5,149.3
2022-06-01,2022-06,2022,2022Q2,Dublin - houses,Dublin,Houses,1.2,11.5,2.2,146.4
2022-06-01,2022-06,2022,2022Q2,Dublin City - houses,Dublin City,Houses,0.9,12.8,2.0,147.9
2022-06-01,2022-06,2022,2022Q2,Dun Laoghaire-Rathdown - houses,Dun Laoghaire-Rathdown,Houses,1.6,9.9,2.4,142.8
2022-06-01,2022-06,2022,2022Q2,Fingal - houses,Fingal,Houses,1.1,12.5,1.4,144.6
2022-06-01,2022-06,2022,2022Q2,Mid-East - houses,Mid-East,Houses,1.4,15.4,2.4,164.0
2022-06-01,2022-06,2022,2022Q2,Mid-West - houses,Mid-West,Houses,1.0,11.9,1.3,181.2
2022-06-01,2022-06,2022,2022Q2,Midland - houses,Midland,Houses,1.5,17.4,3.1,200.3
2022-06-01,2022-06,2022,2022Q2,National - all residential properties,National,All residential,1.1,14.0,2.2,163.4
2022-06-01,2022-06,2022,2022Q2,National - apartments,National,Apartments,0.8,11.8,1.7,164.3
2022-06-01,2022-06,2022,2022Q2,National - houses,National,Houses,1.1,14.3,2.2,163.6
2022-06-01,2022-06,2022,2022Q2,National excluding Dublin - all residential properties,National excluding Dublin,All residential,1.0,16.0,2.3,181.5
2022-06-01,2022-06,2022,2022Q2,National excluding Dublin - apartments,National excluding Dublin,Apartments,0.4,14.0,2.1,204.2
2022-06-01,2022-06,2022,2022Q2,National excluding Dublin - houses,National excluding Dublin,Houses,1.0,16.2,2.3,179.7
2022-06-01,2022-06,2022,2022Q2,South Dublin - houses,South Dublin,Houses,1.6,10.7,3.2,144.5
2022-06-01,2022-06,2022,2022Q2,South-East - houses,South-East,Houses,0.2,19.1,2.2,185.1
2022-06-01,2022-06,2022,2022Q2,South-West - houses,South-West,Houses,0.7,14.6,2.6,178.1
2022-06-01,2022-06,2022,2022Q2,West - houses,West,Houses,1.3,19.3,2.5,208.7
2022-07-01,2022-07,2022,2022Q3,Border - houses,Border,Houses,0.6,17.9,0.7,192.4
2022-07-01,2022-07,2022,2022Q3,Dublin - all residential properties,Dublin,All residential,0.8,10.7,2.7,147.8
2022-07-01,2022-07,2022,2022Q3,Dublin - apartments,Dublin,Apartments,0.4,9.5,1.5,149.9
2022-07-01,2022-07,2022,2022Q3,Dublin - houses,Dublin,Houses,0.9,11.0,3.0,147.8
2022-07-01,2022-07,2022,2022Q3,Dublin City - houses,Dublin City,Houses,0.9,12.3,2.4,149.2
2022-07-01,2022-07,2022,2022Q3,Dun Laoghaire-Rathdown - houses,Dun Laoghaire-Rathdown,Houses,1.3,9.7,4.2,144.6
2022-07-01,2022-07,2022,2022Q3,Fingal - houses,Fingal,Houses,0.2,11.5,2.0,144.9
2022-07-01,2022-07,2022,2022Q3,Mid-East - houses,Mid-East,Houses,1.1,15.0,3.1,165.7
2022-07-01,2022-07,2022,2022Q3,Mid-West - houses,Mid-West,Houses,2.2,11.6,4.4,185.1
2022-07-01,2022-07,2022,2022Q3,Midland - houses,Midland,Houses,0.9,16.4,3.9,202.2
2022-07-01,2022-07,2022,2022Q3,National - all residential properties,National,All residential,1.0,13.1,2.8,165.0
2022-07-01,2022-07,2022,2022Q3,National - apartments,National,Apartments,0.4,10.5,1.6,165.0
2022-07-01,2022-07,2022,2022Q3,National - houses,National,Houses,1.0,13.5,2.9,165.3
2022-07-01,2022-07,2022,2022Q3,National excluding Dublin - all residential properties,National excluding Dublin,All residential,1.1,15.1,2.8,183.4
2022-07-01,2022-07,2022,2022Q3,National excluding Dublin - apartments,National excluding Dublin,Apartments,0.6,12.8,2.0,205.5
2022-07-01,2022-07,2022,2022Q3,National excluding Dublin - houses,National excluding Dublin,Houses,1.1,15.3,2.9,181.7
2022-07-01,2022-07,2022,2022Q3,South Dublin - houses,South Dublin,Houses,1.5,9.7,3.8,146.6
2022-07-01,2022-07,2022,2022Q3,South-East - houses,South-East,Houses,1.2,18.0,2.6,187.3
2022-07-01,2022-07,2022,2022Q3,South-West - houses,South-West,Houses,0.5,13.0,1.5,179.1
2022-07-01,2022-07,2022,2022Q3,West - houses,West,Houses,1.6,18.6,4.4,212.0
2022-08-01,2022-08,2022,2022Q3,Border - houses,Border,Houses,0.3,14.9,1.3,192.9
2022-08-01,2022-08,2022,2022Q3,Dublin - all residential properties,Dublin,All residential,1.2,9.8,3.2,149.6
2022-08-01,2022-08,2022,2022Q3,Dublin - apartments,Dublin,Apartments,1.0,8.8,2.3,151.4
2022-08-01,2022-08,2022,2022Q3,Dublin - houses,Dublin,Houses,1.3,10.0,3.5,149.7
2022-08-01,2022-08,2022,2022Q3,Dublin City - houses,Dublin City,Houses,0.4,10.5,2.2,149.8
2022-08-01,2022-08,2022,2022Q3,Dun Laoghaire-Rathdown - houses,Dun Laoghaire-Rathdown,Houses,1.9,9.4,4.9,147.4
2022-08-01,2022-08,2022,2022Q3,Fingal - houses,Fingal,Houses,1.4,10.0,2.7,146.9
2022-08-01,2022-08,2022,2022Q3,Mid-East - houses,Mid-East,Houses,0.7,13.6,3.2,166.8
2022-08-01,2022-08,2022,2022Q3,Mid-West - houses,Mid-West,Houses,1.3,11.2,4.6,187.5
2022-08-01,2022-08,2022,2022Q3,Midland - houses,Midland,Houses,0.9,15.1,3.3,203.9
2022-08-01,2022-08,2022,2022Q3,National - all residential properties,National,All residential,1.1,11.8,3.1,166.7
2022-08-01,2022-08,2022,2022Q3,National - apartments,National,Apartments,0.8,9.8,2.1,166.3
2022-08-01,2022-08,2022,2022Q3,National - houses,National,Houses,1.1,12.1,3.3,167.1
2022-08-01,2022-08,2022,2022Q3,National excluding Dublin - all residential properties,National excluding Dublin,All residential,0.9,13.5,3.0,185.1
2022-08-01,2022-08,2022,2022Q3,National excluding Dublin - apartments,National excluding Dublin,Apartments,0.4,12.0,1.5,206.3
2022-08-01,2022-08,2022,2022Q3,National excluding Dublin - houses,National excluding Dublin,Houses,1.0,13.6,3.1,183.4
2022-08-01,2022-08,2022,2022Q3,South Dublin - houses,South Dublin,Houses,1.9,10.1,5.1,149.5
2022-08-01,2022-08,2022,2022Q3,South-East - houses,South-East,Houses,1.8,15.1,3.2,190.7
2022-08-01,2022-08,2022,2022Q3,South-West - houses,South-West,Houses,0.7,10.7,2.0,180.4
2022-08-01,2022-08,2022,2022Q3,West - houses,West,Houses,1.6,18.2,4.6,215.5
2022-09-01,2022-09,2022,2022Q3,Border - houses,Border,Houses,0.5,12.7,1.4,193.9
2022-09-01,2022-09,2022,2022Q3,Dublin - all residential properties,Dublin,All residential,0.8,9.2,2.9,150.9
2022-09-01,2022-09,2022,2022Q3,Dublin - apartments,Dublin,Apartments,0.3,7.4,1.7,151.8
2022-09-01,2022-09,2022,2022Q3,Dublin - houses,Dublin,Houses,1.0,9.7,3.2,151.1
2022-09-01,2022-09,2022,2022Q3,Dublin City - houses,Dublin City,Houses,0.8,9.5,2.1,151.0
2022-09-01,2022-09,2022,2022Q3,Dun Laoghaire-Rathdown - houses,Dun Laoghaire-Rathdown,Houses,0.7,9.4,3.9,148.4
2022-09-01,2022-09,2022,2022Q3,Fingal - houses,Fingal,Houses,1.3,9.7,2.9,148.8
2022-09-01,2022-09,2022,2022Q3,Mid-East - houses,Mid-East,Houses,0.3,12.1,2.1,167.3
2022-09-01,2022-09,2022,2022Q3,Mid-West - houses,Mid-West,Houses,0.4,11.0,3.9,188.3
2022-09-01,2022-09,2022,2022Q3,Midland - houses,Midland,Houses,0.0,13.7,1.8,204.0
2022-09-01,2022-09,2022,2022Q3,National - all residential properties,National,All residential,0.6,10.7,2.6,167.7
2022-09-01,2022-09,2022,2022Q3,National - apartments,National,Apartments,-0.2,8.1,1.1,166.0
2022-09-01,2022-09,2022,2022Q3,National - houses,National,Houses,0.7,11.0,2.8,168.3
2022-09-01,2022-09,2022,2022Q3,National excluding Dublin - all residential properties,National excluding Dublin,All residential,0.4,11.8,2.4,185.8
2022-09-01,2022-09,2022,2022Q3,National excluding Dublin - apartments,National excluding Dublin,Apartments,-1.2,9.5,-0.2,203.8
2022-09-01,2022-09,2022,2022Q3,National excluding Dublin - houses,National excluding Dublin,Houses,0.5,12.0,2.6,184.3
2022-09-01,2022-09,2022,2022Q3,South Dublin - houses,South Dublin,Houses,1.4,10.5,4.9,151.6
2022-09-01,2022-09,2022,2022Q3,South-East - houses,South-East,Houses,0.2,12.0,3.2,191.0
2022-09-01,2022-09,2022,2022Q3,South-West - houses,South-West,Houses,1.0,9.2,2.3,182.2
2022-09-01,2022-09,2022,2022Q3,West - houses,West,Houses,0.5,16.6,3.8,216.6
2022-10-01,2022-10,2022,2022Q4,Border - houses,Border,Houses,-0.1,11.4,0.7,193.8
2022-10-01,2022-10,2022,2022Q4,Dublin - all residential properties,Dublin,All residential,-0.1,8.2,2.0,150.8
2022-10-01,2022-10,2022,2022Q4,Dublin - apartments,Dublin,Apartments,1.0,8.0,2.4,153.4
2022-10-01,2022-10,2022,2022Q4,Dublin - houses,Dublin,Houses,-0.3,8.3,1.9,150.7
2022-10-01,2022-10,2022,2022Q4,Dublin City - houses,Dublin City,Houses,-1.1,6.7,0.1,149.4
2022-10-01,2022-10,2022,2022Q4,Dun Laoghaire-Rathdown - houses,Dun Laoghaire-Rathdown,Houses,-0.7,7.4,1.9,147.3
2022-10-01,2022-10,2022,2022Q4,Fingal - houses,Fingal,Houses,0.5,9.9,3.3,149.6
2022-10-01,2022-10,2022,2022Q4,Mid-East - houses,Mid-East,Houses,0.7,11.1,1.7,168.5
2022-10-01,2022-10,2022,2022Q4,Mid-West - houses,Mid-West,Houses,-0.4,9.5,1.3,187.5
2022-10-01,2022-10,2022,2022Q4,Midland - houses,Midland,Houses,-0.2,11.9,0.7,203.5
2022-10-01,2022-10,2022,2022Q4,National - all residential properties,National,All residential,0.2,9.6,1.9,168.1
2022-10-01,2022-10,2022,2022Q4,National - apartments,National,Apartments,0.9,8.0,1.5,167.5
2022-10-01,2022-10,2022,2022Q4,National - houses,National,Houses,0.1,9.8,1.9,168.5
2022-10-01,2022-10,2022,2022Q4,National excluding Dublin - all residential properties,National excluding Dublin,All residential,0.4,10.7,1.7,186.6
2022-10-01,2022-10,2022,2022Q4,National excluding Dublin - apartments,National excluding Dublin,Apartments,0.5,8.2,-0.3,204.8
2022-10-01,2022-10,2022,2022Q4,National excluding Dublin - houses,National excluding Dublin,Houses,0.4,10.9,1.9,185.1
2022-10-01,2022-10,2022,2022Q4,South Dublin - houses,South Dublin,Houses,0.9,11.0,4.3,152.9
2022-10-01,2022-10,2022,2022Q4,South-East - houses,South-East,Houses,0.0,9.7,2.0,191.0
2022-10-01,2022-10,2022,2022Q4,South-West - houses,South-West,Houses,1.1,9.2,2.9,184.3
2022-10-01,2022-10,2022,2022Q4,West - houses,West,Houses,0.4,15.6,2.6,217.5
2022-11-01,2022-11,2022,2022Q4,Border - houses,Border,Houses,1.6,11.5,2.1,196.9
2022-11-01,2022-11,2022,2022Q4,Dublin - all residential properties,Dublin,All residential,-0.2,6.9,0.6,150.4
2022-11-01,2022-11,2022,2022Q4,Dublin - apartments,Dublin,Apartments,0.1,6.7,1.4,153.5
2022-11-01,2022-11,2022,2022Q4,Dublin - houses,Dublin,Houses,-0.3,7.0,0.4,150.2
2022-11-01,2022-11,2022,2022Q4,Dublin City - houses,Dublin City,Houses,-0.6,4.9,-0.9,148.4
2022-11-01,2022-11,2022,2022Q4,Dun Laoghaire-Rathdown - houses,Dun Laoghaire-Rathdown,Houses,-0.6,5.8,-0.6,146.4
2022-11-01,2022-11,2022,2022Q4,Fingal - houses,Fingal,Houses,0.2,8.7,2.0,149.8
2022-11-01,2022-11,2022,2022Q4,Mid-East - houses,Mid-East,Houses,1.0,10.2,2.0,170.2
2022-11-01,2022-11,2022,2022Q4,Mid-West - houses,Mid-West,Houses,-0.4,9.0,-0.4,186.8
2022-11-01,2022-11,2022,2022Q4,Midland - houses,Midland,Houses,0.4,9.5,0.2,204.2
2022-11-01,2022-11,2022,2022Q4,National - all residential properties,National,All residential,0.2,8.5,1.0,168.4
2022-11-01,2022-11,2022,2022Q4,National - apartments,National,Apartments,-0.2,6.1,0.5,167.1
2022-11-01,2022-11,2022,2022Q4,National - houses,National,Houses,0.3,8.8,1.1,168.9
2022-11-01,2022-11,2022,2022Q4,National excluding Dublin - all residential properties,National excluding Dublin,All residential,0.5,9.7,1.3,187.6
2022-11-01,2022-11,2022,2022Q4,National excluding Dublin - apartments,National excluding Dublin,Apartments,-0.9,4.8,-1.6,203.1
2022-11-01,2022-11,2022,2022Q4,National excluding Dublin - houses,National excluding Dublin,Houses,0.6,10.0,1.6,186.3
2022-11-01,2022-11,2022,2022Q4,South Dublin - houses,South Dublin,Houses,0.3,11.3,2.7,153.5
2022-11-01,2022-11,2022,2022Q4,South-East - houses,South-East,Houses,0.1,8.2,0.2,191.1
2022-11-01,2022-11,2022,2022Q4,South-West - houses,South-West,Houses,0.7,8.5,2.9,185.5
2022-11-01,2022-11,2022,2022Q4,West - houses,West,Houses,0.7,15.2,1.6,219.0
2022-12-01,2022-12,2022,2022Q4,Border - houses,Border,Houses,1.5,11.3,3.1,199.8
2022-12-01,2022-12,2022,2022Q4,Dublin - all residential properties,Dublin,All residential,-0.3,5.9,-0.6,149.9
2022-12-01,2022-12,2022,2022Q4,Dublin - apartments,Dublin,Apartments,-0.3,5.7,0.8,153.1
2022-12-01,2022-12,2022,2022Q4,Dublin - houses,Dublin,Houses,-0.4,6.0,-1.0,149.7
2022-12-01,2022-12,2022,2022Q4,Dublin City - houses,Dublin City,Houses,-0.9,3.3,-2.6,147.1
2022-12-01,2022-12,2022,2022Q4,Dun Laoghaire-Rathdown - houses,Dun Laoghaire-Rathdown,Houses,-0.5,5.2,-1.8,145.7
2022-12-01,2022-12,2022,2022Q4,Fingal - houses,Fingal,Houses,0.2,7.8,0.9,150.1
2022-12-01,2022-12,2022,2022Q4,Mid-East - houses,Mid-East,Houses,0.8,9.1,2.5,171.6
2022-12-01,2022-12,2022,2022Q4,Mid-West - houses,Mid-West,Houses,0.6,9.3,-0.2,188.0
2022-12-01,2022-12,2022,2022Q4,Midland - houses,Midland,Houses,-0.4,7.5,-0.3,203.4
2022-12-01,2022-12,2022,2022Q4,National - all residential properties,National,All residential,0.2,7.7,0.6,168.8
2022-12-01,2022-12,2022,2022Q4,National - apartments,National,Apartments,0.1,5.4,0.8,167.3
2022-12-01,2022-12,2022,2022Q4,National - houses,National,Houses,0.2,8.0,0.6,169.3
2022-12-01,2022-12,2022,2022Q4,National excluding Dublin - all residential properties,National excluding Dublin,All residential,0.6,9.1,1.6,188.8
2022-12-01,2022-12,2022,2022Q4,National excluding Dublin - apartments,National excluding Dublin,Apartments,0.9,4.6,0.5,205.0
2022-12-01,2022-12,2022,2022Q4,National excluding Dublin - houses,National excluding Dublin,Houses,0.6,9.4,1.7,187.4
2022-12-01,2022-12,2022,2022Q4,South Dublin - houses,South Dublin,Houses,0.3,10.6,1.6,154.0
2022-12-01,2022-12,2022,2022Q4,South-East - houses,South-East,Houses,-1.0,6.6,-0.9,189.2
2022-12-01,2022-12,2022,2022Q4,South-West - houses,South-West,Houses,0.9,8.8,2.7,187.2
2022-12-01,2022-12,2022,2022Q4,West - houses,West,Houses,1.2,14.5,2.3,221.7
2023-01-01,2023-01,2023,2023Q1,Border - houses,Border,Houses,0.8,9.6,4.0,201.4
2023-01-01,2023-01,2023,2023Q1,Dublin - all residential properties,Dublin,All residential,-1.1,4.3,-1.6,148.3
2023-01-01,2023-01,2023,2023Q1,Dublin - apartments,Dublin,Apartments,-1.0,4.0,-1.2,151.6
2023-01-01,2023-01,2023,2023Q1,Dublin - houses,Dublin,Houses,-1.1,4.4,-1.7,148.1
2023-01-01,2023-01,2023,2023Q1,Dublin City - houses,Dublin City,Houses,-1.8,0.9,-3.3,144.4
2023-01-01,2023-01,2023,2023Q1,Dun Laoghaire-Rathdown - houses,Dun Laoghaire-Rathdown,Houses,-1.2,4.1,-2.3,143.9
2023-01-01,2023-01,2023,2023Q1,Fingal - houses,Fingal,Houses,-0.3,6.5,0.0,149.6
2023-01-01,2023-01,2023,2023Q1,Mid-East - houses,Mid-East,Houses,-0.5,7.8,1.3,170.7
2023-01-01,2023-01,2023,2023Q1,Mid-West - houses,Mid-West,Houses,-0.7,5.7,-0.5,186.6
2023-01-01,2023-01,2023,2023Q1,Midland - houses,Midland,Houses,0.8,7.0,0.7,205.0
2023-01-01,2023-01,2023,2023Q1,National - all residential properties,National,All residential,-0.5,6.2,-0.1,167.9
2023-01-01,2023-01,2023,2023Q1,National - apartments,National,Apartments,-0.5,4.3,-0.6,166.5
2023-01-01,2023-01,2023,2023Q1,National - houses,National,Houses,-0.5,6.4,-0.1,168.4
2023-01-01,2023-01,2023,2023Q1,National excluding Dublin - all residential properties,National excluding Dublin,All residential,-0.1,7.6,1.0,188.5
2023-01-01,2023-01,2023,2023Q1,National excluding Dublin - apartments,National excluding Dublin,Apartments,0.6,4.9,0.6,206.1
2023-01-01,2023-01,2023,2023Q1,National excluding Dublin - houses,National excluding Dublin,Houses,-0.2,7.8,1.1,187.1
2023-01-01,2023-01,2023,2023Q1,South Dublin - houses,South Dublin,Houses,-0.5,9.6,0.2,153.2
2023-01-01,2023-01,2023,2023Q1,South-East - houses,South-East,Houses,1.1,7.2,0.2,191.4
2023-01-01,2023-01,2023,2023Q1,South-West - houses,South-West,Houses,-0.5,7.7,1.1,186.3
2023-01-01,2023-01,2023,2023Q1,West - houses,West,Houses,-1.0,9.9,0.9,219.5
2023-02-01,2023-02,2023,2023Q1,Border - houses,Border,Houses,0.9,8.6,3.2,203.2
2023-02-01,2023-02,2023,2023Q1,Dublin - all residential properties,Dublin,All residential,-0.5,3.1,-1.9,147.6
2023-02-01,2023-02,2023,2023Q1,Dublin - apartments,Dublin,Apartments,0.0,3.7,-1.2,151.7
2023-02-01,2023-02,2023,2023Q1,Dublin - houses,Dublin,Houses,-0.7,2.9,-2.1,147.1
2023-02-01,2023-02,2023,2023Q1,Dublin City - houses,Dublin City,Houses,-0.5,-0.5,-3.2,143.6
2023-02-01,2023-02,2023,2023Q1,Dun Laoghaire-Rathdown - houses,Dun Laoghaire-Rathdown,Houses,-1.1,1.9,-2.8,142.3
2023-02-01,2023-02,2023,2023Q1,Fingal - houses,Fingal,Houses,-0.5,5.0,-0.7,148.8
2023-02-01,2023-02,2023,2023Q1,Mid-East - houses,Mid-East,Houses,0.2,7.5,0.5,171.0
2023-02-01,2023-02,2023,2023Q1,Mid-West - houses,Mid-West,Houses,-0.9,3.8,-1.0,184.9
2023-02-01,2023-02,2023,2023Q1,Midland - houses,Midland,Houses,1.0,7.1,1.4,207.0
2023-02-01,2023-02,2023,2023Q1,National - all residential properties,National,All residential,-0.3,5.1,-0.6,167.3
2023-02-01,2023-02,2023,2023Q1,National - apartments,National,Apartments,-0.1,3.5,-0.5,166.3
2023-02-01,2023-02,2023,2023Q1,National - houses,National,Houses,-0.3,5.4,-0.7,167.8
2023-02-01,2023-02,2023,2023Q1,National excluding Dublin - all residential properties,National excluding Dublin,All residential,-0.1,6.8,0.4,188.3
2023-02-01,2023-02,2023,2023Q1,National excluding Dublin - apartments,National excluding Dublin,Apartments,-0.5,2.9,1.0,205.1
2023-02-01,2023-02,2023,2023Q1,National excluding Dublin - houses,National excluding Dublin,Houses,-0.1,7.0,0.3,186.9
2023-02-01,2023-02,2023,2023Q1,South Dublin - houses,South Dublin,Houses,-0.3,9.7,-0.5,152.7
2023-02-01,2023-02,2023,2023Q1,South-East - houses,South-East,Houses,-0.3,5.9,-0.2,190.8
2023-02-01,2023-02,2023,2023Q1,South-West - houses,South-West,Houses,-0.3,7.3,0.1,185.7
2023-02-01,2023-02,2023,2023Q1,West - houses,West,Houses,-1.0,8.3,-0.8,217.3
2023-03-01,2023-03,2023,2023Q1,Border - houses,Border,Houses,-0.7,6.9,0.9,201.7
2023-03-01,2023-03,2023,2023Q1,Dublin - all residential properties,Dublin,All residential,-0.8,1.9,-2.4,146.3
2023-03-01,2023-03,2023,2023Q1,Dublin - apartments,Dublin,Apartments,-0.7,2.3,-1.7,150.6
2023-03-01,2023-03,2023,2023Q1,Dublin - houses,Dublin,Houses,-0.8,1.8,-2.6,145.8
2023-03-01,2023-03,2023,2023Q1,Dublin City - houses,Dublin City,Houses,-0.5,-1.4,-2.8,142.9
2023-03-01,2023-03,2023,2023Q1,Dun Laoghaire-Rathdown - houses,Dun Laoghaire-Rathdown,Houses,-0.4,1.6,-2.8,141.6
2023-03-01,2023-03,2023,2023Q1,Fingal - houses,Fingal,Houses,-1.4,2.9,-2.2,146.7
2023-03-01,2023-03,2023,2023Q1,Mid-East - houses,Mid-East,Houses,-0.8,6.0,-1.1,169.7
2023-03-01,2023-03,2023,2023Q1,Mid-West - houses,Mid-West,Houses,-1.1,2.2,-2.7,182.9
2023-03-01,2023-03,2023,2023Q1,Midland - houses,Midland,Houses,0.4,7.1,2.2,208.0
2023-03-01,2023-03,2023,2023Q1,National - all residential properties,National,All residential,-0.6,4.0,-1.5,166.3
2023-03-01,2023-03,2023,2023Q1,National - apartments,National,Apartments,-0.6,2.3,-1.2,165.3
2023-03-01,2023-03,2023,2023Q1,National - houses,National,Houses,-0.6,4.2,-1.5,166.8
2023-03-01,2023-03,2023,2023Q1,National excluding Dublin - all residential properties,National excluding Dublin,All residential,-0.5,5.6,-0.7,187.4
2023-03-01,2023-03,2023,2023Q1,National excluding Dublin - apartments,National excluding Dublin,Apartments,-0.3,2.2,-0.2,204.5
2023-03-01,2023-03,2023,2023Q1,National excluding Dublin - houses,National excluding Dublin,Houses,-0.5,5.9,-0.8,186.0
2023-03-01,2023-03,2023,2023Q1,South Dublin - houses,South Dublin,Houses,-1.4,7.6,-2.2,150.6
2023-03-01,2023-03,2023,2023Q1,South-East - houses,South-East,Houses,0.1,5.5,0.9,191.0
2023-03-01,2023-03,2023,2023Q1,South-West - houses,South-West,Houses,0.1,7.0,-0.7,185.8
2023-03-01,2023-03,2023,2023Q1,West - houses,West,Houses,-1.2,5.4,-3.2,214.7
2023-04-01,2023-04,2023,2023Q2,Border - houses,Border,Houses,-1.4,4.1,-1.3,198.9
2023-04-01,2023-04,2023,2023Q2,Dublin - all residential properties,Dublin,All residential,-0.9,0.8,-2.2,145.1
2023-04-01,2023-04,2023,2023Q2,Dublin - apartments,Dublin,Apartments,-0.8,1.2,-1.5,149.4
2023-04-01,2023-04,2023,2023Q2,Dublin - houses,Dublin,Houses,-0.9,0.8,-2.4,144.6
2023-04-01,2023-04,2023,2023Q2,Dublin City - houses,Dublin City,Houses,-0.8,-2.6,-1.8,141.9
2023-04-01,2023-04,2023,2023Q2,Dun Laoghaire-Rathdown - houses,Dun Laoghaire-Rathdown,Houses,-1.2,0.8,-2.8,139.9
2023-04-01,2023-04,2023,2023Q2,Fingal - houses,Fingal,Houses,-0.2,3.1,-2.2,146.4
2023-04-01,2023-04,2023,2023Q2,Mid-East - houses,Mid-East,Houses,0.7,6.3,0.0,170.8
2023-04-01,2023-04,2023,2023Q2,Mid-West - houses,Mid-West,Houses,2.6,5.8,0.5,187.6
2023-04-01,2023-04,2023,2023Q2,Midland - houses,Midland,Houses,0.0,6.9,1.4,207.9
2023-04-01,2023-04,2023,2023Q2,National - all residential properties,National,All residential,-0.1,3.5,-1.0,166.1
2023-04-01,2023-04,2023,2023Q2,National - apartments,National,Apartments,-0.3,1.6,-1.0,164.9
2023-04-01,2023-04,2023,2023Q2,National - houses,National,Houses,-0.1,3.8,-1.0,166.7
2023-04-01,2023-04,2023,2023Q2,National excluding Dublin - all residential properties,National excluding Dublin,All residential,0.5,5.6,-0.1,188.3
2023-04-01,2023-04,2023,2023Q2,National excluding Dublin - apartments,National excluding Dublin,Apartments,0.8,2.3,0.0,206.2
2023-04-01,2023-04,2023,2023Q2,National excluding Dublin - houses,National excluding Dublin,Houses,0.5,5.8,-0.1,186.8
2023-04-01,2023-04,2023,2023Q2,South Dublin - houses,South Dublin,Houses,-1.4,5.0,-3.1,148.4
2023-04-01,2023-04,2023,2023Q2,South-East - houses,South-East,Houses,0.5,5.1,0.3,192.0
2023-04-01,2023-04,2023,2023Q2,South-West - houses,South-West,Houses,0.1,5.4,-0.2,185.9
2023-04-01,2023-04,2023,2023Q2,West - houses,West,Houses,0.2,5.9,-2.1,215.0
2023-05-01,2023-05,2023,2023Q2,Border - houses,Border,Houses,0.2,4.6,-1.9,199.2
2023-05-01,2023-05,2023,2023Q2,Dublin - all residential properties,Dublin,All residential,-0.2,-0.1,-1.9,144.8
2023-05-01,2023-05,2023,2023Q2,Dublin - apartments,Dublin,Apartments,-0.1,0.9,-1.6,149.2
2023-05-01,2023-05,2023,2023Q2,Dublin - houses,Dublin,Houses,-0.2,-0.3,-1.9,144.3
2023-05-01,2023-05,2023,2023Q2,Dublin City - houses,Dublin City,Houses,-0.1,-3.4,-1.4,141.7
2023-05-01,2023-05,2023,2023Q2,Dun Laoghaire-Rathdown - houses,Dun Laoghaire-Rathdown,Houses,-0.9,-1.3,-2.6,138.6
2023-05-01,2023-05,2023,2023Q2,Fingal - houses,Fingal,Houses,0.2,2.5,-1.5,146.6
2023-05-01,2023-05,2023,2023Q2,Mid-East - houses,Mid-East,Houses,-0.1,5.5,-0.3,170.5
2023-05-01,2023-05,2023,2023Q2,Mid-West - houses,Mid-West,Houses,0.1,4.7,1.6,187.9
2023-05-01,2023-05,2023,2023Q2,Midland - houses,Midland,Houses,-0.2,5.1,0.3,207.6
2023-05-01,2023-05,2023,2023Q2,National - all residential properties,National,All residential,-0.2,2.6,-0.9,165.9
2023-05-01,2023-05,2023,2023Q2,National - apartments,National,Apartments,0.1,1.2,-0.8,165.0
2023-05-01,2023-05,2023,2023Q2,National - houses,National,Houses,-0.2,2.8,-0.9,166.4
2023-05-01,2023-05,2023,2023Q2,National excluding Dublin - all residential properties,National excluding Dublin,All residential,-0.1,4.6,-0.1,188.1
2023-05-01,2023-05,2023,2023Q2,National excluding Dublin - apartments,National excluding Dublin,Apartments,0.5,1.9,1.0,207.2
2023-05-01,2023-05,2023,2023Q2,National excluding Dublin - houses,National excluding Dublin,Houses,-0.2,4.8,-0.2,186.5
2023-05-01,2023-05,2023,2023Q2,South Dublin - houses,South Dublin,Houses,0.2,4.5,-2.6,148.7
2023-05-01,2023-05,2023,2023Q2,South-East - houses,South-East,Houses,-0.2,3.7,0.4,191.6
2023-05-01,2023-05,2023,2023Q2,South-West - houses,South-West,Houses,-1.0,4.1,-0.8,184.1
2023-05-01,2023-05,2023,2023Q2,West - houses,West,Houses,0.9,5.3,-0.1,216.9
2023-06-01,2023-06,2023,2023Q2,Border - houses,Border,Houses,-0.7,3.4,-1.9,197.8
2023-06-01,2023-06,2023,2023Q2,Dublin - all residential properties,Dublin,All residential,0.4,-0.8,-0.7,145.4
2023-06-01,2023-06,2023,2023Q2,Dublin - apartments,Dublin,Apartments,0.0,0.0,-0.8,149.3
2023-06-01,2023-06,2023,2023Q2,Dublin - houses,Dublin,Houses,0.5,-1.0,-0.6,144.9
2023-06-01,2023-06,2023,2023Q2,Dublin City - houses,Dublin City,Houses,0.2,-4.0,-0.7,141.9
2023-06-01,2023-06,2023,2023Q2,Dun Laoghaire-Rathdown - houses,Dun Laoghaire-Rathdown,Houses,1.0,-1.9,-1.1,140.0
2023-06-01,2023-06,2023,2023Q2,Fingal - houses,Fingal,Houses,0.6,2.0,0.5,147.5
2023-06-01,2023-06,2023,2023Q2,Mid-East - houses,Mid-East,Houses,0.7,4.7,1.2,171.7
2023-06-01,2023-06,2023,2023Q2,Mid-West - houses,Mid-West,Houses,1.5,5.2,4.3,190.7
2023-06-01,2023-06,2023,2023Q2,Midland - houses,Midland,Houses,-0.2,3.4,-0.4,207.1
2023-06-01,2023-06,2023,2023Q2,National - all residential properties,National,All residential,0.6,2.1,0.3,166.9
2023-06-01,2023-06,2023,2023Q2,National - apartments,National,Apartments,0.2,0.6,0.0,165.3
2023-06-01,2023-06,2023,2023Q2,National - houses,National,Houses,0.6,2.3,0.4,167.4
2023-06-01,2023-06,2023,2023Q2,National excluding Dublin - all residential properties,National excluding Dublin,All residential,0.7,4.4,1.1,189.5
2023-06-01,2023-06,2023,2023Q2,National excluding Dublin - apartments,National excluding Dublin,Apartments,0.5,1.9,1.8,208.2
2023-06-01,2023-06,2023,2023Q2,National excluding Dublin - houses,National excluding Dublin,Houses,0.8,4.6,1.1,187.9
2023-06-01,2023-06,2023,2023Q2,South Dublin - houses,South Dublin,Houses,0.0,2.9,-1.3,148.7
2023-06-01,2023-06,2023,2023Q2,South-East - houses,South-East,Houses,1.7,5.3,2.0,194.8
2023-06-01,2023-06,2023,2023Q2,South-West - houses,South-West,Houses,1.0,4.4,0.1,186.0
2023-06-01,2023-06,2023,2023Q2,West - houses,West,Houses,0.4,4.4,1.5,217.8
2023-07-01,2023-07,2023,2023Q3,Border - houses,Border,Houses,-0.2,2.6,-0.8,197.4
2023-07-01,2023-07,2023,2023Q3,Dublin - all residential properties,Dublin,All residential,0.4,-1.3,0.6,145.9
2023-07-01,2023-07,2023,2023Q3,Dublin - apartments,Dublin,Apartments,0.5,0.1,0.4,150.0
2023-07-01,2023-07,2023,2023Q3,Dublin - houses,Dublin,Houses,0.3,-1.6,0.6,145.4
2023-07-01,2023-07,2023,2023Q3,Dublin City - houses,Dublin City,Houses,0.7,-4.2,0.8,142.9
2023-07-01,2023-07,2023,2023Q3,Dun Laoghaire-Rathdown - houses,Dun Laoghaire-Rathdown,Houses,1.0,-2.2,1.1,141.4
2023-07-01,2023-07,2023,2023Q3,Fingal - houses,Fingal,Houses,-0.6,1.2,0.2,146.7
2023-07-01,2023-07,2023,2023Q3,Mid-East - houses,Mid-East,Houses,0.0,3.6,0.5,171.7
2023-07-01,2023-07,2023,2023Q3,Mid-West - houses,Mid-West,Houses,1.8,4.8,3.4,194.0
2023-07-01,2023-07,2023,2023Q3,Midland - houses,Midland,Houses,0.4,2.9,0.0,208.0
2023-07-01,2023-07,2023,2023Q3,National - all residential properties,National,All residential,0.5,1.7,1.0,167.7
2023-07-01,2023-07,2023,2023Q3,National - apartments,National,Apartments,0.4,0.6,0.7,166.0
2023-07-01,2023-07,2023,2023Q3,National - houses,National,Houses,0.5,1.8,1.0,168.3
2023-07-01,2023-07,2023,2023Q3,National excluding Dublin - all residential properties,National excluding Dublin,All residential,0.6,4.0,1.3,190.7
2023-07-01,2023-07,2023,2023Q3,National excluding Dublin - apartments,National excluding Dublin,Apartments,0.2,1.5,1.2,208.6
2023-07-01,2023-07,2023,2023Q3,National excluding Dublin - houses,National excluding Dublin,Houses,0.7,4.1,1.3,189.2
2023-07-01,2023-07,2023,2023Q3,South Dublin - houses,South Dublin,Houses,-0.1,1.3,0.1,148.5
2023-07-01,2023-07,2023,2023Q3,South-East - houses,South-East,Houses,1.3,5.4,2.8,197.3
2023-07-01,2023-07,2023,2023Q3,South-West - houses,South-West,Houses,1.2,5.0,1.2,188.1
2023-07-01,2023-07,2023,2023Q3,West - houses,West,Houses,0.9,3.6,2.2,219.7
2023-08-01,2023-08,2023,2023Q3,Border - houses,Border,Houses,0.3,2.6,-0.7,197.9
2023-08-01,2023-08,2023,2023Q3,Dublin - all residential properties,Dublin,All residential,0.7,-1.8,1.4,146.9
2023-08-01,2023-08,2023,2023Q3,Dublin - apartments,Dublin,Apartments,0.7,-0.2,1.2,151.1
2023-08-01,2023-08,2023,2023Q3,Dublin - houses,Dublin,Houses,0.7,-2.2,1.5,146.4
2023-08-01,2023-08,2023,2023Q3,Dublin City - houses,Dublin City,Houses,0.9,-3.7,1.8,144.3
2023-08-01,2023-08,2023,2023Q3,Dun Laoghaire-Rathdown - houses,Dun Laoghaire-Rathdown,Houses,0.1,-4.0,2.1,141.5
2023-08-01,2023-08,2023,2023Q3,Fingal - houses,Fingal,Houses,0.8,0.7,0.9,147.9
2023-08-01,2023-08,2023,2023Q3,Mid-East - houses,Mid-East,Houses,0.4,3.3,1.0,172.3
2023-08-01,2023-08,2023,2023Q3,Mid-West - houses,Mid-West,Houses,0.6,4.1,3.9,195.2
2023-08-01,2023-08,2023,2023Q3,Midland - houses,Midland,Houses,-0.1,1.9,0.1,207.8
2023-08-01,2023-08,2023,2023Q3,National - all residential properties,National,All residential,0.5,1.1,1.6,168.5
2023-08-01,2023-08,2023,2023Q3,National - apartments,National,Apartments,0.8,0.6,1.4,167.3
2023-08-01,2023-08,2023,2023Q3,National - houses,National,Houses,0.4,1.1,1.6,169.0
2023-08-01,2023-08,2023,2023Q3,National excluding Dublin - all residential properties,National excluding Dublin,All residential,0.3,3.3,1.7,191.3
2023-08-01,2023-08,2023,2023Q3,National excluding Dublin - apartments,National excluding Dublin,Apartments,1.0,2.1,1.7,210.7
2023-08-01,2023-08,2023,2023Q3,National excluding Dublin - houses,National excluding Dublin,Houses,0.3,3.4,1.7,189.7
2023-08-01,2023-08,2023,2023Q3,South Dublin - houses,South Dublin,Houses,0.9,0.3,0.8,149.8
2023-08-01,2023-08,2023,2023Q3,South-East - houses,South-East,Houses,-0.1,3.3,2.9,197.1
2023-08-01,2023-08,2023,2023Q3,South-West - houses,South-West,Houses,0.1,4.4,2.3,188.4
2023-08-01,2023-08,2023,2023Q3,West - houses,West,Houses,0.4,2.4,1.7,220.7
2023-09-01,2023-09,2023,2023Q3,Border - houses,Border,Houses,1.4,3.4,1.4,200.5
2023-09-01,2023-09,2023,2023Q3,Dublin - all residential properties,Dublin,All residential,1.0,-1.7,2.0,148.3
2023-09-01,2023-09,2023,2023Q3,Dublin - apartments,Dublin,Apartments,1.0,0.5,2.2,152.5
2023-09-01,2023-09,2023,2023Q3,Dublin - houses,Dublin,Houses,1.0,-2.2,2.0,147.8
2023-09-01,2023-09,2023,2023Q3,Dublin City - houses,Dublin City,Houses,1.1,-3.4,2.7,145.8
2023-09-01,2023-09,2023,2023Q3,Dun Laoghaire-Rathdown - houses,Dun Laoghaire-Rathdown,Houses,1.1,-3.5,2.2,143.1
2023-09-01,2023-09,2023,2023Q3,Fingal - houses,Fingal,Houses,0.8,0.2,1.1,149.0
2023-09-01,2023-09,2023,2023Q3,Mid-East - houses,Mid-East,Houses,0.6,3.6,1.0,173.3
2023-09-01,2023-09,2023,2023Q3,Mid-West - houses,Mid-West,Houses,0.8,4.5,3.2,196.8
2023-09-01,2023-09,2023,2023Q3,Midland - houses,Midland,Houses,0.6,2.5,0.9,209.1
2023-09-01,2023-09,2023,2023Q3,National - all residential properties,National,All residential,0.9,1.4,1.9,170.1
2023-09-01,2023-09,2023,2023Q3,National - apartments,National,Apartments,1.0,1.8,2.2,169.0
2023-09-01,2023-09,2023,2023Q3,National - houses,National,Houses,0.9,1.4,1.9,170.6
2023-09-01,2023-09,2023,2023Q3,National excluding Dublin - all residential properties,National excluding Dublin,All residential,0.9,3.9,1.8,193.0
2023-09-01,2023-09,2023,2023Q3,National excluding Dublin - apartments,National excluding Dublin,Apartments,1.2,4.5,2.4,213.1
2023-09-01,2023-09,2023,2023Q3,National excluding Dublin - houses,National excluding Dublin,Houses,0.9,3.8,1.8,191.3
2023-09-01,2023-09,2023,2023Q3,South Dublin - houses,South Dublin,Houses,0.7,-0.4,1.5,150.9
2023-09-01,2023-09,2023,2023Q3,South-East - houses,South-East,Houses,0.8,4.0,2.0,198.7
2023-09-01,2023-09,2023,2023Q3,South-West - houses,South-West,Houses,1.7,5.1,3.0,191.5
2023-09-01,2023-09,2023,2023Q3,West - houses,West,Houses,0.0,1.9,1.4,220.8
2023-10-01,2023-10,2023,2023Q4,Border - houses,Border,Houses,1.4,4.9,3.0,203.3
2023-10-01,2023-10,2023,2023Q4,Dublin - all residential properties,Dublin,All residential,1.1,-0.5,2.8,149.9
2023-10-01,2023-10,2023,2023Q4,Dublin - apartments,Dublin,Apartments,0.1,-0.4,1.8,152.8
2023-10-01,2023-10,2023,2023Q4,Dublin - houses,Dublin,Houses,1.3,-0.6,3.0,149.8
2023-10-01,2023-10,2023,2023Q4,Dublin City - houses,Dublin City,Houses,1.2,-1.2,3.2,147.6
2023-10-01,2023-10,2023,2023Q4,Dun Laoghaire-Rathdown - houses,Dun Laoghaire-Rathdown,Houses,1.4,-1.5,2.6,145.1
2023-10-01,2023-10,2023,2023Q4,Fingal - houses,Fingal,Houses,1.4,1.1,3.1,151.2
2023-10-01,2023-10,2023,2023Q4,Mid-East - houses,Mid-East,Houses,0.9,3.8,1.9,174.9
2023-10-01,2023-10,2023,2023Q4,Mid-West - houses,Mid-West,Houses,1.2,6.2,2.6,199.0
2023-10-01,2023-10,2023,2023Q4,Midland - houses,Midland,Houses,0.7,3.5,1.2,210.6
2023-10-01,2023-10,2023,2023Q4,National - all residential properties,National,All residential,1.0,2.3,2.5,171.9
2023-10-01,2023-10,2023,2023Q4,National - apartments,National,Apartments,0.4,1.4,2.3,169.8
2023-10-01,2023-10,2023,2023Q4,National - houses,National,Houses,1.1,2.4,2.5,172.5
2023-10-01,2023-10,2023,2023Q4,National excluding Dublin - all residential properties,National excluding Dublin,All residential,1.0,4.5,2.2,194.9
2023-10-01,2023-10,2023,2023Q4,National excluding Dublin - apartments,National excluding Dublin,Apartments,1.0,5.1,3.2,215.3
2023-10-01,2023-10,2023,2023Q4,National excluding Dublin - houses,National excluding Dublin,Houses,1.0,4.4,2.1,193.3
2023-10-01,2023-10,2023,2023Q4,South Dublin - houses,South Dublin,Houses,1.3,0.0,3.0,152.9
2023-10-01,2023-10,2023,2023Q4,South-East - houses,South-East,Houses,0.8,4.9,1.5,200.3
2023-10-01,2023-10,2023,2023Q4,South-West - houses,South-West,Houses,0.7,4.7,2.6,192.9
2023-10-01,2023-10,2023,2023Q4,West - houses,West,Houses,2.0,3.5,2.5,225.1
2023-11-01,2023-11,2023,2023Q4,Border - houses,Border,Houses,1.3,4.6,4.1,206.0
2023-11-01,2023-11,2023,2023Q4,Dublin - all residential properties,Dublin,All residential,1.2,0.9,3.3,151.8
2023-11-01,2023-11,2023,2023Q4,Dublin - apartments,Dublin,Apartments,1.3,0.8,2.5,154.8
2023-11-01,2023-11,2023,2023Q4,Dublin - houses,Dublin,Houses,1.2,0.9,3.5,151.6
2023-11-01,2023-11,2023,2023Q4,Dublin City - houses,Dublin City,Houses,1.1,0.5,3.4,149.1
2023-11-01,2023-11,2023,2023Q4,Dun Laoghaire-Rathdown - houses,Dun Laoghaire-Rathdown,Houses,1.1,0.2,3.6,146.7
2023-11-01,2023-11,2023,2023Q4,Fingal - houses,Fingal,Houses,1.3,2.2,3.5,153.1
2023-11-01,2023-11,2023,2023Q4,Mid-East - houses,Mid-East,Houses,1.1,3.9,2.6,176.8
2023-11-01,2023-11,2023,2023Q4,Mid-West - houses,Mid-West,Houses,1.2,7.8,3.2,201.4
2023-11-01,2023-11,2023,2023Q4,Midland - houses,Midland,Houses,0.7,3.9,2.1,212.1
2023-11-01,2023-11,2023,2023Q4,National - all residential properties,National,All residential,1.0,3.0,3.0,173.5
2023-11-01,2023-11,2023,2023Q4,National - apartments,National,Apartments,1.3,2.9,2.8,171.9
2023-11-01,2023-11,2023,2023Q4,National - houses,National,Houses,0.9,3.1,3.0,174.1
2023-11-01,2023-11,2023,2023Q4,National excluding Dublin - all residential properties,National excluding Dublin,All residential,0.8,4.7,2.7,196.4
2023-11-01,2023-11,2023,2023Q4,National excluding Dublin - apartments,National excluding Dublin,Apartments,1.1,7.2,3.3,217.6
2023-11-01,2023-11,2023,2023Q4,National excluding Dublin - houses,National excluding Dublin,Houses,0.8,4.5,2.6,194.7
2023-11-01,2023-11,2023,2023Q4,South Dublin - houses,South Dublin,Houses,1.5,1.1,3.6,155.2
2023-11-01,2023-11,2023,2023Q4,South-East - houses,South-East,Houses,0.4,5.2,2.0,201.1
2023-11-01,2023-11,2023,2023Q4,South-West - houses,South-West,Houses,-0.1,3.9,2.3,192.7
2023-11-01,2023-11,2023,2023Q4,West - houses,West,Houses,1.0,3.8,3.0,227.4
2023-12-01,2023-12,2023,2023Q4,Border - houses,Border,Houses,0.1,3.2,2.9,206.3
2023-12-01,2023-12,2023,2023Q4,Dublin - all residential properties,Dublin,All residential,1.3,2.5,3.6,153.7
2023-12-01,2023-12,2023,2023Q4,Dublin - apartments,Dublin,Apartments,1.2,2.3,2.7,156.6
2023-12-01,2023-12,2023,2023Q4,Dublin - houses,Dublin,Houses,1.3,2.6,3.9,153.6
2023-12-01,2023-12,2023,2023Q4,Dublin City - houses,Dublin City,Houses,1.3,2.7,3.6,151.0
2023-12-01,2023-12,2023,2023Q4,Dun Laoghaire-Rathdown - houses,Dun Laoghaire-Rathdown,Houses,0.4,1.0,2.9,147.2
2023-12-01,2023-12,2023,2023Q4,Fingal - houses,Fingal,Houses,0.7,2.8,3.5,154.2
2023-12-01,2023-12,2023,2023Q4,Mid-East - houses,Mid-East,Houses,1.8,5.0,3.9,180.1
2023-12-01,2023-12,2023,2023Q4,Mid-West - houses,Mid-West,Houses,0.4,7.5,2.7,202.2
2023-12-01,2023-12,2023,2023Q4,Midland - houses,Midland,Houses,3.1,7.5,4.6,218.7
2023-12-01,2023-12,2023,2023Q4,National - all residential properties,National,All residential,1.3,4.1,3.3,175.7
2023-12-01,2023-12,2023,2023Q4,National - apartments,National,Apartments,1.2,4.0,2.9,174.0
2023-12-01,2023-12,2023,2023Q4,National - houses,National,Houses,1.3,4.1,3.4,176.3
2023-12-01,2023-12,2023,2023Q4,National excluding Dublin - all residential properties,National excluding Dublin,All residential,1.2,5.3,3.0,198.8
2023-12-01,2023-12,2023,2023Q4,National excluding Dublin - apartments,National excluding Dublin,Apartments,1.2,7.5,3.4,220.3
2023-12-01,2023-12,2023,2023Q4,National excluding Dublin - houses,National excluding Dublin,Houses,1.2,5.2,3.0,197.1
2023-12-01,2023-12,2023,2023Q4,South Dublin - houses,South Dublin,Houses,3.7,4.5,6.6,160.9
2023-12-01,2023-12,2023,2023Q4,South-East - houses,South-East,Houses,0.5,6.8,1.7,202.0
2023-12-01,2023-12,2023,2023Q4,South-West - houses,South-West,Houses,1.3,4.3,2.0,195.3
2023-12-01,2023-12,2023,2023Q4,West - houses,West,Houses,0.5,3.1,3.5,228.5
2024-01-01,2024-01,2024,2024Q1,Border - houses,Border,Houses,0.2,2.7,1.7,206.8
2024-01-01,2024-01,2024,2024Q1,Dublin - all residential properties,Dublin,All residential,0.9,4.6,3.5,155.1
2024-01-01,2024-01,2024,2024Q1,Dublin - apartments,Dublin,Apartments,0.6,3.9,3.2,157.6
2024-01-01,2024-01,2024,2024Q1,Dublin - houses,Dublin,Houses,1.0,4.8,3.6,155.1
2024-01-01,2024-01,2024,2024Q1,Dublin City - houses,Dublin City,Houses,1.3,5.9,3.6,152.9
2024-01-01,2024-01,2024,2024Q1,Dun Laoghaire-Rathdown - houses,Dun Laoghaire-Rathdown,Houses,0.8,3.1,2.2,148.4
2024-01-01,2024-01,2024,2024Q1,Fingal - houses,Fingal,Houses,1.3,4.4,3.3,156.2
2024-01-01,2024-01,2024,2024Q1,Mid-East - houses,Mid-East,Houses,0.3,5.8,3.3,180.7
2024-01-01,2024-01,2024,2024Q1,Mid-West - houses,Mid-West,Houses,0.8,9.2,2.4,203.7
2024-01-01,2024-01,2024,2024Q1,Midland - houses,Midland,Houses,2.1,8.9,6.0,223.2
2024-01-01,2024-01,2024,2024Q1,National - all residential properties,National,All residential,0.7,5.4,2.9,176.9
2024-01-01,2024-01,2024,2024Q1,National - apartments,National,Apartments,0.5,5.0,2.9,174.8
2024-01-01,2024-01,2024,2024Q1,National - houses,National,Houses,0.7,5.4,2.9,177.5
2024-01-01,2024-01,2024,2024Q1,National excluding Dublin - all residential properties,National excluding Dublin,All residential,0.5,6.0,2.5,199.8
2024-01-01,2024-01,2024,2024Q1,National excluding Dublin - apartments,National excluding Dublin,Apartments,0.2,7.1,2.5,220.7
2024-01-01,2024-01,2024,2024Q1,National excluding Dublin - houses,National excluding Dublin,Houses,0.5,5.9,2.5,198.1
2024-01-01,2024-01,2024,2024Q1,South Dublin - houses,South Dublin,Houses,0.6,5.6,5.8,161.8
2024-01-01,2024-01,2024,2024Q1,South-East - houses,South-East,Houses,-0.4,5.2,0.5,201.3
2024-01-01,2024-01,2024,2024Q1,South-West - houses,South-West,Houses,0.6,5.5,1.8,196.4
2024-01-01,2024-01,2024,2024Q1,West - houses,West,Houses,0.7,4.8,2.2,230.0
2024-02-01,2024-02,2024,2024Q1,Border - houses,Border,Houses,-0.4,1.4,0.0,206.0
2024-02-01,2024-02,2024,2024Q1,Dublin - all residential properties,Dublin,All residential,0.4,5.6,2.7,155.8
2024-02-01,2024-02,2024,2024Q1,Dublin - apartments,Dublin,Apartments,0.5,4.4,2.3,158.3
2024-02-01,2024-02,2024,2024Q1,Dublin - houses,Dublin,Houses,0.4,5.9,2.8,155.8
2024-02-01,2024-02,2024,2024Q1,Dublin City - houses,Dublin City,Houses,1.2,7.7,3.8,154.7
2024-02-01,2024-02,2024,2024Q1,Dun Laoghaire-Rathdown - houses,Dun Laoghaire-Rathdown,Houses,-0.2,4.1,0.9,148.0
2024-02-01,2024-02,2024,2024Q1,Fingal - houses,Fingal,Houses,0.1,5.1,2.1,156.3
2024-02-01,2024-02,2024,2024Q1,Mid-East - houses,Mid-East,Houses,0.3,6.0,2.5,181.2
2024-02-01,2024-02,2024,2024Q1,Mid-West - houses,Mid-West,Houses,0.1,10.3,1.3,204.0
2024-02-01,2024-02,2024,2024Q1,Midland - houses,Midland,Houses,0.3,8.1,5.5,223.8
2024-02-01,2024-02,2024,2024Q1,National - all residential properties,National,All residential,0.4,6.2,2.4,177.7
2024-02-01,2024-02,2024,2024Q1,National - apartments,National,Apartments,0.7,5.9,2.4,176.1
2024-02-01,2024-02,2024,2024Q1,National - houses,National,Houses,0.4,6.2,2.4,178.3
2024-02-01,2024-02,2024,2024Q1,National excluding Dublin - all residential properties,National excluding Dublin,All residential,0.5,6.6,2.2,200.7
2024-02-01,2024-02,2024,2024Q1,National excluding Dublin - apartments,National excluding Dublin,Apartments,1.3,9.0,2.7,223.6
2024-02-01,2024-02,2024,2024Q1,National excluding Dublin - houses,National excluding Dublin,Houses,0.4,6.4,2.1,198.9
2024-02-01,2024-02,2024,2024Q1,South Dublin - houses,South Dublin,Houses,0.5,6.4,4.7,162.5
2024-02-01,2024-02,2024,2024Q1,South-East - houses,South-East,Houses,0.1,5.5,0.2,201.4
2024-02-01,2024-02,2024,2024Q1,South-West - houses,South-West,Houses,1.5,7.4,3.5,199.4
2024-02-01,2024-02,2024,2024Q1,West - houses,West,Houses,-0.4,5.4,0.7,229.1
2024-03-01,2024-03,2024,2024Q1,Border - houses,Border,Houses,0.1,2.2,0.0,206.2
2024-03-01,2024-03,2024,2024Q1,Dublin - all residential properties,Dublin,All residential,0.7,7.3,2.1,157.0
2024-03-01,2024-03,2024,2024Q1,Dublin - apartments,Dublin,Apartments,-0.1,5.1,1.0,158.2
2024-03-01,2024-03,2024,2024Q1,Dublin - houses,Dublin,Houses,1.0,7.8,2.4,157.3
2024-03-01,2024-03,2024,2024Q1,Dublin City - houses,Dublin City,Houses,0.9,9.3,3.4,156.2
2024-03-01,2024-03,2024,2024Q1,Dun Laoghaire-Rathdown - houses,Dun Laoghaire-Rathdown,Houses,0.7,5.2,1.2,149.0
2024-03-01,2024-03,2024,2024Q1,Fingal - houses,Fingal,Houses,1.4,8.1,2.8,158.5
2024-03-01,2024-03,2024,2024Q1,Mid-East - houses,Mid-East,Houses,0.0,6.8,0.6,181.1
2024-03-01,2024-03,2024,2024Q1,Mid-West - houses,Mid-West,Houses,0.4,11.9,1.3,204.7
2024-03-01,2024-03,2024,2024Q1,Midland - houses,Midland,Houses,0.3,7.9,2.6,224.4
2024-03-01,2024-03,2024,2024Q1,National - all residential properties,National,All residential,0.5,7.4,1.6,178.6
2024-03-01,2024-03,2024,2024Q1,National - apartments,National,Apartments,0.2,6.8,1.5,176.5
2024-03-01,2024-03,2024,2024Q1,National - houses,National,Houses,0.5,7.5,1.6,179.2
2024-03-01,2024-03,2024,2024Q1,National excluding Dublin - all residential properties,National excluding Dublin,All residential,0.3,7.4,1.2,201.3
2024-03-01,2024-03,2024,2024Q1,National excluding Dublin - apartments,National excluding Dublin,Apartments,0.9,10.3,2.5,225.7
2024-03-01,2024-03,2024,2024Q1,National excluding Dublin - houses,National excluding Dublin,Houses,0.3,7.2,1.1,199.4
2024-03-01,2024-03,2024,2024Q1,South Dublin - houses,South Dublin,Houses,0.8,8.8,1.8,163.9
2024-03-01,2024-03,2024,2024Q1,South-East - houses,South-East,Houses,1.0,6.5,0.7,203.4
2024-03-01,2024-03,2024,2024Q1,South-West - houses,South-West,Houses,0.7,8.1,2.8,200.8
2024-03-01,2024-03,2024,2024Q1,West - houses,West,Houses,-0.5,6.1,-0.3,227.9
2024-04-01,2024-04,2024,2024Q2,Border - houses,Border,Houses,1.8,5.5,1.5,209.8
2024-04-01,2024-04,2024,2024Q2,Dublin - all residential properties,Dublin,All residential,0.0,8.2,1.2,157.0
2024-04-01,2024-04,2024,2024Q2,Dublin - apartments,Dublin,Apartments,0.3,6.2,0.7,158.7
2024-04-01,2024-04,2024,2024Q2,Dublin - houses,Dublin,Houses,0.0,8.8,1.4,157.2
2024-04-01,2024-04,2024,2024Q2,Dublin City - houses,Dublin City,Houses,-0.1,10.0,2.1,156.1
2024-04-01,2024-04,2024,2024Q2,Dun Laoghaire-Rathdown - houses,Dun Laoghaire-Rathdown,Houses,0.6,7.2,1.1,150.0
2024-04-01,2024-04,2024,2024Q2,Fingal - houses,Fingal,Houses,-0.6,7.6,0.9,157.6
2024-04-01,2024-04,2024,2024Q2,Mid-East - houses,Mid-East,Houses,0.4,6.5,0.6,181.8
2024-04-01,2024-04,2024,2024Q2,Mid-West - houses,Mid-West,Houses,0.3,9.5,0.8,205.4
2024-04-01,2024-04,2024,2024Q2,Midland - houses,Midland,Houses,1.0,9.0,1.5,226.6
2024-04-01,2024-04,2024,2024Q2,National - all residential properties,National,All residential,0.4,7.9,1.4,179.3
2024-04-01,2024-04,2024,2024Q2,National - apartments,National,Apartments,0.4,7.5,1.4,177.2
2024-04-01,2024-04,2024,2024Q2,National - houses,National,Houses,0.4,8.0,1.4,180.0
2024-04-01,2024-04,2024,2024Q2,National excluding Dublin - all residential properties,National excluding Dublin,All residential,0.7,7.7,1.5,202.8
2024-04-01,2024-04,2024,2024Q2,National excluding Dublin - apartments,National excluding Dublin,Apartments,0.6,10.1,2.9,227.1
2024-04-01,2024-04,2024,2024Q2,National excluding Dublin - houses,National excluding Dublin,Houses,0.7,7.5,1.4,200.9
2024-04-01,2024-04,2024,2024Q2,South Dublin - houses,South Dublin,Houses,-0.2,10.2,1.1,163.5
2024-04-01,2024-04,2024,2024Q2,South-East - houses,South-East,Houses,0.7,6.6,1.7,204.7
2024-04-01,2024-04,2024,2024Q2,South-West - houses,South-West,Houses,1.2,9.3,3.4,203.1
2024-04-01,2024-04,2024,2024Q2,West - houses,West,Houses,0.7,6.8,-0.2,229.6
2024-05-01,2024-05,2024,2024Q2,Border - houses,Border,Houses,1.3,6.6,3.1,212.4
2024-05-01,2024-05,2024,2024Q2,Dublin - all residential properties,Dublin,All residential,0.3,8.8,1.1,157.6
2024-05-01,2024-05,2024,2024Q2,Dublin - apartments,Dublin,Apartments,0.1,6.4,0.3,158.8
2024-05-01,2024-05,2024,2024Q2,Dublin - houses,Dublin,Houses,0.4,9.4,1.4,157.9
2024-05-01,2024-05,2024,2024Q2,Dublin City - houses,Dublin City,Houses,0.3,10.6,1.2,156.6
2024-05-01,2024-05,2024,2024Q2,Dun Laoghaire-Rathdown - houses,Dun Laoghaire-Rathdown,Houses,0.4,8.6,1.7,150.6
2024-05-01,2024-05,2024,2024Q2,Fingal - houses,Fingal,Houses,0.7,8.2,1.5,158.6
2024-05-01,2024-05,2024,2024Q2,Mid-East - houses,Mid-East,Houses,-0.2,6.4,0.1,181.4
2024-05-01,2024-05,2024,2024Q2,Mid-West - houses,Mid-West,Houses,1.9,11.4,2.6,209.3
2024-05-01,2024-05,2024,2024Q2,Midland - houses,Midland,Houses,0.9,10.1,2.1,228.6
2024-05-01,2024-05,2024,2024Q2,National - all residential properties,National,All residential,0.4,8.5,1.3,180.0
2024-05-01,2024-05,2024,2024Q2,National - apartments,National,Apartments,0.3,7.7,1.0,177.8
2024-05-01,2024-05,2024,2024Q2,National - houses,National,Houses,0.4,8.6,1.4,180.7
2024-05-01,2024-05,2024,2024Q2,National excluding Dublin - all residential properties,National excluding Dublin,All residential,0.4,8.3,1.5,203.7
2024-05-01,2024-05,2024,2024Q2,National excluding Dublin - apartments,National excluding Dublin,Apartments,0.9,10.6,2.5,229.1
2024-05-01,2024-05,2024,2024Q2,National excluding Dublin - houses,National excluding Dublin,Houses,0.4,8.1,1.4,201.7
2024-05-01,2024-05,2024,2024Q2,South Dublin - houses,South Dublin,Houses,0.2,10.2,0.8,163.9
2024-05-01,2024-05,2024,2024Q2,South-East - houses,South-East,Houses,-0.3,6.6,1.4,204.2
2024-05-01,2024-05,2024,2024Q2,South-West - houses,South-West,Houses,0.3,10.6,2.1,203.7
2024-05-01,2024-05,2024,2024Q2,West - houses,West,Houses,1.2,7.1,1.5,232.4
2024-06-01,2024-06,2024,2024Q2,Border - houses,Border,Houses,1.9,9.5,5.0,216.5
2024-06-01,2024-06,2024,2024Q2,Dublin - all residential properties,Dublin,All residential,0.8,9.3,1.2,158.9
2024-06-01,2024-06,2024,2024Q2,Dublin - apartments,Dublin,Apartments,0.7,7.1,1.1,159.9
2024-06-01,2024-06,2024,2024Q2,Dublin - houses,Dublin,Houses,0.9,9.9,1.3,159.3
2024-06-01,2024-06,2024,2024Q2,Dublin City - houses,Dublin City,Houses,0.9,11.3,1.2,158.0
2024-06-01,2024-06,2024,2024Q2,Dun Laoghaire-Rathdown - houses,Dun Laoghaire-Rathdown,Houses,1.1,8.7,2.1,152.2
2024-06-01,2024-06,2024,2024Q2,Fingal - houses,Fingal,Houses,1.0,8.7,1.1,160.3
2024-06-01,2024-06,2024,2024Q2,Mid-East - houses,Mid-East,Houses,1.1,6.8,1.2,183.4
2024-06-01,2024-06,2024,2024Q2,Mid-West - houses,Mid-West,Houses,2.3,12.2,4.5,214.0
2024-06-01,2024-06,2024,2024Q2,Midland - houses,Midland,Houses,0.3,10.7,2.2,229.3
2024-06-01,2024-06,2024,2024Q2,National - all residential properties,National,All residential,0.9,8.9,1.7,181.7
2024-06-01,2024-06,2024,2024Q2,National - apartments,National,Apartments,0.4,7.9,1.1,178.4
2024-06-01,2024-06,2024,2024Q2,National - houses,National,Houses,1.0,9.0,1.8,182.5
2024-06-01,2024-06,2024,2024Q2,National excluding Dublin - all residential properties,National excluding Dublin,All residential,1.0,8.5,2.1,205.6
2024-06-01,2024-06,2024,2024Q2,National excluding Dublin - apartments,National excluding Dublin,Apartments,-0.4,9.6,1.1,228.2
2024-06-01,2024-06,2024,2024Q2,National excluding Dublin - houses,National excluding Dublin,Houses,1.1,8.5,2.2,203.8
2024-06-01,2024-06,2024,2024Q2,South Dublin - houses,South Dublin,Houses,0.2,10.5,0.2,164.2
2024-06-01,2024-06,2024,2024Q2,South-East - houses,South-East,Houses,1.2,6.1,1.6,206.7
2024-06-01,2024-06,2024,2024Q2,South-West - houses,South-West,Houses,0.2,9.8,1.7,204.1
2024-06-01,2024-06,2024,2024Q2,West - houses,West,Houses,1.4,8.2,3.5,235.7
2024-07-01,2024-07,2024,2024Q3,Border - houses,Border,Houses,2.1,12.1,5.4,221.2
2024-07-01,2024-07,2024,2024Q3,Dublin - all residential properties,Dublin,All residential,1.3,10.4,2.5,161.0
2024-07-01,2024-07,2024,2024Q3,Dublin - apartments,Dublin,Apartments,1.7,8.4,2.5,162.6
2024-07-01,2024-07,2024,2024Q3,Dublin - houses,Dublin,Houses,1.3,10.9,2.6,161.3
2024-07-01,2024-07,2024,2024Q3,Dublin City - houses,Dublin City,Houses,0.7,11.3,2.0,159.2
2024-07-01,2024-07,2024,2024Q3,Dun Laoghaire-Rathdown - houses,Dun Laoghaire-Rathdown,Houses,1.0,8.7,2.5,153.7
2024-07-01,2024-07,2024,2024Q3,Fingal - houses,Fingal,Houses,2.3,11.8,4.1,164.0
2024-07-01,2024-07,2024,2024Q3,Mid-East - houses,Mid-East,Houses,1.1,8.0,1.9,185.3
2024-07-01,2024-07,2024,2024Q3,Mid-West - houses,Mid-West,Houses,2.0,12.5,6.3,218.4
2024-07-01,2024-07,2024,2024Q3,Midland - houses,Midland,Houses,0.6,10.9,1.7,230.6
2024-07-01,2024-07,2024,2024Q3,National - all residential properties,National,All residential,1.2,9.6,2.6,183.9
2024-07-01,2024-07,2024,2024Q3,National - apartments,National,Apartments,1.3,8.9,2.0,180.7
2024-07-01,2024-07,2024,2024Q3,National - houses,National,Houses,1.2,9.8,2.6,184.8
2024-07-01,2024-07,2024,2024Q3,National excluding Dublin - all residential properties,National excluding Dublin,All residential,1.1,9.1,2.6,208.0
2024-07-01,2024-07,2024,2024Q3,National excluding Dublin - apartments,National excluding Dublin,Apartments,0.4,9.9,0.9,229.2
2024-07-01,2024-07,2024,2024Q3,National excluding Dublin - houses,National excluding Dublin,Houses,1.2,9.0,2.7,206.3
2024-07-01,2024-07,2024,2024Q3,South Dublin - houses,South Dublin,Houses,1.4,12.1,1.8,166.5
2024-07-01,2024-07,2024,2024Q3,South-East - houses,South-East,Houses,1.2,6.0,2.1,209.1
2024-07-01,2024-07,2024,2024Q3,South-West - houses,South-West,Houses,0.9,9.5,1.4,206.0
2024-07-01,2024-07,2024,2024Q3,West - houses,West,Houses,1.4,8.8,4.1,239.0
2024-08-01,2024-08,2024,2024Q3,Border - houses,Border,Houses,3.6,15.8,7.9,229.2
2024-08-01,2024-08,2024,2024Q3,Dublin - all residential properties,Dublin,All residential,1.1,10.9,3.4,162.9
2024-08-01,2024-08,2024,2024Q3,Dublin - apartments,Dublin,Apartments,0.8,8.5,3.2,163.9
2024-08-01,2024-08,2024,2024Q3,Dublin - houses,Dublin,Houses,1.2,11.5,3.4,163.3
2024-08-01,2024-08,2024,2024Q3,Dublin City - houses,Dublin City,Houses,1.7,12.2,3.3,161.8
2024-08-01,2024-08,2024,2024Q3,Dun Laoghaire-Rathdown - houses,Dun Laoghaire-Rathdown,Houses,1.0,9.7,3.1,155.3
2024-08-01,2024-08,2024,2024Q3,Fingal - houses,Fingal,Houses,1.1,12.1,4.5,165.8
2024-08-01,2024-08,2024,2024Q3,Mid-East - houses,Mid-East,Houses,0.2,7.8,2.4,185.7
2024-08-01,2024-08,2024,2024Q3,Mid-West - houses,Mid-West,Houses,0.5,12.4,4.8,219.4
2024-08-01,2024-08,2024,2024Q3,Midland - houses,Midland,Houses,1.2,12.3,2.1,233.4
2024-08-01,2024-08,2024,2024Q3,National - all residential properties,National,All residential,0.9,10.1,3.1,185.6
2024-08-01,2024-08,2024,2024Q3,National - apartments,National,Apartments,0.4,8.5,2.1,181.5
2024-08-01,2024-08,2024,2024Q3,National - houses,National,Houses,1.0,10.4,3.2,186.6
2024-08-01,2024-08,2024,2024Q3,National excluding Dublin - all residential properties,National excluding Dublin,All residential,0.7,9.6,2.9,209.5
2024-08-01,2024-08,2024,2024Q3,National excluding Dublin - apartments,National excluding Dublin,Apartments,-0.3,8.5,-0.3,228.5
2024-08-01,2024-08,2024,2024Q3,National excluding Dublin - houses,National excluding Dublin,Houses,0.8,9.6,3.1,208.0
2024-08-01,2024-08,2024,2024Q3,South Dublin - houses,South Dublin,Houses,0.9,12.1,2.5,168.0
2024-08-01,2024-08,2024,2024Q3,South-East - houses,South-East,Houses,1.7,7.9,4.2,212.7
2024-08-01,2024-08,2024,2024Q3,South-West - houses,South-West,Houses,-0.2,9.1,0.9,205.6
2024-08-01,2024-08,2024,2024Q3,West - houses,West,Houses,1.9,10.4,4.8,243.6
2024-09-01,2024-09,2024,2024Q3,Border - houses,Border,Houses,1.0,15.4,6.9,231.4
2024-09-01,2024-09,2024,2024Q3,Dublin - all residential properties,Dublin,All residential,0.9,10.8,3.4,164.3
2024-09-01,2024-09,2024,2024Q3,Dublin - apartments,Dublin,Apartments,0.5,8.0,3.0,164.7
2024-09-01,2024-09,2024,2024Q3,Dublin - houses,Dublin,Houses,1.0,11.5,3.5,164.9
2024-09-01,2024-09,2024,2024Q3,Dublin City - houses,Dublin City,Houses,1.2,12.3,3.6,163.7
2024-09-01,2024-09,2024,2024Q3,Dun Laoghaire-Rathdown - houses,Dun Laoghaire-Rathdown,Houses,0.5,9.0,2.5,156.0
2024-09-01,2024-09,2024,2024Q3,Fingal - houses,Fingal,Houses,1.4,12.9,4.9,168.2
2024-09-01,2024-09,2024,2024Q3,Mid-East - houses,Mid-East,Houses,0.2,7.4,1.5,186.1
2024-09-01,2024-09,2024,2024Q3,Mid-West - houses,Mid-West,Houses,-0.3,11.2,2.2,218.8
2024-09-01,2024-09,2024,2024Q3,Midland - houses,Midland,Houses,0.4,12.1,2.2,234.3
2024-09-01,2024-09,2024,2024Q3,National - all residential properties,National,All residential,0.8,9.9,2.9,187.0
2024-09-01,2024-09,2024,2024Q3,National - apartments,National,Apartments,0.5,7.9,2.2,182.4
2024-09-01,2024-09,2024,2024Q3,National - houses,National,Houses,0.8,10.3,3.0,188.1
2024-09-01,2024-09,2024,2024Q3,National excluding Dublin - all residential properties,National excluding Dublin,All residential,0.7,9.3,2.6,210.9
2024-09-01,2024-09,2024,2024Q3,National excluding Dublin - apartments,National excluding Dublin,Apartments,0.5,7.8,0.7,229.7
2024-09-01,2024-09,2024,2024Q3,National excluding Dublin - houses,National excluding Dublin,Houses,0.7,9.4,2.7,209.4
2024-09-01,2024-09,2024,2024Q3,South Dublin - houses,South Dublin,Houses,0.9,12.2,3.2,169.4
2024-09-01,2024-09,2024,2024Q3,South-East - houses,South-East,Houses,0.8,7.8,3.7,214.3
2024-09-01,2024-09,2024,2024Q3,South-West - houses,South-West,Houses,1.4,8.8,2.1,208.4
2024-09-01,2024-09,2024,2024Q3,West - houses,West,Houses,1.6,12.1,5.0,247.5
2024-10-01,2024-10,2024,2024Q4,Border - houses,Border,Houses,0.4,14.3,5.1,232.4
2024-10-01,2024-10,2024,2024Q4,Dublin - all residential properties,Dublin,All residential,0.6,10.2,2.6,165.3
2024-10-01,2024-10,2024,2024Q4,Dublin - apartments,Dublin,Apartments,0.9,8.8,2.2,166.2
2024-10-01,2024-10,2024,2024Q4,Dublin - houses,Dublin,Houses,0.5,10.6,2.8,165.7
2024-10-01,2024-10,2024,2024Q4,Dublin City - houses,Dublin City,Houses,0.9,11.9,3.8,165.1
2024-10-01,2024-10,2024,2024Q4,Dun Laoghaire-Rathdown - houses,Dun Laoghaire-Rathdown,Houses,0.5,8.0,2.0,156.8
2024-10-01,2024-10,2024,2024Q4,Fingal - houses,Fingal,Houses,0.1,11.4,2.7,168.4
2024-10-01,2024-10,2024,2024Q4,Mid-East - houses,Mid-East,Houses,0.8,7.3,1.2,187.6
2024-10-01,2024-10,2024,2024Q4,Mid-West - houses,Mid-West,Houses,2.2,12.4,2.4,223.6
2024-10-01,2024-10,2024,2024Q4,Midland - houses,Midland,Houses,1.1,12.5,2.8,236.9
2024-10-01,2024-10,2024,2024Q4,National - all residential properties,National,All residential,0.8,9.7,2.5,188.5
2024-10-01,2024-10,2024,2024Q4,National - apartments,National,Apartments,0.8,8.3,1.7,183.8
2024-10-01,2024-10,2024,2024Q4,National - houses,National,Houses,0.8,9.9,2.6,189.6
2024-10-01,2024-10,2024,2024Q4,National excluding Dublin - all residential properties,National excluding Dublin,All residential,1.0,9.3,2.4,213.0
2024-10-01,2024-10,2024,2024Q4,National excluding Dublin - apartments,National excluding Dublin,Apartments,0.3,7.1,0.6,230.5
2024-10-01,2024-10,2024,2024Q4,National excluding Dublin - houses,National excluding Dublin,Houses,1.0,9.4,2.5,211.5
2024-10-01,2024-10,2024,2024Q4,South Dublin - houses,South Dublin,Houses,0.3,11.1,2.1,169.9
2024-10-01,2024-10,2024,2024Q4,South-East - houses,South-East,Houses,0.8,7.9,3.3,216.0
2024-10-01,2024-10,2024,2024Q4,South-West - houses,South-West,Houses,1.2,9.3,2.4,210.8
2024-10-01,2024-10,2024,2024Q4,West - houses,West,Houses,0.8,10.8,4.4,249.4
2024-11-01,2024-11,2024,2024Q4,Border - houses,Border,Houses,0.2,13.0,1.6,232.8
2024-11-01,2024-11,2024,2024Q4,Dublin - all residential properties,Dublin,All residential,0.7,9.7,2.2,166.5
2024-11-01,2024-11,2024,2024Q4,Dublin - apartments,Dublin,Apartments,1.0,8.4,2.4,167.9
2024-11-01,2024-11,2024,2024Q4,Dublin - houses,Dublin,Houses,0.7,10.1,2.2,166.8
2024-11-01,2024-11,2024,2024Q4,Dublin City - houses,Dublin City,Houses,0.6,11.3,2.6,166.1
2024-11-01,2024-11,2024,2024Q4,Dun Laoghaire-Rathdown - houses,Dun Laoghaire-Rathdown,Houses,0.5,7.4,1.5,157.5
2024-11-01,2024-11,2024,2024Q4,Fingal - houses,Fingal,Houses,1.0,11.1,2.6,170.1
2024-11-01,2024-11,2024,2024Q4,Mid-East - houses,Mid-East,Houses,0.6,6.7,1.6,188.7
2024-11-01,2024-11,2024,2024Q4,Mid-West - houses,Mid-West,Houses,0.8,11.9,2.8,225.5
2024-11-01,2024-11,2024,2024Q4,Midland - houses,Midland,Houses,0.9,12.7,2.5,239.1
2024-11-01,2024-11,2024,2024Q4,National - all residential properties,National,All residential,0.9,9.6,2.5,190.1
2024-11-01,2024-11,2024,2024Q4,National - apartments,National,Apartments,0.7,7.7,2.0,185.1
2024-11-01,2024-11,2024,2024Q4,National - houses,National,Houses,0.9,9.9,2.5,191.3
2024-11-01,2024-11,2024,2024Q4,National excluding Dublin - all residential properties,National excluding Dublin,All residential,1.0,9.5,2.6,215.0
2024-11-01,2024-11,2024,2024Q4,National excluding Dublin - apartments,National excluding Dublin,Apartments,0.1,6.1,1.0,230.8
2024-11-01,2024-11,2024,2024Q4,National excluding Dublin - houses,National excluding Dublin,Houses,1.0,9.8,2.8,213.7
2024-11-01,2024-11,2024,2024Q4,South Dublin - houses,South Dublin,Houses,0.7,10.3,1.9,171.2
2024-11-01,2024-11,2024,2024Q4,South-East - houses,South-East,Houses,1.3,8.8,2.8,218.8
2024-11-01,2024-11,2024,2024Q4,South-West - houses,South-West,Houses,2.1,11.7,4.7,215.3
2024-11-01,2024-11,2024,2024Q4,West - houses,West,Houses,1.0,10.8,3.4,251.8
2024-12-01,2024-12,2024,2024Q4,Border - houses,Border,Houses,1.1,14.1,1.8,235.4
2024-12-01,2024-12,2024,2024Q4,Dublin - all residential properties,Dublin,All residential,0.1,8.4,1.4,166.7
2024-12-01,2024-12,2024,2024Q4,Dublin - apartments,Dublin,Apartments,0.2,7.3,2.1,168.1
2024-12-01,2024-12,2024,2024Q4,Dublin - houses,Dublin,Houses,0.1,8.7,1.2,166.9
2024-12-01,2024-12,2024,2024Q4,Dublin City - houses,Dublin City,Houses,-0.2,9.7,1.2,165.7
2024-12-01,2024-12,2024,2024Q4,Dun Laoghaire-Rathdown - houses,Dun Laoghaire-Rathdown,Houses,0.3,7.3,1.3,158.0
2024-12-01,2024-12,2024,2024Q4,Fingal - houses,Fingal,Houses,-0.3,9.9,0.8,169.5
2024-12-01,2024-12,2024,2024Q4,Mid-East - houses,Mid-East,Houses,1.5,6.3,2.9,191.4
2024-12-01,2024-12,2024,2024Q4,Mid-West - houses,Mid-West,Houses,1.7,13.4,4.8,229.3
2024-12-01,2024-12,2024,2024Q4,Midland - houses,Midland,Houses,1.0,10.5,3.1,241.6
2024-12-01,2024-12,2024,2024Q4,National - all residential properties,National,All residential,0.6,8.9,2.3,191.3
2024-12-01,2024-12,2024,2024Q4,National - apartments,National,Apartments,0.3,6.7,1.8,185.7
2024-12-01,2024-12,2024,2024Q4,National - houses,National,Houses,0.6,9.2,2.3,192.5
2024-12-01,2024-12,2024,2024Q4,National excluding Dublin - all residential properties,National excluding Dublin,All residential,1.0,9.2,2.9,217.1
2024-12-01,2024-12,2024,2024Q4,National excluding Dublin - apartments,National excluding Dublin,Apartments,0.6,5.4,1.1,232.2
2024-12-01,2024-12,2024,2024Q4,National excluding Dublin - houses,National excluding Dublin,Houses,1.0,9.5,3.1,215.9
2024-12-01,2024-12,2024,2024Q4,South Dublin - houses,South Dublin,Houses,0.8,7.3,1.9,172.6
2024-12-01,2024-12,2024,2024Q4,South-East - houses,South-East,Houses,0.0,8.3,2.1,218.7
2024-12-01,2024-12,2024,2024Q4,South-West - houses,South-West,Houses,0.6,10.9,3.9,216.5
2024-12-01,2024-12,2024,2024Q4,West - houses,West,Houses,1.0,11.3,2.7,254.2
2025-01-01,2025-01,2025,2025Q1,Border - houses,Border,Houses,-1.0,12.7,0.3,233.1
2025-01-01,2025-01,2025,2025Q1,Dublin - all residential properties,Dublin,All residential,0.2,7.6,1.0,167.0
2025-01-01,2025-01,2025,2025Q1,Dublin - apartments,Dublin,Apartments,-0.3,6.3,0.8,167.6
2025-01-01,2025-01,2025,2025Q1,Dublin - houses,Dublin,Houses,0.3,8.0,1.1,167.5
2025-01-01,2025-01,2025,2025Q1,Dublin City - houses,Dublin City,Houses,0.0,8.4,0.4,165.7
2025-01-01,2025-01,2025,2025Q1,Dun Laoghaire-Rathdown - houses,Dun Laoghaire-Rathdown,Houses,0.1,6.7,0.9,158.2
2025-01-01,2025-01,2025,2025Q1,Fingal - houses,Fingal,Houses,0.9,9.6,1.6,171.1
2025-01-01,2025-01,2025,2025Q1,Mid-East - houses,Mid-East,Houses,0.3,6.3,2.3,192.0
2025-01-01,2025-01,2025,2025Q1,Mid-West - houses,Mid-West,Houses,0.0,12.6,2.6,229.4
2025-01-01,2025-01,2025,2025Q1,Midland - houses,Midland,Houses,1.0,9.4,3.0,244.1
2025-01-01,2025-01,2025,2025Q1,National - all residential properties,National,All residential,0.2,8.3,1.6,191.6
2025-01-01,2025-01,2025,2025Q1,National - apartments,National,Apartments,-0.2,6.0,0.8,185.3
2025-01-01,2025-01,2025,2025Q1,National - houses,National,Houses,0.2,8.7,1.8,193.0
2025-01-01,2025-01,2025,2025Q1,National excluding Dublin - all residential properties,National excluding Dublin,All residential,0.2,8.9,2.2,217.6
2025-01-01,2025-01,2025,2025Q1,National excluding Dublin - apartments,National excluding Dublin,Apartments,0.1,5.3,0.8,232.5
2025-01-01,2025-01,2025,2025Q1,National excluding Dublin - houses,National excluding Dublin,Houses,0.2,9.2,2.3,216.3
2025-01-01,2025-01,2025,2025Q1,South Dublin - houses,South Dublin,Houses,0.4,7.1,2.0,173.3
2025-01-01,2025-01,2025,2025Q1,South-East - houses,South-East,Houses,-0.6,8.0,0.6,217.4
2025-01-01,2025-01,2025,2025Q1,South-West - houses,South-West,Houses,0.7,11.0,3.4,218.0
2025-01-01,2025-01,2025,2025Q1,West - houses,West,Houses,0.1,10.7,2.1,254.6
2025-02-01,2025-02,2025,2025Q1,Border - houses,Border,Houses,0.2,13.3,0.3,233.5
2025-02-01,2025-02,2025,2025Q1,Dublin - all residential properties,Dublin,All residential,0.0,7.1,0.3,166.9
2025-02-01,2025-02,2025,2025Q1,Dublin - apartments,Dublin,Apartments,-0.1,5.7,-0.3,167.4
2025-02-01,2025-02,2025,2025Q1,Dublin - houses,Dublin,Houses,0.0,7.5,0.4,167.5
2025-02-01,2025-02,2025,2025Q1,Dublin City - houses,Dublin City,Houses,0.0,7.1,-0.2,165.7
2025-02-01,2025-02,2025,2025Q1,Dun Laoghaire-Rathdown - houses,Dun Laoghaire-Rathdown,Houses,0.1,7.0,0.6,158.4
2025-02-01,2025-02,2025,2025Q1,Fingal - houses,Fingal,Houses,-0.1,9.3,0.5,170.9
2025-02-01,2025-02,2025,2025Q1,Mid-East - houses,Mid-East,Houses,-0.1,5.9,1.7,191.8
2025-02-01,2025-02,2025,2025Q1,Mid-West - houses,Mid-West,Houses,0.0,12.5,1.7,229.4
2025-02-01,2025-02,2025,2025Q1,Midland - houses,Midland,Houses,0.9,10.1,3.0,246.3
2025-02-01,2025-02,2025,2025Q1,National - all residential properties,National,All residential,0.1,8.0,0.9,191.8
2025-02-01,2025-02,2025,2025Q1,National - apartments,National,Apartments,0.0,5.2,0.1,185.3
2025-02-01,2025-02,2025,2025Q1,National - houses,National,Houses,0.1,8.4,1.0,193.2
2025-02-01,2025-02,2025,2025Q1,National excluding Dublin - all residential properties,National excluding Dublin,All residential,0.2,8.6,1.4,218.0
2025-02-01,2025-02,2025,2025Q1,National excluding Dublin - apartments,National excluding Dublin,Apartments,0.2,4.2,0.9,232.9
2025-02-01,2025-02,2025,2025Q1,National excluding Dublin - houses,National excluding Dublin,Houses,0.2,9.0,1.4,216.7
2025-02-01,2025-02,2025,2025Q1,South Dublin - houses,South Dublin,Houses,0.1,6.7,1.4,173.5
2025-02-01,2025-02,2025,2025Q1,South-East - houses,South-East,Houses,-0.1,7.9,-0.7,217.3
2025-02-01,2025-02,2025,2025Q1,South-West - houses,South-West,Houses,0.9,10.3,2.2,220.0
2025-02-01,2025-02,2025,2025Q1,West - houses,West,Houses,-0.3,10.8,0.8,253.8
2025-03-01,2025-03,2025,2025Q1,Border - houses,Border,Houses,-0.7,12.5,-1.5,231.9
2025-03-01,2025-03,2025,2025Q1,Dublin - all residential properties,Dublin,All residential,-0.3,6.0,-0.1,166.4
2025-03-01,2025-03,2025,2025Q1,Dublin - apartments,Dublin,Apartments,0.3,6.1,-0.1,167.9
2025-03-01,2025-03,2025,2025Q1,Dublin - houses,Dublin,Houses,-0.5,6.0,-0.1,166.7
2025-03-01,2025-03,2025,2025Q1,Dublin City - houses,Dublin City,Houses,0.0,6.1,0.0,165.7
2025-03-01,2025-03,2025,2025Q1,Dun Laoghaire-Rathdown - houses,Dun Laoghaire-Rathdown,Houses,-1.0,5.2,-0.8,156.8
2025-03-01,2025-03,2025,2025Q1,Fingal - houses,Fingal,Houses,-0.1,7.7,0.7,170.8
2025-03-01,2025-03,2025,2025Q1,Mid-East - houses,Mid-East,Houses,0.9,6.9,1.1,193.6
2025-03-01,2025-03,2025,2025Q1,Mid-West - houses,Mid-West,Houses,-0.3,11.7,-0.2,228.8
2025-03-01,2025-03,2025,2025Q1,Midland - houses,Midland,Houses,1.0,10.9,3.0,248.9
2025-03-01,2025-03,2025,2025Q1,National - all residential properties,National,All residential,0.1,7.6,0.4,192.1
2025-03-01,2025-03,2025,2025Q1,National - apartments,National,Apartments,0.6,5.6,0.4,186.4
2025-03-01,2025-03,2025,2025Q1,National - houses,National,Houses,0.0,7.9,0.4,193.3
2025-03-01,2025-03,2025,2025Q1,National excluding Dublin - all residential properties,National excluding Dublin,All residential,0.5,8.8,0.9,219.0
2025-03-01,2025-03,2025,2025Q1,National excluding Dublin - apartments,National excluding Dublin,Apartments,1.4,4.6,1.6,236.0
2025-03-01,2025-03,2025,2025Q1,National excluding Dublin - houses,National excluding Dublin,Houses,0.4,9.1,0.8,217.6
2025-03-01,2025-03,2025,2025Q1,South Dublin - houses,South Dublin,Houses,-0.9,4.9,-0.4,171.9
2025-03-01,2025-03,2025,2025Q1,South-East - houses,South-East,Houses,0.4,7.2,-0.3,218.1
2025-03-01,2025-03,2025,2025Q1,South-West - houses,South-West,Houses,0.4,9.9,1.9,220.7
2025-03-01,2025-03,2025,2025Q1,West - houses,West,Houses,-0.2,11.2,-0.3,253.4
2025-04-01,2025-04,2025,2025Q2,Border - houses,Border,Houses,0.5,11.1,0.0,233.0
2025-04-01,2025-04,2025,2025Q2,Dublin - all residential properties,Dublin,All residential,0.5,6.5,0.2,167.2
2025-04-01,2025-04,2025,2025Q2,Dublin - apartments,Dublin,Apartments,0.7,6.6,0.9,169.1
2025-04-01,2025-04,2025,2025Q2,Dublin - houses,Dublin,Houses,0.4,6.4,-0.1,167.4
2025-04-01,2025-04,2025,2025Q2,Dublin City - houses,Dublin City,Houses,0.0,6.1,0.0,165.7
2025-04-01,2025-04,2025,2025Q2,Dun Laoghaire-Rathdown - houses,Dun Laoghaire-Rathdown,Houses,0.0,4.5,-0.9,156.7
2025-04-01,2025-04,2025,2025Q2,Fingal - houses,Fingal,Houses,1.3,9.8,1.1,173.0
2025-04-01,2025-04,2025,2025Q2,Mid-East - houses,Mid-East,Houses,0.9,7.4,1.7,195.3
2025-04-01,2025-04,2025,2025Q2,Mid-West - houses,Mid-West,Houses,0.4,11.8,0.2,229.7
2025-04-01,2025-04,2025,2025Q2,Midland - houses,Midland,Houses,-0.1,9.7,1.8,248.6
2025-04-01,2025-04,2025,2025Q2,National - all residential properties,National,All residential,0.5,7.6,0.7,192.9
2025-04-01,2025-04,2025,2025Q2,National - apartments,National,Apartments,1.1,6.4,1.7,188.4
2025-04-01,2025-04,2025,2025Q2,National - houses,National,Houses,0.4,7.8,0.5,194.0
2025-04-01,2025-04,2025,2025Q2,National excluding Dublin - all residential properties,National excluding Dublin,All residential,0.4,8.5,1.1,220.0
2025-04-01,2025-04,2025,2025Q2,National excluding Dublin - apartments,National excluding Dublin,Apartments,1.9,5.9,3.4,240.5
2025-04-01,2025-04,2025,2025Q2,National excluding Dublin - houses,National excluding Dublin,Houses,0.3,8.7,0.9,218.3
2025-04-01,2025-04,2025,2025Q2,South Dublin - houses,South Dublin,Houses,0.7,5.9,-0.1,173.1
2025-04-01,2025-04,2025,2025Q2,South-East - houses,South-East,Houses,0.3,6.9,0.6,218.8
2025-04-01,2025-04,2025,2025Q2,South-West - houses,South-West,Houses,-0.3,8.3,0.9,220.0
2025-04-01,2025-04,2025,2025Q2,West - houses,West,Houses,0.1,10.5,-0.3,253.7
2025-05-01,2025-05,2025,2025Q2,Border - houses,Border,Houses,0.1,9.8,-0.1,233.2
2025-05-01,2025-05,2025,2025Q2,Dublin - all residential properties,Dublin,All residential,0.6,6.8,0.8,168.2
2025-05-01,2025-05,2025,2025Q2,Dublin - apartments,Dublin,Apartments,1.1,7.7,2.1,171.0
2025-05-01,2025-05,2025,2025Q2,Dublin - houses,Dublin,Houses,0.5,6.5,0.4,168.2
2025-05-01,2025-05,2025,2025Q2,Dublin City - houses,Dublin City,Houses,0.7,6.5,0.7,166.9
2025-05-01,2025-05,2025,2025Q2,Dun Laoghaire-Rathdown - houses,Dun Laoghaire-Rathdown,Houses,0.7,4.8,-0.4,157.8
2025-05-01,2025-05,2025,2025Q2,Fingal - houses,Fingal,Houses,0.1,9.2,1.3,173.2
2025-05-01,2025-05,2025,2025Q2,Mid-East - houses,Mid-East,Houses,0.9,8.6,2.7,197.0
2025-05-01,2025-05,2025,2025Q2,Mid-West - houses,Mid-West,Houses,1.4,11.3,1.5,232.9
2025-05-01,2025-05,2025,2025Q2,Midland - houses,Midland,Houses,0.3,9.1,1.2,249.3
2025-05-01,2025-05,2025,2025Q2,National - all residential properties,National,All residential,0.6,7.8,1.1,194.0
2025-05-01,2025-05,2025,2025Q2,National - apartments,National,Apartments,1.0,7.0,2.7,190.3
2025-05-01,2025-05,2025,2025Q2,National - houses,National,Houses,0.5,7.9,0.9,195.0
2025-05-01,2025-05,2025,2025Q2,National excluding Dublin - all residential properties,National excluding Dublin,All residential,0.5,8.6,1.5,221.2
2025-05-01,2025-05,2025,2025Q2,National excluding Dublin - apartments,National excluding Dublin,Apartments,0.8,5.7,4.0,242.3
2025-05-01,2025-05,2025,2025Q2,National excluding Dublin - houses,National excluding Dublin,Houses,0.5,8.8,1.2,219.4
2025-05-01,2025-05,2025,2025Q2,South Dublin - houses,South Dublin,Houses,0.2,5.9,0.0,173.5
2025-05-01,2025-05,2025,2025Q2,South-East - houses,South-East,Houses,-0.2,7.0,0.5,218.4
2025-05-01,2025-05,2025,2025Q2,South-West - houses,South-West,Houses,0.1,8.1,0.1,220.1
2025-05-01,2025-05,2025,2025Q2,West - houses,West,Houses,0.5,9.7,0.5,255.0
2025-06-01,2025-06,2025,2025Q2,Border - houses,Border,Houses,1.8,9.7,2.4,237.4
2025-06-01,2025-06,2025,2025Q2,Dublin - all residential properties,Dublin,All residential,0.9,6.8,2.0,169.7
2025-06-01,2025-06,2025,2025Q2,Dublin - apartments,Dublin,Apartments,0.1,7.0,1.9,171.1
2025-06-01,2025-06,2025,2025Q2,Dublin - houses,Dublin,Houses,1.1,6.7,2.0,170.0
2025-06-01,2025-06,2025,2025Q2,Dublin City - houses,Dublin City,Houses,1.3,7.0,2.1,169.1
2025-06-01,2025-06,2025,2025Q2,Dun Laoghaire-Rathdown - houses,Dun Laoghaire-Rathdown,Houses,1.7,5.5,2.4,160.5
2025-06-01,2025-06,2025,2025Q2,Fingal - houses,Fingal,Houses,0.5,8.6,1.9,174.0
2025-06-01,2025-06,2025,2025Q2,Mid-East - houses,Mid-East,Houses,1.2,8.8,3.0,199.4
2025-06-01,2025-06,2025,2025Q2,Mid-West - houses,Mid-West,Houses,1.4,10.4,3.3,236.3
2025-06-01,2025-06,2025,2025Q2,Midland - houses,Midland,Houses,1.6,10.4,1.7,253.2
2025-06-01,2025-06,2025,2025Q2,National - all residential properties,National,All residential,1.0,7.9,2.1,196.1
2025-06-01,2025-06,2025,2025Q2,National - apartments,National,Apartments,0.3,7.0,2.4,190.9
2025-06-01,2025-06,2025,2025Q2,National - houses,National,Houses,1.2,8.1,2.0,197.2
2025-06-01,2025-06,2025,2025Q2,National excluding Dublin - all residential properties,National excluding Dublin,All residential,1.2,8.8,2.2,223.8
2025-06-01,2025-06,2025,2025Q2,National excluding Dublin - apartments,National excluding Dublin,Apartments,0.9,7.1,3.5,244.4
2025-06-01,2025-06,2025,2025Q2,National excluding Dublin - houses,National excluding Dublin,Houses,1.2,9.0,2.1,222.1
2025-06-01,2025-06,2025,2025Q2,South Dublin - houses,South Dublin,Houses,0.3,6.0,1.3,174.0
2025-06-01,2025-06,2025,2025Q2,South-East - houses,South-East,Houses,1.6,7.4,1.7,221.9
2025-06-01,2025-06,2025,2025Q2,South-West - houses,South-West,Houses,0.8,8.7,0.5,221.9
2025-06-01,2025-06,2025,2025Q2,West - houses,West,Houses,0.8,9.0,1.4,257.1
2025-07-01,2025-07,2025,2025Q3,Border - houses,Border,Houses,0.7,8.1,2.5,239.0
2025-07-01,2025-07,2025,2025Q3,Dublin - all residential properties,Dublin,All residential,0.5,5.9,2.0,170.6
2025-07-01,2025-07,2025,2025Q3,Dublin - apartments,Dublin,Apartments,0.4,5.6,1.5,171.7
2025-07-01,2025-07,2025,2025Q3,Dublin - houses,Dublin,Houses,0.6,6.0,2.1,171.0
2025-07-01,2025-07,2025,2025Q3,Dublin City - houses,Dublin City,Houses,1.2,7.6,3.4,171.2
2025-07-01,2025-07,2025,2025Q3,Dun Laoghaire-Rathdown - houses,Dun Laoghaire-Rathdown,Houses,0.2,4.6,2.6,160.8
2025-07-01,2025-07,2025,2025Q3,Fingal - houses,Fingal,Houses,0.0,6.1,0.5,173.9
2025-07-01,2025-07,2025,2025Q3,Mid-East - houses,Mid-East,Houses,1.1,8.8,3.2,201.6
2025-07-01,2025-07,2025,2025Q3,Mid-West - houses,Mid-West,Houses,1.5,9.8,4.4,239.8
2025-07-01,2025-07,2025,2025Q3,Midland - houses,Midland,Houses,1.6,11.5,3.4,257.1
2025-07-01,2025-07,2025,2025Q3,National - all residential properties,National,All residential,0.8,7.5,2.4,197.7
2025-07-01,2025-07,2025,2025Q3,National - apartments,National,Apartments,0.6,6.3,1.9,192.1
2025-07-01,2025-07,2025,2025Q3,National - houses,National,Houses,0.8,7.7,2.5,198.9
2025-07-01,2025-07,2025,2025Q3,National excluding Dublin - all residential properties,National excluding Dublin,All residential,1.1,8.7,2.8,226.2
2025-07-01,2025-07,2025,2025Q3,National excluding Dublin - apartments,National excluding Dublin,Apartments,1.2,7.9,2.9,247.3
2025-07-01,2025-07,2025,2025Q3,National excluding Dublin - houses,National excluding Dublin,Houses,1.0,8.8,2.8,224.4
2025-07-01,2025-07,2025,2025Q3,South Dublin - houses,South Dublin,Houses,0.7,5.3,1.3,175.3
2025-07-01,2025-07,2025,2025Q3,South-East - houses,South-East,Houses,2.3,8.5,3.7,226.9
2025-07-01,2025-07,2025,2025Q3,South-West - houses,South-West,Houses,0.3,8.1,1.2,222.6
2025-07-01,2025-07,2025,2025Q3,West - houses,West,Houses,0.3,7.9,1.6,257.8
2025-08-01,2025-08,2025,2025Q3,Border - houses,Border,Houses,2.1,6.5,4.6,244.0
2025-08-01,2025-08,2025,2025Q3,Dublin - all residential properties,Dublin,All residential,0.7,5.5,2.1,171.8
2025-08-01,2025-08,2025,2025Q3,Dublin - apartments,Dublin,Apartments,0.9,5.7,1.3,173.2
2025-08-01,2025-08,2025,2025Q3,Dublin - houses,Dublin,Houses,0.7,5.4,2.3,172.1
2025-08-01,2025-08,2025,2025Q3,Dublin City - houses,Dublin City,Houses,1.3,7.2,3.9,173.5
2025-08-01,2025-08,2025,2025Q3,Dun Laoghaire-Rathdown - houses,Dun Laoghaire-Rathdown,Houses,0.5,4.1,2.4,161.6
2025-08-01,2025-08,2025,2025Q3,Fingal - houses,Fingal,Houses,-0.5,4.4,-0.1,173.1
2025-08-01,2025-08,2025,2025Q3,Mid-East - houses,Mid-East,Houses,0.5,9.1,2.9,202.6
2025-08-01,2025-08,2025,2025Q3,Mid-West - houses,Mid-West,Houses,0.5,9.9,3.5,241.0
2025-08-01,2025-08,2025,2025Q3,Midland - houses,Midland,Houses,1.9,12.2,5.1,261.9
2025-08-01,2025-08,2025,2025Q3,National - all residential properties,National,All residential,0.9,7.5,2.8,199.4
2025-08-01,2025-08,2025,2025Q3,National - apartments,National,Apartments,1.0,6.8,1.9,194.0
2025-08-01,2025-08,2025,2025Q3,National - houses,National,Houses,0.9,7.5,2.9,200.7
2025-08-01,2025-08,2025,2025Q3,National excluding Dublin - all residential properties,National excluding Dublin,All residential,1.0,9.1,3.3,228.5
2025-08-01,2025-08,2025,2025Q3,National excluding Dublin - apartments,National excluding Dublin,Apartments,1.2,9.6,3.3,250.3
2025-08-01,2025-08,2025,2025Q3,National excluding Dublin - houses,National excluding Dublin,Houses,1.0,9.0,3.3,226.7
2025-08-01,2025-08,2025,2025Q3,South Dublin - houses,South Dublin,Houses,1.3,5.8,2.4,177.6
2025-08-01,2025-08,2025,2025Q3,South-East - houses,South-East,Houses,1.1,7.8,5.0,229.4
2025-08-01,2025-08,2025,2025Q3,South-West - houses,South-West,Houses,1.2,9.6,2.4,225.3
2025-08-01,2025-08,2025,2025Q3,West - houses,West,Houses,1.4,7.3,2.5,261.4
2025-09-01,2025-09,2025,2025Q3,Border - houses,Border,Houses,0.0,5.4,2.7,243.9
2025-09-01,2025-09,2025,2025Q3,Dublin - all residential properties,Dublin,All residential,0.8,5.3,2.0,173.1
2025-09-01,2025-09,2025,2025Q3,Dublin - apartments,Dublin,Apartments,1.0,6.2,2.2,174.9
2025-09-01,2025-09,2025,2025Q3,Dublin - houses,Dublin,Houses,0.7,5.1,1.9,173.3
2025-09-01,2025-09,2025,2025Q3,Dublin City - houses,Dublin City,Houses,0.2,6.2,2.8,173.9
2025-09-01,2025-09,2025,2025Q3,Dun Laoghaire-Rathdown - houses,Dun Laoghaire-Rathdown,Houses,1.2,4.8,1.9,163.5
2025-09-01,2025-09,2025,2025Q3,Fingal - houses,Fingal,Houses,0.9,3.8,0.3,174.6
2025-09-01,2025-09,2025,2025Q3,Mid-East - houses,Mid-East,Houses,0.3,9.2,1.9,203.2
2025-09-01,2025-09,2025,2025Q3,Mid-West - houses,Mid-West,Houses,1.0,11.2,3.0,243.4
2025-09-01,2025-09,2025,2025Q3,Midland - houses,Midland,Houses,1.8,13.8,5.3,266.5
2025-09-01,2025-09,2025,2025Q3,National - all residential properties,National,All residential,0.8,7.5,2.5,201.0
2025-09-01,2025-09,2025,2025Q3,National - apartments,National,Apartments,1.0,7.4,2.6,195.9
2025-09-01,2025-09,2025,2025Q3,National - houses,National,Houses,0.7,7.5,2.5,202.2
2025-09-01,2025-09,2025,2025Q3,National excluding Dublin - all residential properties,National excluding Dublin,All residential,0.8,9.2,2.9,230.4
2025-09-01,2025-09,2025,2025Q3,National excluding Dublin - apartments,National excluding Dublin,Apartments,1.1,10.1,3.5,253.0
2025-09-01,2025-09,2025,2025Q3,National excluding Dublin - houses,National excluding Dublin,Houses,0.8,9.1,2.9,228.5
2025-09-01,2025-09,2025,2025Q3,South Dublin - houses,South Dublin,Houses,0.6,5.5,2.7,178.7
2025-09-01,2025-09,2025,2025Q3,South-East - houses,South-East,Houses,1.5,8.6,4.9,232.8
2025-09-01,2025-09,2025,2025Q3,South-West - houses,South-West,Houses,1.1,9.4,2.7,227.9
2025-09-01,2025-09,2025,2025Q3,West - houses,West,Houses,0.4,6.0,2.1,262.5
2025-10-01,2025-10,2025,2025Q4,Border - houses,Border,Houses,1.3,6.3,3.4,247.1
2025-10-01,2025-10,2025,2025Q4,Dublin - all residential properties,Dublin,All residential,0.7,5.5,2.2,174.4
2025-10-01,2025-10,2025,2025Q4,Dublin - apartments,Dublin,Apartments,1.1,6.3,2.9,176.8
2025-10-01,2025-10,2025,2025Q4,Dublin - houses,Dublin,Houses,0.7,5.3,2.0,174.5
2025-10-01,2025-10,2025,2025Q4,Dublin City - houses,Dublin City,Houses,0.6,5.9,2.1,174.9
2025-10-01,2025-10,2025,2025Q4,Dun Laoghaire-Rathdown - houses,Dun Laoghaire-Rathdown,Houses,0.5,4.8,2.2,164.3
2025-10-01,2025-10,2025,2025Q4,Fingal - houses,Fingal,Houses,0.9,4.6,1.3,176.2
2025-10-01,2025-10,2025,2025Q4,Mid-East - houses,Mid-East,Houses,0.0,8.3,0.8,203.2
2025-10-01,2025-10,2025,2025Q4,Mid-West - houses,Mid-West,Houses,-0.5,8.3,1.0,242.2
2025-10-01,2025-10,2025,2025Q4,Midland - houses,Midland,Houses,2.1,14.9,5.9,272.2
2025-10-01,2025-10,2025,2025Q4,National - all residential properties,National,All residential,0.6,7.3,2.3,202.2
2025-10-01,2025-10,2025,2025Q4,National - apartments,National,Apartments,1.0,7.6,3.0,197.8
2025-10-01,2025-10,2025,2025Q4,National - houses,National,Houses,0.6,7.2,2.2,203.3
2025-10-01,2025-10,2025,2025Q4,National excluding Dublin - all residential properties,National excluding Dublin,All residential,0.5,8.7,2.4,231.5
2025-10-01,2025-10,2025,2025Q4,National excluding Dublin - apartments,National excluding Dublin,Apartments,0.8,10.7,3.1,255.1
2025-10-01,2025-10,2025,2025Q4,National excluding Dublin - houses,National excluding Dublin,Houses,0.5,8.6,2.3,229.6
2025-10-01,2025-10,2025,2025Q4,South Dublin - houses,South Dublin,Houses,0.7,5.9,2.7,180.0
2025-10-01,2025-10,2025,2025Q4,South-East - houses,South-East,Houses,0.2,8.0,2.8,233.3
2025-10-01,2025-10,2025,2025Q4,South-West - houses,South-West,Houses,0.9,9.1,3.3,230.0
2025-10-01,2025-10,2025,2025Q4,West - houses,West,Houses,0.6,5.9,2.4,264.0
2025-11-01,2025-11,2025,2025Q4,Border - houses,Border,Houses,0.6,6.7,1.8,248.4
2025-11-01,2025-11,2025,2025Q4,Dublin - all residential properties,Dublin,All residential,0.4,5.2,2.0,175.2
2025-11-01,2025-11,2025,2025Q4,Dublin - apartments,Dublin,Apartments,0.4,5.7,2.5,177.5
2025-11-01,2025-11,2025,2025Q4,Dublin - houses,Dublin,Houses,0.5,5.1,1.8,175.3
2025-11-01,2025-11,2025,2025Q4,Dublin City - houses,Dublin City,Houses,0.3,5.6,1.1,175.4
2025-11-01,2025-11,2025,2025Q4,Dun Laoghaire-Rathdown - houses,Dun Laoghaire-Rathdown,Houses,0.2,4.6,1.9,164.7
2025-11-01,2025-11,2025,2025Q4,Fingal - houses,Fingal,Houses,0.7,4.3,2.5,177.5
2025-11-01,2025-11,2025,2025Q4,Mid-East - houses,Mid-East,Houses,-0.1,7.6,0.2,203.1
2025-11-01,2025-11,2025,2025Q4,Mid-West - houses,Mid-West,Houses,-0.2,7.2,0.3,241.8
2025-11-01,2025-11,2025,2025Q4,Midland - houses,Midland,Houses,0.1,13.9,4.0,272.5
2025-11-01,2025-11,2025,2025Q4,National - all residential properties,National,All residential,0.4,6.8,1.8,203.1
2025-11-01,2025-11,2025,2025Q4,National - apartments,National,Apartments,0.5,7.3,2.5,198.7
2025-11-01,2025-11,2025,2025Q4,National - houses,National,Houses,0.4,6.7,1.7,204.2
2025-11-01,2025-11,2025,2025Q4,National excluding Dublin - all residential properties,National excluding Dublin,All residential,0.4,8.1,1.8,232.5
2025-11-01,2025-11,2025,2025Q4,National excluding Dublin - apartments,National excluding Dublin,Apartments,0.6,11.1,2.5,256.5
2025-11-01,2025-11,2025,2025Q4,National excluding Dublin - houses,National excluding Dublin,Houses,0.4,7.9,1.7,230.5
2025-11-01,2025-11,2025,2025Q4,South Dublin - houses,South Dublin,Houses,0.8,6.0,2.1,181.4
2025-11-01,2025-11,2025,2025Q4,South-East - houses,South-East,Houses,0.2,6.9,1.9,233.9
2025-11-01,2025-11,2025,2025Q4,South-West - houses,South-West,Houses,0.9,7.7,2.9,232.0
2025-11-01,2025-11,2025,2025Q4,West - houses,West,Houses,2.0,7.0,3.1,269.4
2025-12-01,2025-12,2025,2025Q4,Border - houses,Border,Houses,2.0,7.7,3.9,253.5
2025-12-01,2025-12,2025,2025Q4,Dublin - all residential properties,Dublin,All residential,0.4,5.6,1.6,175.9
2025-12-01,2025-12,2025,2025Q4,Dublin - apartments,Dublin,Apartments,1.4,7.1,2.9,180.0
2025-12-01,2025-12,2025,2025Q4,Dublin - houses,Dublin,Houses,0.2,5.2,1.3,175.5
2025-12-01,2025-12,2025,2025Q4,Dublin City - houses,Dublin City,Houses,0.8,6.7,1.7,176.8
2025-12-01,2025-12,2025,2025Q4,Dun Laoghaire-Rathdown - houses,Dun Laoghaire-Rathdown,Houses,0.0,4.2,0.7,164.6
2025-12-01,2025-12,2025,2025Q4,Fingal - houses,Fingal,Houses,-0.7,3.9,0.9,176.2
2025-12-01,2025-12,2025,2025Q4,Mid-East - houses,Mid-East,Houses,0.4,6.5,0.3,203.9
2025-12-01,2025-12,2025,2025Q4,Mid-West - houses,Mid-West,Houses,0.5,6.0,-0.1,243.1
2025-12-01,2025-12,2025,2025Q4,Midland - houses,Midland,Houses,1.6,14.6,3.9,277.0
2025-12-01,2025-12,2025,2025Q4,National - all residential properties,National,All residential,0.6,6.8,1.7,204.4
2025-12-01,2025-12,2025,2025Q4,National - apartments,National,Apartments,1.5,8.6,3.0,201.8
2025-12-01,2025-12,2025,2025Q4,National - houses,National,Houses,0.5,6.6,1.5,205.1
2025-12-01,2025-12,2025,2025Q4,National excluding Dublin - all residential properties,National excluding Dublin,All residential,0.8,7.9,1.7,234.3
2025-12-01,2025-12,2025,2025Q4,National excluding Dublin - apartments,National excluding Dublin,Apartments,1.7,12.3,3.1,260.9
2025-12-01,2025-12,2025,2025Q4,National excluding Dublin - houses,National excluding Dublin,Houses,0.7,7.5,1.6,232.1
2025-12-01,2025-12,2025,2025Q4,South Dublin - houses,South Dublin,Houses,0.4,5.5,1.9,182.1
2025-12-01,2025-12,2025,2025Q4,South-East - houses,South-East,Houses,0.7,7.7,1.2,235.5
2025-12-01,2025-12,2025,2025Q4,South-West - houses,South-West,Houses,0.7,7.9,2.5,233.6
2025-12-01,2025-12,2025,2025Q4,West - houses,West,Houses,0.0,5.9,2.6,269.3
2026-01-01,2026-01,2026,2026Q1,Border - houses,Border,Houses,0.3,9.1,2.9,254.3
2026-01-01,2026-01,2026,2026Q1,Dublin - all residential properties,Dublin,All residential,0.6,6.1,1.5,177.1
2026-01-01,2026-01,2026,2026Q1,Dublin - apartments,Dublin,Apartments,0.7,8.2,2.6,181.4
2026-01-01,2026-01,2026,2026Q1,Dublin - houses,Dublin,Houses,0.6,5.5,1.2,176.6
2026-01-01,2026-01,2026,2026Q1,Dublin City - houses,Dublin City,Houses,0.9,7.7,2.1,178.5
2026-01-01,2026-01,2026,2026Q1,Dun Laoghaire-Rathdown - houses,Dun Laoghaire-Rathdown,Houses,0.8,4.9,1.0,166.0
2026-01-01,2026-01,2026,2026Q1,Fingal - houses,Fingal,Houses,0.3,3.3,0.3,176.7
2026-01-01,2026-01,2026,2026Q1,Mid-East - houses,Mid-East,Houses,0.3,6.5,0.7,204.6
2026-01-01,2026-01,2026,2026Q1,Mid-West - houses,Mid-West,Houses,-0.6,5.4,-0.2,241.8
2026-01-01,2026-01,2026,2026Q1,Midland - houses,Midland,Houses,2.0,15.7,3.8,282.5
2026-01-01,2026-01,2026,2026Q1,National - all residential properties,National,All residential,0.4,7.1,1.5,205.2
2026-01-01,2026-01,2026,2026Q1,National - apartments,National,Apartments,0.7,9.6,2.7,203.2
2026-01-01,2026-01,2026,2026Q1,National - houses,National,Houses,0.4,6.7,1.3,205.9
2026-01-01,2026-01,2026,2026Q1,National excluding Dublin - all residential properties,National excluding Dublin,All residential,0.2,7.9,1.4,234.8
2026-01-01,2026-01,2026,2026Q1,National excluding Dublin - apartments,National excluding Dublin,Apartments,0.6,12.9,2.9,262.4
2026-01-01,2026-01,2026,2026Q1,National excluding Dublin - houses,National excluding Dublin,Houses,0.2,7.5,1.3,232.6
2026-01-01,2026-01,2026,2026Q1,South Dublin - houses,South Dublin,Houses,0.1,5.2,1.3,182.4
2026-01-01,2026-01,2026,2026Q1,South-East - houses,South-East,Houses,0.3,8.7,1.3,236.3
2026-01-01,2026-01,2026,2026Q1,South-West - houses,South-West,Houses,-0.4,6.7,1.2,232.6
2026-01-01,2026-01,2026,2026Q1,West - houses,West,Houses,0.4,6.2,2.4,270.3
2026-02-01,2026-02,2026,2026Q1,Border - houses,Border,Houses,0.8,9.8,3.2,256.4
2026-02-01,2026-02,2026,2026Q1,Dublin - all residential properties,Dublin,All residential,-0.4,5.6,0.7,176.3
2026-02-01,2026-02,2026,2026Q1,Dublin - apartments,Dublin,Apartments,-0.3,8.0,1.9,180.8
2026-02-01,2026-02,2026,2026Q1,Dublin - houses,Dublin,Houses,-0.5,5.0,0.3,175.8
2026-02-01,2026-02,2026,2026Q1,Dublin City - houses,Dublin City,Houses,-0.6,7.1,1.1,177.4
2026-02-01,2026-02,2026,2026Q1,Dun Laoghaire-Rathdown - houses,Dun Laoghaire-Rathdown,Houses,-0.3,4.5,0.5,165.6
2026-02-01,2026-02,2026,2026Q1,Fingal - houses,Fingal,Houses,-0.4,3.0,-0.8,176.0
2026-02-01,2026-02,2026,2026Q1,Mid-East - houses,Mid-East,Houses,0.2,6.9,1.0,205.0
2026-02-01,2026-02,2026,2026Q1,Mid-West - houses,Mid-West,Houses,0.3,5.7,0.3,242.6
2026-02-01,2026-02,2026,2026Q1,Midland - houses,Midland,Houses,0.5,15.3,4.2,284.0
2026-02-01,2026-02,2026,2026Q1,National - all residential properties,National,All residential,-0.2,6.7,0.8,204.7
2026-02-01,2026-02,2026,2026Q1,National - apartments,National,Apartments,-0.1,9.5,2.1,202.9
2026-02-01,2026-02,2026,2026Q1,National - houses,National,Houses,-0.3,6.3,0.6,205.3
2026-02-01,2026-02,2026,2026Q1,National excluding Dublin - all residential properties,National excluding Dublin,All residential,-0.1,7.6,0.9,234.6
2026-02-01,2026-02,2026,2026Q1,National excluding Dublin - apartments,National excluding Dublin,Apartments,0.3,13.0,2.6,263.1
2026-02-01,2026-02,2026,2026Q1,National excluding Dublin - houses,National excluding Dublin,Houses,-0.1,7.2,0.8,232.3
2026-02-01,2026-02,2026,2026Q1,South Dublin - houses,South Dublin,Houses,-0.6,4.5,0.0,181.3
2026-02-01,2026-02,2026,2026Q1,South-East - houses,South-East,Houses,0.4,9.2,1.4,237.2
2026-02-01,2026-02,2026,2026Q1,South-West - houses,South-West,Houses,-1.2,4.5,-1.0,229.8
2026-02-01,2026-02,2026,2026Q1,West - houses,West,Houses,-1.0,5.5,-0.6,267.7
2026-03-01,2026-03,2026,2026Q1,Border - houses,Border,Houses,-0.2,10.3,0.9,255.7
2026-03-01,2026-03,2026,2026Q1,Dublin - all residential properties,Dublin,All residential,0.0,6.0,0.3,176.4
2026-03-01,2026-03,2026,2026Q1,Dublin - apartments,Dublin,Apartments,0.6,8.3,1.0,181.8
2026-03-01,2026-03,2026,2026Q1,Dublin - houses,Dublin,Houses,-0.1,5.3,0.0,175.6
2026-03-01,2026-03,2026,2026Q1,Dublin City - houses,Dublin City,Houses,-0.9,6.1,-0.6,175.7
2026-03-01,2026-03,2026,2026Q1,Dun Laoghaire-Rathdown - houses,Dun Laoghaire-Rathdown,Houses,0.3,5.9,0.8,166.0
2026-03-01,2026-03,2026,2026Q1,Fingal - houses,Fingal,Houses,1.1,4.2,1.0,178.0
2026-03-01,2026-03,2026,2026Q1,Mid-East - houses,Mid-East,Houses,0.5,6.5,1.1,206.2
2026-03-01,2026-03,2026,2026Q1,Mid-West - houses,Mid-West,Houses,0.4,6.5,0.2,243.6
2026-03-01,2026-03,2026,2026Q1,Midland - houses,Midland,Houses,-0.7,13.3,1.8,282.1
2026-03-01,2026-03,2026,2026Q1,National - all residential properties,National,All residential,0.1,6.7,0.3,204.9
2026-03-01,2026-03,2026,2026Q1,National - apartments,National,Apartments,0.5,9.3,1.0,203.8
2026-03-01,2026-03,2026,2026Q1,National - houses,National,Houses,0.0,6.2,0.1,205.4
2026-03-01,2026-03,2026,2026Q1,National excluding Dublin - all residential properties,National excluding Dublin,All residential,0.1,7.2,0.3,234.9
2026-03-01,2026-03,2026,2026Q1,National excluding Dublin - apartments,National excluding Dublin,Apartments,0.2,11.7,1.1,263.7
2026-03-01,2026-03,2026,2026Q1,National excluding Dublin - houses,National excluding Dublin,Houses,0.1,6.9,0.2,232.5
2026-03-01,2026-03,2026,2026Q1,South Dublin - houses,South Dublin,Houses,-0.8,4.6,-1.3,179.8
2026-03-01,2026-03,2026,2026Q1,South-East - houses,South-East,Houses,0.7,9.5,1.4,238.8
2026-03-01,2026-03,2026,2026Q1,South-West - houses,South-West,Houses,-0.5,3.5,-2.2,228.5
2026-03-01,2026-03,2026,2026Q1,West - houses,West,Houses,-0.3,5.3,-0.9,267.0
2026-04-01,2026-04,2026,2026Q2,Border - houses,Border,Houses,0.7,10.5,1.2,257.5
2026-04-01,2026-04,2026,2026Q2,Dublin - all residential properties,Dublin,All residential,0.1,5.6,-0.3,176.5
2026-04-01,2026-04,2026,2026Q2,Dublin - apartments,Dublin,Apartments,-0.1,7.4,0.2,181.7
2026-04-01,2026-04,2026,2026Q2,Dublin - houses,Dublin,Houses,0.1,5.0,-0.5,175.8
2026-04-01,2026-04,2026,2026Q2,Dublin City - houses,Dublin City,Houses,-0.6,5.5,-2.1,174.8
2026-04-01,2026-04,2026,2026Q2,Dun Laoghaire-Rathdown - houses,Dun Laoghaire-Rathdown,Houses,0.1,6.1,0.1,166.3
2026-04-01,2026-04,2026,2026Q2,Fingal - houses,Fingal,Houses,1.1,4.0,1.9,180.0
2026-04-01,2026-04,2026,2026Q2,Mid-East - houses,Mid-East,Houses,0.5,6.2,1.3,207.3
2026-04-01,2026-04,2026,2026Q2,Mid-West - houses,Mid-West,Houses,-1.0,5.0,-0.2,241.2
2026-04-01,2026-04,2026,2026Q2,Midland - houses,Midland,Houses,-0.7,12.7,-0.9,280.1
2026-04-01,2026-04,2026,2026Q2,National - all residential properties,National,All residential,0.1,6.3,-0.1,205.0
2026-04-01,2026-04,2026,2026Q2,National - apartments,National,Apartments,0.0,8.1,0.3,203.8
2026-04-01,2026-04,2026,2026Q2,National - houses,National,Houses,0.1,6.0,-0.2,205.5
2026-04-01,2026-04,2026,2026Q2,National excluding Dublin - all residential properties,National excluding Dublin,All residential,0.1,6.8,0.1,235.1
2026-04-01,2026-04,2026,2026Q2,National excluding Dublin - apartments,National excluding Dublin,Apartments,0.0,9.7,0.5,263.8
2026-04-01,2026-04,2026,2026Q2,National excluding Dublin - houses,National excluding Dublin,Houses,0.1,6.6,0.1,232.7
2026-04-01,2026-04,2026,2026Q2,South Dublin - houses,South Dublin,Houses,-0.1,3.8,-1.5,179.6
2026-04-01,2026-04,2026,2026Q2,South-East - houses,South-East,Houses,0.0,9.1,1.0,238.7
2026-04-01,2026-04,2026,2026Q2,South-West - houses,South-West,Houses,0.0,3.8,-1.8,228.4
2026-04-01,2026-04,2026,2026Q2,West - houses,West,Houses,0.2,5.5,-1.0,267.7
2026-05-01,2026-05,2026,2026Q2,Border - houses,Border,Houses,1.0,11.5,1.4,260.0
2026-05-01,2026-05,2026,2026Q2,Dublin - all residential properties,Dublin,All residential,0.1,5.0,0.2,176.7
2026-05-01,2026-05,2026,2026Q2,Dublin - apartments,Dublin,Apartments,-0.1,6.2,0.4,181.6
2026-05-01,2026-05,2026,2026Q2,Dublin - houses,Dublin,Houses,0.1,4.7,0.1,176.0
2026-05-01,2026-05,2026,2026Q2,Dublin City - houses,Dublin City,Houses,-0.1,4.6,-1.6,174.5
2026-05-01,2026-05,2026,2026Q2,Dun Laoghaire-Rathdown - houses,Dun Laoghaire-Rathdown,Houses,0.7,6.1,1.1,167.4
2026-05-01,2026-05,2026,2026Q2,Fingal - houses,Fingal,Houses,0.0,3.9,2.3,180.0
2026-05-01,2026-05,2026,2026Q2,Mid-East - houses,Mid-East,Houses,0.7,5.9,1.7,208.6
2026-05-01,2026-05,2026,2026Q2,Mid-West - houses,Mid-West,Houses,1.2,4.8,0.6,244.1
2026-05-01,2026-05,2026,2026Q2,Midland - houses,Midland,Houses,0.1,12.5,-1.2,280.4
2026-05-01,2026-05,2026,2026Q2,National - all residential properties,National,All residential,0.4,6.1,0.6,205.9
2026-05-01,2026-05,2026,2026Q2,National - apartments,National,Apartments,0.3,7.4,0.7,204.3
2026-05-01,2026-05,2026,2026Q2,National - houses,National,Houses,0.4,5.9,0.5,206.4
2026-05-01,2026-05,2026,2026Q2,National excluding Dublin - all residential properties,National excluding Dublin,All residential,0.7,7.0,0.8,236.6
2026-05-01,2026-05,2026,2026Q2,National excluding Dublin - apartments,National excluding Dublin,Apartments,1.0,9.9,1.2,266.3
2026-05-01,2026-05,2026,2026Q2,National excluding Dublin - houses,National excluding Dublin,Houses,0.6,6.7,0.8,234.1
2026-05-01,2026-05,2026,2026Q2,South Dublin - houses,South Dublin,Houses,0.1,3.6,-0.9,179.7
2026-05-01,2026-05,2026,2026Q2,South-East - houses,South-East,Houses,1.4,10.9,2.1,242.2
2026-05-01,2026-05,2026,2026Q2,South-West - houses,South-West,Houses,0.1,3.8,-0.5,228.5
2026-05-01,2026-05,2026,2026Q2,West - houses,West,Houses,0.2,5.2,0.2,268.3
2026-06-01,2026-06,2026,2026Q2,Border - houses,Border,Houses,0.9,10.5,2.6,262.4
2026-06-01,2026-06,2026,2026Q2,Dublin - all residential properties,Dublin,All residential,0.4,4.6,0.6,177.4
2026-06-01,2026-06,2026,2026Q2,Dublin - apartments,Dublin,Apartments,0.8,7.0,0.7,183.1
2026-06-01,2026-06,2026,2026Q2,Dublin - houses,Dublin,Houses,0.3,3.9,0.6,176.6
2026-06-01,2026-06,2026,2026Q2,Dublin City - houses,Dublin City,Houses,0.4,3.6,-0.3,175.3
2026-06-01,2026-06,2026,2026Q2,Dun Laoghaire-Rathdown - houses,Dun Laoghaire-Rathdown,Houses,0.5,4.8,1.3,168.2
2026-06-01,2026-06,2026,2026Q2,Fingal - houses,Fingal,Houses,-0.2,3.2,0.9,179.6
2026-06-01,2026-06,2026,2026Q2,Mid-East - houses,Mid-East,Houses,0.8,5.5,2.1,210.4
2026-06-01,2026-06,2026,2026Q2,Mid-West - houses,Mid-West,Houses,0.5,3.9,0.8,245.5
2026-06-01,2026-06,2026,2026Q2,Midland - houses,Midland,Houses,-0.7,10.0,-1.3,278.4
2026-06-01,2026-06,2026,2026Q2,National - all residential properties,National,All residential,0.5,5.6,1.0,206.9
2026-06-01,2026-06,2026,2026Q2,National - apartments,National,Apartments,0.9,8.0,1.1,206.1
2026-06-01,2026-06,2026,2026Q2,National - houses,National,Houses,0.5,5.2,1.0,207.4
2026-06-01,2026-06,2026,2026Q2,National excluding Dublin - all residential properties,National excluding Dublin,All residential,0.6,6.4,1.3,238.1
2026-06-01,2026-06,2026,2026Q2,National excluding Dublin - apartments,National excluding Dublin,Apartments,1.1,10.2,2.1,269.3
2026-06-01,2026-06,2026,2026Q2,National excluding Dublin - houses,National excluding Dublin,Houses,0.6,6.0,1.3,235.5
2026-06-01,2026-06,2026,2026Q2,South Dublin - houses,South Dublin,Houses,0.5,3.8,0.5,180.7
2026-06-01,2026-06,2026,2026Q2,South-East - houses,South-East,Houses,0.6,9.8,2.0,243.6
2026-06-01,2026-06,2026,2026Q2,South-West - houses,South-West,Houses,0.7,3.7,0.7,230.2
2026-06-01,2026-06,2026,2026Q2,West - houses,West,Houses,0.1,4.5,0.6,268.6
