date,period,year,quarter,area,value
2011-01-01,2011-Q%q,2011,2011Q1,Ireland,1875.0
2011-01-01,2011-Q%q,2011,2011Q1,Cork City Council,39.0
2011-01-01,2011-Q%q,2011,2011Q1,Clare County Council,52.0
2011-01-01,2011-Q%q,2011,2011Q1,Cavan County Council,61.0
2011-01-01,2011-Q%q,2011,2011Q1,Cork County Council,168.0
2011-01-01,2011-Q%q,2011,2011Q1,Carlow County Council,17.0
2011-01-01,2011-Q%q,2011,2011Q1,Dublin City Council,72.0
2011-01-01,2011-Q%q,2011,2011Q1,Dún Laoghaire Rathdown County Council,30.0
2011-01-01,2011-Q%q,2011,2011Q1,Donegal County Council,118.0
2011-01-01,2011-Q%q,2011,2011Q1,Fingal County Council,144.0
2011-01-01,2011-Q%q,2011,2011Q1,Galway County Council,93.0
2011-01-01,2011-Q%q,2011,2011Q1,Galway City Council,15.0
2011-01-01,2011-Q%q,2011,2011Q1,Kildare County Council,126.0
2011-01-01,2011-Q%q,2011,2011Q1,Kilkenny County Council,40.0
2011-01-01,2011-Q%q,2011,2011Q1,Kerry County Council,62.0
2011-01-01,2011-Q%q,2011,2011Q1,Longford County Council,11.0
2011-01-01,2011-Q%q,2011,2011Q1,Louth County Council,48.0
2011-01-01,2011-Q%q,2011,2011Q1,Limerick City & County Council,54.0
2011-01-01,2011-Q%q,2011,2011Q1,Leitrim County Council,42.0
2011-01-01,2011-Q%q,2011,2011Q1,Laois County Council,34.0
2011-01-01,2011-Q%q,2011,2011Q1,Meath County Council,70.0
2011-01-01,2011-Q%q,2011,2011Q1,Monaghan County Council,26.0
2011-01-01,2011-Q%q,2011,2011Q1,Mayo County Council,67.0
2011-01-01,2011-Q%q,2011,2011Q1,Offaly County Council,28.0
2011-01-01,2011-Q%q,2011,2011Q1,Roscommon County Council,26.0
2011-01-01,2011-Q%q,2011,2011Q1,South Dublin County Council,41.0
2011-01-01,2011-Q%q,2011,2011Q1,Sligo County Council,52.0
2011-01-01,2011-Q%q,2011,2011Q1,Tipperary County Council,63.0
2011-01-01,2011-Q%q,2011,2011Q1,Waterford City & County Council,96.0
2011-01-01,2011-Q%q,2011,2011Q1,Westmeath County Council,33.0
2011-01-01,2011-Q%q,2011,2011Q1,Wicklow County Council,74.0
2011-01-01,2011-Q%q,2011,2011Q1,Wexford County Council,73.0
2011-04-01,2011-Q%q,2011,2011Q2,Ireland,1791.0
2011-04-01,2011-Q%q,2011,2011Q2,Cork City Council,36.0
2011-04-01,2011-Q%q,2011,2011Q2,Clare County Council,49.0
2011-04-01,2011-Q%q,2011,2011Q2,Cavan County Council,28.0
2011-04-01,2011-Q%q,2011,2011Q2,Cork County Council,200.0
2011-04-01,2011-Q%q,2011,2011Q2,Carlow County Council,24.0
2011-04-01,2011-Q%q,2011,2011Q2,Dublin City Council,109.0
2011-04-01,2011-Q%q,2011,2011Q2,Dún Laoghaire Rathdown County Council,68.0
2011-04-01,2011-Q%q,2011,2011Q2,Donegal County Council,139.0
2011-04-01,2011-Q%q,2011,2011Q2,Fingal County Council,134.0
2011-04-01,2011-Q%q,2011,2011Q2,Galway County Council,108.0
2011-04-01,2011-Q%q,2011,2011Q2,Galway City Council,17.0
2011-04-01,2011-Q%q,2011,2011Q2,Kildare County Council,42.0
2011-04-01,2011-Q%q,2011,2011Q2,Kilkenny County Council,50.0
2011-04-01,2011-Q%q,2011,2011Q2,Kerry County Council,67.0
2011-04-01,2011-Q%q,2011,2011Q2,Longford County Council,14.0
2011-04-01,2011-Q%q,2011,2011Q2,Louth County Council,53.0
2011-04-01,2011-Q%q,2011,2011Q2,Limerick City & County Council,49.0
2011-04-01,2011-Q%q,2011,2011Q2,Leitrim County Council,13.0
2011-04-01,2011-Q%q,2011,2011Q2,Laois County Council,33.0
2011-04-01,2011-Q%q,2011,2011Q2,Meath County Council,64.0
2011-04-01,2011-Q%q,2011,2011Q2,Monaghan County Council,21.0
2011-04-01,2011-Q%q,2011,2011Q2,Mayo County Council,59.0
2011-04-01,2011-Q%q,2011,2011Q2,Offaly County Council,36.0
2011-04-01,2011-Q%q,2011,2011Q2,Roscommon County Council,54.0
2011-04-01,2011-Q%q,2011,2011Q2,South Dublin County Council,16.0
2011-04-01,2011-Q%q,2011,2011Q2,Sligo County Council,34.0
2011-04-01,2011-Q%q,2011,2011Q2,Tipperary County Council,94.0
2011-04-01,2011-Q%q,2011,2011Q2,Waterford City & County Council,29.0
2011-04-01,2011-Q%q,2011,2011Q2,Westmeath County Council,37.0
2011-04-01,2011-Q%q,2011,2011Q2,Wicklow County Council,37.0
2011-04-01,2011-Q%q,2011,2011Q2,Wexford County Council,77.0
2011-07-01,2011-Q%q,2011,2011Q3,Ireland,1687.0
2011-07-01,2011-Q%q,2011,2011Q3,Cork City Council,51.0
2011-07-01,2011-Q%q,2011,2011Q3,Clare County Council,47.0
2011-07-01,2011-Q%q,2011,2011Q3,Cavan County Council,45.0
2011-07-01,2011-Q%q,2011,2011Q3,Cork County Council,164.0
2011-07-01,2011-Q%q,2011,2011Q3,Carlow County Council,24.0
2011-07-01,2011-Q%q,2011,2011Q3,Dublin City Council,41.0
2011-07-01,2011-Q%q,2011,2011Q3,Dún Laoghaire Rathdown County Council,15.0
2011-07-01,2011-Q%q,2011,2011Q3,Donegal County Council,115.0
2011-07-01,2011-Q%q,2011,2011Q3,Fingal County Council,96.0
2011-07-01,2011-Q%q,2011,2011Q3,Galway County Council,105.0
2011-07-01,2011-Q%q,2011,2011Q3,Galway City Council,9.0
2011-07-01,2011-Q%q,2011,2011Q3,Kildare County Council,42.0
2011-07-01,2011-Q%q,2011,2011Q3,Kilkenny County Council,84.0
2011-07-01,2011-Q%q,2011,2011Q3,Kerry County Council,77.0
2011-07-01,2011-Q%q,2011,2011Q3,Longford County Council,12.0
2011-07-01,2011-Q%q,2011,2011Q3,Louth County Council,31.0
2011-07-01,2011-Q%q,2011,2011Q3,Limerick City & County Council,55.0
2011-07-01,2011-Q%q,2011,2011Q3,Leitrim County Council,14.0
2011-07-01,2011-Q%q,2011,2011Q3,Laois County Council,25.0
2011-07-01,2011-Q%q,2011,2011Q3,Meath County Council,76.0
2011-07-01,2011-Q%q,2011,2011Q3,Monaghan County Council,33.0
2011-07-01,2011-Q%q,2011,2011Q3,Mayo County Council,124.0
2011-07-01,2011-Q%q,2011,2011Q3,Offaly County Council,24.0
2011-07-01,2011-Q%q,2011,2011Q3,Roscommon County Council,38.0
2011-07-01,2011-Q%q,2011,2011Q3,South Dublin County Council,29.0
2011-07-01,2011-Q%q,2011,2011Q3,Sligo County Council,35.0
2011-07-01,2011-Q%q,2011,2011Q3,Tipperary County Council,73.0
2011-07-01,2011-Q%q,2011,2011Q3,Waterford City & County Council,30.0
2011-07-01,2011-Q%q,2011,2011Q3,Westmeath County Council,24.0
2011-07-01,2011-Q%q,2011,2011Q3,Wicklow County Council,60.0
2011-07-01,2011-Q%q,2011,2011Q3,Wexford County Council,89.0
2011-10-01,2011-Q%q,2011,2011Q4,Ireland,1641.0
2011-10-01,2011-Q%q,2011,2011Q4,Cork City Council,25.0
2011-10-01,2011-Q%q,2011,2011Q4,Clare County Council,57.0
2011-10-01,2011-Q%q,2011,2011Q4,Cavan County Council,37.0
2011-10-01,2011-Q%q,2011,2011Q4,Cork County Council,194.0
2011-10-01,2011-Q%q,2011,2011Q4,Carlow County Council,38.0
2011-10-01,2011-Q%q,2011,2011Q4,Dublin City Council,83.0
2011-10-01,2011-Q%q,2011,2011Q4,Dún Laoghaire Rathdown County Council,17.0
2011-10-01,2011-Q%q,2011,2011Q4,Donegal County Council,88.0
2011-10-01,2011-Q%q,2011,2011Q4,Fingal County Council,33.0
2011-10-01,2011-Q%q,2011,2011Q4,Galway County Council,114.0
2011-10-01,2011-Q%q,2011,2011Q4,Galway City Council,11.0
2011-10-01,2011-Q%q,2011,2011Q4,Kildare County Council,76.0
2011-10-01,2011-Q%q,2011,2011Q4,Kilkenny County Council,54.0
2011-10-01,2011-Q%q,2011,2011Q4,Kerry County Council,79.0
2011-10-01,2011-Q%q,2011,2011Q4,Longford County Council,13.0
2011-10-01,2011-Q%q,2011,2011Q4,Louth County Council,37.0
2011-10-01,2011-Q%q,2011,2011Q4,Limerick City & County Council,95.0
2011-10-01,2011-Q%q,2011,2011Q4,Leitrim County Council,16.0
2011-10-01,2011-Q%q,2011,2011Q4,Laois County Council,33.0
2011-10-01,2011-Q%q,2011,2011Q4,Meath County Council,68.0
2011-10-01,2011-Q%q,2011,2011Q4,Monaghan County Council,32.0
2011-10-01,2011-Q%q,2011,2011Q4,Mayo County Council,88.0
2011-10-01,2011-Q%q,2011,2011Q4,Offaly County Council,29.0
2011-10-01,2011-Q%q,2011,2011Q4,Roscommon County Council,31.0
2011-10-01,2011-Q%q,2011,2011Q4,South Dublin County Council,36.0
2011-10-01,2011-Q%q,2011,2011Q4,Sligo County Council,24.0
2011-10-01,2011-Q%q,2011,2011Q4,Tipperary County Council,68.0
2011-10-01,2011-Q%q,2011,2011Q4,Waterford City & County Council,35.0
2011-10-01,2011-Q%q,2011,2011Q4,Westmeath County Council,28.0
2011-10-01,2011-Q%q,2011,2011Q4,Wicklow County Council,47.0
2011-10-01,2011-Q%q,2011,2011Q4,Wexford County Council,55.0
2012-01-01,2012-Q%q,2012,2012Q1,Ireland,1131.0
2012-01-01,2012-Q%q,2012,2012Q1,Cork City Council,20.0
2012-01-01,2012-Q%q,2012,2012Q1,Clare County Council,44.0
2012-01-01,2012-Q%q,2012,2012Q1,Cavan County Council,20.0
2012-01-01,2012-Q%q,2012,2012Q1,Cork County Council,122.0
2012-01-01,2012-Q%q,2012,2012Q1,Carlow County Council,17.0
2012-01-01,2012-Q%q,2012,2012Q1,Dublin City Council,57.0
2012-01-01,2012-Q%q,2012,2012Q1,Dún Laoghaire Rathdown County Council,13.0
2012-01-01,2012-Q%q,2012,2012Q1,Donegal County Council,114.0
2012-01-01,2012-Q%q,2012,2012Q1,Fingal County Council,29.0
2012-01-01,2012-Q%q,2012,2012Q1,Galway County Council,77.0
2012-01-01,2012-Q%q,2012,2012Q1,Galway City Council,6.0
2012-01-01,2012-Q%q,2012,2012Q1,Kildare County Council,51.0
2012-01-01,2012-Q%q,2012,2012Q1,Kilkenny County Council,26.0
2012-01-01,2012-Q%q,2012,2012Q1,Kerry County Council,46.0
2012-01-01,2012-Q%q,2012,2012Q1,Longford County Council,17.0
2012-01-01,2012-Q%q,2012,2012Q1,Louth County Council,23.0
2012-01-01,2012-Q%q,2012,2012Q1,Limerick City & County Council,27.0
2012-01-01,2012-Q%q,2012,2012Q1,Leitrim County Council,15.0
2012-01-01,2012-Q%q,2012,2012Q1,Laois County Council,24.0
2012-01-01,2012-Q%q,2012,2012Q1,Meath County Council,41.0
2012-01-01,2012-Q%q,2012,2012Q1,Monaghan County Council,42.0
2012-01-01,2012-Q%q,2012,2012Q1,Mayo County Council,41.0
2012-01-01,2012-Q%q,2012,2012Q1,Offaly County Council,15.0
2012-01-01,2012-Q%q,2012,2012Q1,Roscommon County Council,19.0
2012-01-01,2012-Q%q,2012,2012Q1,South Dublin County Council,11.0
2012-01-01,2012-Q%q,2012,2012Q1,Sligo County Council,62.0
2012-01-01,2012-Q%q,2012,2012Q1,Tipperary County Council,40.0
2012-01-01,2012-Q%q,2012,2012Q1,Waterford City & County Council,18.0
2012-01-01,2012-Q%q,2012,2012Q1,Westmeath County Council,24.0
2012-01-01,2012-Q%q,2012,2012Q1,Wicklow County Council,23.0
2012-01-01,2012-Q%q,2012,2012Q1,Wexford County Council,47.0
2012-04-01,2012-Q%q,2012,2012Q2,Ireland,1117.0
2012-04-01,2012-Q%q,2012,2012Q2,Cork City Council,27.0
2012-04-01,2012-Q%q,2012,2012Q2,Clare County Council,38.0
2012-04-01,2012-Q%q,2012,2012Q2,Cavan County Council,23.0
2012-04-01,2012-Q%q,2012,2012Q2,Cork County Council,115.0
2012-04-01,2012-Q%q,2012,2012Q2,Carlow County Council,10.0
2012-04-01,2012-Q%q,2012,2012Q2,Dublin City Council,37.0
2012-04-01,2012-Q%q,2012,2012Q2,Dún Laoghaire Rathdown County Council,11.0
2012-04-01,2012-Q%q,2012,2012Q2,Donegal County Council,74.0
2012-04-01,2012-Q%q,2012,2012Q2,Fingal County Council,29.0
2012-04-01,2012-Q%q,2012,2012Q2,Galway County Council,71.0
2012-04-01,2012-Q%q,2012,2012Q2,Galway City Council,7.0
2012-04-01,2012-Q%q,2012,2012Q2,Kildare County Council,44.0
2012-04-01,2012-Q%q,2012,2012Q2,Kilkenny County Council,18.0
2012-04-01,2012-Q%q,2012,2012Q2,Kerry County Council,48.0
2012-04-01,2012-Q%q,2012,2012Q2,Longford County Council,24.0
2012-04-01,2012-Q%q,2012,2012Q2,Louth County Council,28.0
2012-04-01,2012-Q%q,2012,2012Q2,Limerick City & County Council,55.0
2012-04-01,2012-Q%q,2012,2012Q2,Leitrim County Council,7.0
2012-04-01,2012-Q%q,2012,2012Q2,Laois County Council,43.0
2012-04-01,2012-Q%q,2012,2012Q2,Meath County Council,47.0
2012-04-01,2012-Q%q,2012,2012Q2,Monaghan County Council,18.0
2012-04-01,2012-Q%q,2012,2012Q2,Mayo County Council,56.0
2012-04-01,2012-Q%q,2012,2012Q2,Offaly County Council,18.0
2012-04-01,2012-Q%q,2012,2012Q2,Roscommon County Council,25.0
2012-04-01,2012-Q%q,2012,2012Q2,South Dublin County Council,23.0
2012-04-01,2012-Q%q,2012,2012Q2,Sligo County Council,67.0
2012-04-01,2012-Q%q,2012,2012Q2,Tipperary County Council,30.0
2012-04-01,2012-Q%q,2012,2012Q2,Waterford City & County Council,19.0
2012-04-01,2012-Q%q,2012,2012Q2,Westmeath County Council,18.0
2012-04-01,2012-Q%q,2012,2012Q2,Wicklow County Council,38.0
2012-04-01,2012-Q%q,2012,2012Q2,Wexford County Council,49.0
2012-07-01,2012-Q%q,2012,2012Q3,Ireland,1205.0
2012-07-01,2012-Q%q,2012,2012Q3,Cork City Council,26.0
2012-07-01,2012-Q%q,2012,2012Q3,Clare County Council,39.0
2012-07-01,2012-Q%q,2012,2012Q3,Cavan County Council,23.0
2012-07-01,2012-Q%q,2012,2012Q3,Cork County Council,129.0
2012-07-01,2012-Q%q,2012,2012Q3,Carlow County Council,11.0
2012-07-01,2012-Q%q,2012,2012Q3,Dublin City Council,68.0
2012-07-01,2012-Q%q,2012,2012Q3,Dún Laoghaire Rathdown County Council,33.0
2012-07-01,2012-Q%q,2012,2012Q3,Donegal County Council,92.0
2012-07-01,2012-Q%q,2012,2012Q3,Fingal County Council,24.0
2012-07-01,2012-Q%q,2012,2012Q3,Galway County Council,72.0
2012-07-01,2012-Q%q,2012,2012Q3,Galway City Council,4.0
2012-07-01,2012-Q%q,2012,2012Q3,Kildare County Council,42.0
2012-07-01,2012-Q%q,2012,2012Q3,Kilkenny County Council,21.0
2012-07-01,2012-Q%q,2012,2012Q3,Kerry County Council,40.0
2012-07-01,2012-Q%q,2012,2012Q3,Longford County Council,29.0
2012-07-01,2012-Q%q,2012,2012Q3,Louth County Council,59.0
2012-07-01,2012-Q%q,2012,2012Q3,Limerick City & County Council,47.0
2012-07-01,2012-Q%q,2012,2012Q3,Leitrim County Council,13.0
2012-07-01,2012-Q%q,2012,2012Q3,Laois County Council,31.0
2012-07-01,2012-Q%q,2012,2012Q3,Meath County Council,42.0
2012-07-01,2012-Q%q,2012,2012Q3,Monaghan County Council,27.0
2012-07-01,2012-Q%q,2012,2012Q3,Mayo County Council,54.0
2012-07-01,2012-Q%q,2012,2012Q3,Offaly County Council,23.0
2012-07-01,2012-Q%q,2012,2012Q3,Roscommon County Council,16.0
2012-07-01,2012-Q%q,2012,2012Q3,South Dublin County Council,20.0
2012-07-01,2012-Q%q,2012,2012Q3,Sligo County Council,22.0
2012-07-01,2012-Q%q,2012,2012Q3,Tipperary County Council,57.0
2012-07-01,2012-Q%q,2012,2012Q3,Waterford City & County Council,23.0
2012-07-01,2012-Q%q,2012,2012Q3,Westmeath County Council,21.0
2012-07-01,2012-Q%q,2012,2012Q3,Wicklow County Council,58.0
2012-07-01,2012-Q%q,2012,2012Q3,Wexford County Council,39.0
2012-10-01,2012-Q%q,2012,2012Q4,Ireland,1458.0
2012-10-01,2012-Q%q,2012,2012Q4,Cork City Council,22.0
2012-10-01,2012-Q%q,2012,2012Q4,Clare County Council,39.0
2012-10-01,2012-Q%q,2012,2012Q4,Cavan County Council,33.0
2012-10-01,2012-Q%q,2012,2012Q4,Cork County Council,148.0
2012-10-01,2012-Q%q,2012,2012Q4,Carlow County Council,17.0
2012-10-01,2012-Q%q,2012,2012Q4,Dublin City Council,71.0
2012-10-01,2012-Q%q,2012,2012Q4,Dún Laoghaire Rathdown County Council,34.0
2012-10-01,2012-Q%q,2012,2012Q4,Donegal County Council,78.0
2012-10-01,2012-Q%q,2012,2012Q4,Fingal County Council,49.0
2012-10-01,2012-Q%q,2012,2012Q4,Galway County Council,91.0
2012-10-01,2012-Q%q,2012,2012Q4,Galway City Council,5.0
2012-10-01,2012-Q%q,2012,2012Q4,Kildare County Council,70.0
2012-10-01,2012-Q%q,2012,2012Q4,Kilkenny County Council,44.0
2012-10-01,2012-Q%q,2012,2012Q4,Kerry County Council,84.0
2012-10-01,2012-Q%q,2012,2012Q4,Longford County Council,7.0
2012-10-01,2012-Q%q,2012,2012Q4,Louth County Council,81.0
2012-10-01,2012-Q%q,2012,2012Q4,Limerick City & County Council,108.0
2012-10-01,2012-Q%q,2012,2012Q4,Leitrim County Council,9.0
2012-10-01,2012-Q%q,2012,2012Q4,Laois County Council,26.0
2012-10-01,2012-Q%q,2012,2012Q4,Meath County Council,63.0
2012-10-01,2012-Q%q,2012,2012Q4,Monaghan County Council,15.0
2012-10-01,2012-Q%q,2012,2012Q4,Mayo County Council,45.0
2012-10-01,2012-Q%q,2012,2012Q4,Offaly County Council,26.0
2012-10-01,2012-Q%q,2012,2012Q4,Roscommon County Council,16.0
2012-10-01,2012-Q%q,2012,2012Q4,South Dublin County Council,75.0
2012-10-01,2012-Q%q,2012,2012Q4,Sligo County Council,18.0
2012-10-01,2012-Q%q,2012,2012Q4,Tipperary County Council,41.0
2012-10-01,2012-Q%q,2012,2012Q4,Waterford City & County Council,38.0
2012-10-01,2012-Q%q,2012,2012Q4,Westmeath County Council,20.0
2012-10-01,2012-Q%q,2012,2012Q4,Wicklow County Council,30.0
2012-10-01,2012-Q%q,2012,2012Q4,Wexford County Council,55.0
2013-01-01,2013-Q%q,2013,2013Q1,Ireland,889.0
2013-01-01,2013-Q%q,2013,2013Q1,Cork City Council,16.0
2013-01-01,2013-Q%q,2013,2013Q1,Clare County Council,27.0
2013-01-01,2013-Q%q,2013,2013Q1,Cavan County Council,15.0
2013-01-01,2013-Q%q,2013,2013Q1,Cork County Council,88.0
2013-01-01,2013-Q%q,2013,2013Q1,Carlow County Council,7.0
2013-01-01,2013-Q%q,2013,2013Q1,Dublin City Council,36.0
2013-01-01,2013-Q%q,2013,2013Q1,Dún Laoghaire Rathdown County Council,22.0
2013-01-01,2013-Q%q,2013,2013Q1,Donegal County Council,54.0
2013-01-01,2013-Q%q,2013,2013Q1,Fingal County Council,27.0
2013-01-01,2013-Q%q,2013,2013Q1,Galway County Council,75.0
2013-01-01,2013-Q%q,2013,2013Q1,Galway City Council,3.0
2013-01-01,2013-Q%q,2013,2013Q1,Kildare County Council,34.0
2013-01-01,2013-Q%q,2013,2013Q1,Kilkenny County Council,19.0
2013-01-01,2013-Q%q,2013,2013Q1,Kerry County Council,39.0
2013-01-01,2013-Q%q,2013,2013Q1,Longford County Council,8.0
2013-01-01,2013-Q%q,2013,2013Q1,Louth County Council,48.0
2013-01-01,2013-Q%q,2013,2013Q1,Limerick City & County Council,46.0
2013-01-01,2013-Q%q,2013,2013Q1,Leitrim County Council,10.0
2013-01-01,2013-Q%q,2013,2013Q1,Laois County Council,13.0
2013-01-01,2013-Q%q,2013,2013Q1,Meath County Council,36.0
2013-01-01,2013-Q%q,2013,2013Q1,Monaghan County Council,16.0
2013-01-01,2013-Q%q,2013,2013Q1,Mayo County Council,38.0
2013-01-01,2013-Q%q,2013,2013Q1,Offaly County Council,12.0
2013-01-01,2013-Q%q,2013,2013Q1,Roscommon County Council,22.0
2013-01-01,2013-Q%q,2013,2013Q1,South Dublin County Council,28.0
2013-01-01,2013-Q%q,2013,2013Q1,Sligo County Council,30.0
2013-01-01,2013-Q%q,2013,2013Q1,Tipperary County Council,25.0
2013-01-01,2013-Q%q,2013,2013Q1,Waterford City & County Council,23.0
2013-01-01,2013-Q%q,2013,2013Q1,Westmeath County Council,13.0
2013-01-01,2013-Q%q,2013,2013Q1,Wicklow County Council,30.0
2013-01-01,2013-Q%q,2013,2013Q1,Wexford County Council,29.0
2013-04-01,2013-Q%q,2013,2013Q2,Ireland,1146.0
2013-04-01,2013-Q%q,2013,2013Q2,Cork City Council,69.0
2013-04-01,2013-Q%q,2013,2013Q2,Clare County Council,31.0
2013-04-01,2013-Q%q,2013,2013Q2,Cavan County Council,17.0
2013-04-01,2013-Q%q,2013,2013Q2,Cork County Council,101.0
2013-04-01,2013-Q%q,2013,2013Q2,Carlow County Council,10.0
2013-04-01,2013-Q%q,2013,2013Q2,Dublin City Council,111.0
2013-04-01,2013-Q%q,2013,2013Q2,Dún Laoghaire Rathdown County Council,24.0
2013-04-01,2013-Q%q,2013,2013Q2,Donegal County Council,60.0
2013-04-01,2013-Q%q,2013,2013Q2,Fingal County Council,25.0
2013-04-01,2013-Q%q,2013,2013Q2,Galway County Council,57.0
2013-04-01,2013-Q%q,2013,2013Q2,Galway City Council,31.0
2013-04-01,2013-Q%q,2013,2013Q2,Kildare County Council,52.0
2013-04-01,2013-Q%q,2013,2013Q2,Kilkenny County Council,34.0
2013-04-01,2013-Q%q,2013,2013Q2,Kerry County Council,42.0
2013-04-01,2013-Q%q,2013,2013Q2,Longford County Council,7.0
2013-04-01,2013-Q%q,2013,2013Q2,Louth County Council,79.0
2013-04-01,2013-Q%q,2013,2013Q2,Limerick City & County Council,36.0
2013-04-01,2013-Q%q,2013,2013Q2,Leitrim County Council,12.0
2013-04-01,2013-Q%q,2013,2013Q2,Laois County Council,24.0
2013-04-01,2013-Q%q,2013,2013Q2,Meath County Council,37.0
2013-04-01,2013-Q%q,2013,2013Q2,Monaghan County Council,15.0
2013-04-01,2013-Q%q,2013,2013Q2,Mayo County Council,45.0
2013-04-01,2013-Q%q,2013,2013Q2,Offaly County Council,14.0
2013-04-01,2013-Q%q,2013,2013Q2,Roscommon County Council,16.0
2013-04-01,2013-Q%q,2013,2013Q2,South Dublin County Council,25.0
2013-04-01,2013-Q%q,2013,2013Q2,Sligo County Council,15.0
2013-04-01,2013-Q%q,2013,2013Q2,Tipperary County Council,38.0
2013-04-01,2013-Q%q,2013,2013Q2,Waterford City & County Council,21.0
2013-04-01,2013-Q%q,2013,2013Q2,Westmeath County Council,18.0
2013-04-01,2013-Q%q,2013,2013Q2,Wicklow County Council,41.0
2013-04-01,2013-Q%q,2013,2013Q2,Wexford County Council,39.0
2013-07-01,2013-Q%q,2013,2013Q3,Ireland,1033.0
2013-07-01,2013-Q%q,2013,2013Q3,Cork City Council,14.0
2013-07-01,2013-Q%q,2013,2013Q3,Clare County Council,26.0
2013-07-01,2013-Q%q,2013,2013Q3,Cavan County Council,16.0
2013-07-01,2013-Q%q,2013,2013Q3,Cork County Council,103.0
2013-07-01,2013-Q%q,2013,2013Q3,Carlow County Council,16.0
2013-07-01,2013-Q%q,2013,2013Q3,Dublin City Council,57.0
2013-07-01,2013-Q%q,2013,2013Q3,Dún Laoghaire Rathdown County Council,30.0
2013-07-01,2013-Q%q,2013,2013Q3,Donegal County Council,62.0
2013-07-01,2013-Q%q,2013,2013Q3,Fingal County Council,61.0
2013-07-01,2013-Q%q,2013,2013Q3,Galway County Council,62.0
2013-07-01,2013-Q%q,2013,2013Q3,Galway City Council,9.0
2013-07-01,2013-Q%q,2013,2013Q3,Kildare County Council,51.0
2013-07-01,2013-Q%q,2013,2013Q3,Kilkenny County Council,31.0
2013-07-01,2013-Q%q,2013,2013Q3,Kerry County Council,54.0
2013-07-01,2013-Q%q,2013,2013Q3,Longford County Council,9.0
2013-07-01,2013-Q%q,2013,2013Q3,Louth County Council,37.0
2013-07-01,2013-Q%q,2013,2013Q3,Limerick City & County Council,24.0
2013-07-01,2013-Q%q,2013,2013Q3,Leitrim County Council,10.0
2013-07-01,2013-Q%q,2013,2013Q3,Laois County Council,18.0
2013-07-01,2013-Q%q,2013,2013Q3,Meath County Council,33.0
2013-07-01,2013-Q%q,2013,2013Q3,Monaghan County Council,18.0
2013-07-01,2013-Q%q,2013,2013Q3,Mayo County Council,41.0
2013-07-01,2013-Q%q,2013,2013Q3,Offaly County Council,10.0
2013-07-01,2013-Q%q,2013,2013Q3,Roscommon County Council,20.0
2013-07-01,2013-Q%q,2013,2013Q3,South Dublin County Council,33.0
2013-07-01,2013-Q%q,2013,2013Q3,Sligo County Council,23.0
2013-07-01,2013-Q%q,2013,2013Q3,Tipperary County Council,23.0
2013-07-01,2013-Q%q,2013,2013Q3,Waterford City & County Council,24.0
2013-07-01,2013-Q%q,2013,2013Q3,Westmeath County Council,17.0
2013-07-01,2013-Q%q,2013,2013Q3,Wicklow County Council,41.0
2013-07-01,2013-Q%q,2013,2013Q3,Wexford County Council,60.0
2013-10-01,2013-Q%q,2013,2013Q4,Ireland,1507.0
2013-10-01,2013-Q%q,2013,2013Q4,Cork City Council,59.0
2013-10-01,2013-Q%q,2013,2013Q4,Clare County Council,39.0
2013-10-01,2013-Q%q,2013,2013Q4,Cavan County Council,21.0
2013-10-01,2013-Q%q,2013,2013Q4,Cork County Council,119.0
2013-10-01,2013-Q%q,2013,2013Q4,Carlow County Council,9.0
2013-10-01,2013-Q%q,2013,2013Q4,Dublin City Council,90.0
2013-10-01,2013-Q%q,2013,2013Q4,Dún Laoghaire Rathdown County Council,132.0
2013-10-01,2013-Q%q,2013,2013Q4,Donegal County Council,74.0
2013-10-01,2013-Q%q,2013,2013Q4,Fingal County Council,72.0
2013-10-01,2013-Q%q,2013,2013Q4,Galway County Council,67.0
2013-10-01,2013-Q%q,2013,2013Q4,Galway City Council,7.0
2013-10-01,2013-Q%q,2013,2013Q4,Kildare County Council,57.0
2013-10-01,2013-Q%q,2013,2013Q4,Kilkenny County Council,28.0
2013-10-01,2013-Q%q,2013,2013Q4,Kerry County Council,59.0
2013-10-01,2013-Q%q,2013,2013Q4,Longford County Council,11.0
2013-10-01,2013-Q%q,2013,2013Q4,Louth County Council,41.0
2013-10-01,2013-Q%q,2013,2013Q4,Limerick City & County Council,108.0
2013-10-01,2013-Q%q,2013,2013Q4,Leitrim County Council,9.0
2013-10-01,2013-Q%q,2013,2013Q4,Laois County Council,30.0
2013-10-01,2013-Q%q,2013,2013Q4,Meath County Council,54.0
2013-10-01,2013-Q%q,2013,2013Q4,Monaghan County Council,36.0
2013-10-01,2013-Q%q,2013,2013Q4,Mayo County Council,90.0
2013-10-01,2013-Q%q,2013,2013Q4,Offaly County Council,19.0
2013-10-01,2013-Q%q,2013,2013Q4,Roscommon County Council,22.0
2013-10-01,2013-Q%q,2013,2013Q4,South Dublin County Council,56.0
2013-10-01,2013-Q%q,2013,2013Q4,Sligo County Council,22.0
2013-10-01,2013-Q%q,2013,2013Q4,Tipperary County Council,48.0
2013-10-01,2013-Q%q,2013,2013Q4,Waterford City & County Council,23.0
2013-10-01,2013-Q%q,2013,2013Q4,Westmeath County Council,18.0
2013-10-01,2013-Q%q,2013,2013Q4,Wicklow County Council,26.0
2013-10-01,2013-Q%q,2013,2013Q4,Wexford County Council,61.0
2014-01-01,2014-Q%q,2014,2014Q1,Ireland,1094.0
2014-01-01,2014-Q%q,2014,2014Q1,Cork City Council,9.0
2014-01-01,2014-Q%q,2014,2014Q1,Clare County Council,38.0
2014-01-01,2014-Q%q,2014,2014Q1,Cavan County Council,25.0
2014-01-01,2014-Q%q,2014,2014Q1,Cork County Council,91.0
2014-01-01,2014-Q%q,2014,2014Q1,Carlow County Council,22.0
2014-01-01,2014-Q%q,2014,2014Q1,Dublin City Council,56.0
2014-01-01,2014-Q%q,2014,2014Q1,Dún Laoghaire Rathdown County Council,143.0
2014-01-01,2014-Q%q,2014,2014Q1,Donegal County Council,55.0
2014-01-01,2014-Q%q,2014,2014Q1,Fingal County Council,53.0
2014-01-01,2014-Q%q,2014,2014Q1,Galway County Council,65.0
2014-01-01,2014-Q%q,2014,2014Q1,Galway City Council,6.0
2014-01-01,2014-Q%q,2014,2014Q1,Kildare County Council,58.0
2014-01-01,2014-Q%q,2014,2014Q1,Kilkenny County Council,20.0
2014-01-01,2014-Q%q,2014,2014Q1,Kerry County Council,40.0
2014-01-01,2014-Q%q,2014,2014Q1,Longford County Council,17.0
2014-01-01,2014-Q%q,2014,2014Q1,Louth County Council,27.0
2014-01-01,2014-Q%q,2014,2014Q1,Limerick City & County Council,27.0
2014-01-01,2014-Q%q,2014,2014Q1,Leitrim County Council,7.0
2014-01-01,2014-Q%q,2014,2014Q1,Laois County Council,24.0
2014-01-01,2014-Q%q,2014,2014Q1,Meath County Council,39.0
2014-01-01,2014-Q%q,2014,2014Q1,Monaghan County Council,11.0
2014-01-01,2014-Q%q,2014,2014Q1,Mayo County Council,35.0
2014-01-01,2014-Q%q,2014,2014Q1,Offaly County Council,14.0
2014-01-01,2014-Q%q,2014,2014Q1,Roscommon County Council,17.0
2014-01-01,2014-Q%q,2014,2014Q1,South Dublin County Council,49.0
2014-01-01,2014-Q%q,2014,2014Q1,Sligo County Council,9.0
2014-01-01,2014-Q%q,2014,2014Q1,Tipperary County Council,28.0
2014-01-01,2014-Q%q,2014,2014Q1,Waterford City & County Council,20.0
2014-01-01,2014-Q%q,2014,2014Q1,Westmeath County Council,23.0
2014-01-01,2014-Q%q,2014,2014Q1,Wicklow County Council,29.0
2014-01-01,2014-Q%q,2014,2014Q1,Wexford County Council,37.0
2014-04-01,2014-Q%q,2014,2014Q2,Ireland,1318.0
2014-04-01,2014-Q%q,2014,2014Q2,Cork City Council,27.0
2014-04-01,2014-Q%q,2014,2014Q2,Clare County Council,34.0
2014-04-01,2014-Q%q,2014,2014Q2,Cavan County Council,22.0
2014-04-01,2014-Q%q,2014,2014Q2,Cork County Council,113.0
2014-04-01,2014-Q%q,2014,2014Q2,Carlow County Council,18.0
2014-04-01,2014-Q%q,2014,2014Q2,Dublin City Council,243.0
2014-04-01,2014-Q%q,2014,2014Q2,Dún Laoghaire Rathdown County Council,64.0
2014-04-01,2014-Q%q,2014,2014Q2,Donegal County Council,62.0
2014-04-01,2014-Q%q,2014,2014Q2,Fingal County Council,74.0
2014-04-01,2014-Q%q,2014,2014Q2,Galway County Council,59.0
2014-04-01,2014-Q%q,2014,2014Q2,Galway City Council,18.0
2014-04-01,2014-Q%q,2014,2014Q2,Kildare County Council,65.0
2014-04-01,2014-Q%q,2014,2014Q2,Kilkenny County Council,22.0
2014-04-01,2014-Q%q,2014,2014Q2,Kerry County Council,42.0
2014-04-01,2014-Q%q,2014,2014Q2,Longford County Council,8.0
2014-04-01,2014-Q%q,2014,2014Q2,Louth County Council,29.0
2014-04-01,2014-Q%q,2014,2014Q2,Limerick City & County Council,39.0
2014-04-01,2014-Q%q,2014,2014Q2,Leitrim County Council,7.0
2014-04-01,2014-Q%q,2014,2014Q2,Laois County Council,15.0
2014-04-01,2014-Q%q,2014,2014Q2,Meath County Council,53.0
2014-04-01,2014-Q%q,2014,2014Q2,Monaghan County Council,17.0
2014-04-01,2014-Q%q,2014,2014Q2,Mayo County Council,50.0
2014-04-01,2014-Q%q,2014,2014Q2,Offaly County Council,11.0
2014-04-01,2014-Q%q,2014,2014Q2,Roscommon County Council,10.0
2014-04-01,2014-Q%q,2014,2014Q2,South Dublin County Council,60.0
2014-04-01,2014-Q%q,2014,2014Q2,Sligo County Council,21.0
2014-04-01,2014-Q%q,2014,2014Q2,Tipperary County Council,33.0
2014-04-01,2014-Q%q,2014,2014Q2,Waterford City & County Council,15.0
2014-04-01,2014-Q%q,2014,2014Q2,Westmeath County Council,12.0
2014-04-01,2014-Q%q,2014,2014Q2,Wicklow County Council,36.0
2014-04-01,2014-Q%q,2014,2014Q2,Wexford County Council,39.0
2014-07-01,2014-Q%q,2014,2014Q3,Ireland,1404.0
2014-07-01,2014-Q%q,2014,2014Q3,Cork City Council,33.0
2014-07-01,2014-Q%q,2014,2014Q3,Clare County Council,45.0
2014-07-01,2014-Q%q,2014,2014Q3,Cavan County Council,23.0
2014-07-01,2014-Q%q,2014,2014Q3,Cork County Council,111.0
2014-07-01,2014-Q%q,2014,2014Q3,Carlow County Council,21.0
2014-07-01,2014-Q%q,2014,2014Q3,Dublin City Council,145.0
2014-07-01,2014-Q%q,2014,2014Q3,Dún Laoghaire Rathdown County Council,75.0
2014-07-01,2014-Q%q,2014,2014Q3,Donegal County Council,63.0
2014-07-01,2014-Q%q,2014,2014Q3,Fingal County Council,152.0
2014-07-01,2014-Q%q,2014,2014Q3,Galway County Council,72.0
2014-07-01,2014-Q%q,2014,2014Q3,Galway City Council,12.0
2014-07-01,2014-Q%q,2014,2014Q3,Kildare County Council,75.0
2014-07-01,2014-Q%q,2014,2014Q3,Kilkenny County Council,25.0
2014-07-01,2014-Q%q,2014,2014Q3,Kerry County Council,44.0
2014-07-01,2014-Q%q,2014,2014Q3,Longford County Council,15.0
2014-07-01,2014-Q%q,2014,2014Q3,Louth County Council,46.0
2014-07-01,2014-Q%q,2014,2014Q3,Limerick City & County Council,38.0
2014-07-01,2014-Q%q,2014,2014Q3,Leitrim County Council,8.0
2014-07-01,2014-Q%q,2014,2014Q3,Laois County Council,15.0
2014-07-01,2014-Q%q,2014,2014Q3,Meath County Council,61.0
2014-07-01,2014-Q%q,2014,2014Q3,Monaghan County Council,21.0
2014-07-01,2014-Q%q,2014,2014Q3,Mayo County Council,45.0
2014-07-01,2014-Q%q,2014,2014Q3,Offaly County Council,22.0
2014-07-01,2014-Q%q,2014,2014Q3,Roscommon County Council,17.0
2014-07-01,2014-Q%q,2014,2014Q3,South Dublin County Council,60.0
2014-07-01,2014-Q%q,2014,2014Q3,Sligo County Council,12.0
2014-07-01,2014-Q%q,2014,2014Q3,Tipperary County Council,34.0
2014-07-01,2014-Q%q,2014,2014Q3,Waterford City & County Council,12.0
2014-07-01,2014-Q%q,2014,2014Q3,Westmeath County Council,15.0
2014-07-01,2014-Q%q,2014,2014Q3,Wicklow County Council,36.0
2014-07-01,2014-Q%q,2014,2014Q3,Wexford County Council,51.0
2014-10-01,2014-Q%q,2014,2014Q4,Ireland,1702.0
2014-10-01,2014-Q%q,2014,2014Q4,Cork City Council,20.0
2014-10-01,2014-Q%q,2014,2014Q4,Clare County Council,44.0
2014-10-01,2014-Q%q,2014,2014Q4,Cavan County Council,32.0
2014-10-01,2014-Q%q,2014,2014Q4,Cork County Council,157.0
2014-10-01,2014-Q%q,2014,2014Q4,Carlow County Council,12.0
2014-10-01,2014-Q%q,2014,2014Q4,Dublin City Council,102.0
2014-10-01,2014-Q%q,2014,2014Q4,Dún Laoghaire Rathdown County Council,184.0
2014-10-01,2014-Q%q,2014,2014Q4,Donegal County Council,76.0
2014-10-01,2014-Q%q,2014,2014Q4,Fingal County Council,178.0
2014-10-01,2014-Q%q,2014,2014Q4,Galway County Council,67.0
2014-10-01,2014-Q%q,2014,2014Q4,Galway City Council,11.0
2014-10-01,2014-Q%q,2014,2014Q4,Kildare County Council,102.0
2014-10-01,2014-Q%q,2014,2014Q4,Kilkenny County Council,36.0
2014-10-01,2014-Q%q,2014,2014Q4,Kerry County Council,52.0
2014-10-01,2014-Q%q,2014,2014Q4,Longford County Council,14.0
2014-10-01,2014-Q%q,2014,2014Q4,Louth County Council,44.0
2014-10-01,2014-Q%q,2014,2014Q4,Limerick City & County Council,28.0
2014-10-01,2014-Q%q,2014,2014Q4,Leitrim County Council,14.0
2014-10-01,2014-Q%q,2014,2014Q4,Laois County Council,25.0
2014-10-01,2014-Q%q,2014,2014Q4,Meath County Council,71.0
2014-10-01,2014-Q%q,2014,2014Q4,Monaghan County Council,23.0
2014-10-01,2014-Q%q,2014,2014Q4,Mayo County Council,51.0
2014-10-01,2014-Q%q,2014,2014Q4,Offaly County Council,20.0
2014-10-01,2014-Q%q,2014,2014Q4,Roscommon County Council,23.0
2014-10-01,2014-Q%q,2014,2014Q4,South Dublin County Council,70.0
2014-10-01,2014-Q%q,2014,2014Q4,Sligo County Council,18.0
2014-10-01,2014-Q%q,2014,2014Q4,Tipperary County Council,38.0
2014-10-01,2014-Q%q,2014,2014Q4,Waterford City & County Council,34.0
2014-10-01,2014-Q%q,2014,2014Q4,Westmeath County Council,34.0
2014-10-01,2014-Q%q,2014,2014Q4,Wicklow County Council,54.0
2014-10-01,2014-Q%q,2014,2014Q4,Wexford County Council,68.0
2015-01-01,2015-Q%q,2015,2015Q1,Ireland,1371.0
2015-01-01,2015-Q%q,2015,2015Q1,Cork City Council,30.0
2015-01-01,2015-Q%q,2015,2015Q1,Clare County Council,22.0
2015-01-01,2015-Q%q,2015,2015Q1,Cavan County Council,17.0
2015-01-01,2015-Q%q,2015,2015Q1,Cork County Council,108.0
2015-01-01,2015-Q%q,2015,2015Q1,Carlow County Council,17.0
2015-01-01,2015-Q%q,2015,2015Q1,Dublin City Council,132.0
2015-01-01,2015-Q%q,2015,2015Q1,Dún Laoghaire Rathdown County Council,63.0
2015-01-01,2015-Q%q,2015,2015Q1,Donegal County Council,51.0
2015-01-01,2015-Q%q,2015,2015Q1,Fingal County Council,180.0
2015-01-01,2015-Q%q,2015,2015Q1,Galway County Council,63.0
2015-01-01,2015-Q%q,2015,2015Q1,Galway City Council,10.0
2015-01-01,2015-Q%q,2015,2015Q1,Kildare County Council,107.0
2015-01-01,2015-Q%q,2015,2015Q1,Kilkenny County Council,18.0
2015-01-01,2015-Q%q,2015,2015Q1,Kerry County Council,30.0
2015-01-01,2015-Q%q,2015,2015Q1,Longford County Council,6.0
2015-01-01,2015-Q%q,2015,2015Q1,Louth County Council,67.0
2015-01-01,2015-Q%q,2015,2015Q1,Limerick City & County Council,36.0
2015-01-01,2015-Q%q,2015,2015Q1,Leitrim County Council,11.0
2015-01-01,2015-Q%q,2015,2015Q1,Laois County Council,16.0
2015-01-01,2015-Q%q,2015,2015Q1,Meath County Council,53.0
2015-01-01,2015-Q%q,2015,2015Q1,Monaghan County Council,21.0
2015-01-01,2015-Q%q,2015,2015Q1,Mayo County Council,36.0
2015-01-01,2015-Q%q,2015,2015Q1,Offaly County Council,17.0
2015-01-01,2015-Q%q,2015,2015Q1,Roscommon County Council,10.0
2015-01-01,2015-Q%q,2015,2015Q1,South Dublin County Council,70.0
2015-01-01,2015-Q%q,2015,2015Q1,Sligo County Council,16.0
2015-01-01,2015-Q%q,2015,2015Q1,Tipperary County Council,36.0
2015-01-01,2015-Q%q,2015,2015Q1,Waterford City & County Council,17.0
2015-01-01,2015-Q%q,2015,2015Q1,Westmeath County Council,11.0
2015-01-01,2015-Q%q,2015,2015Q1,Wicklow County Council,51.0
2015-01-01,2015-Q%q,2015,2015Q1,Wexford County Council,49.0
2015-04-01,2015-Q%q,2015,2015Q2,Ireland,1570.0
2015-04-01,2015-Q%q,2015,2015Q2,Cork City Council,36.0
2015-04-01,2015-Q%q,2015,2015Q2,Clare County Council,39.0
2015-04-01,2015-Q%q,2015,2015Q2,Cavan County Council,12.0
2015-04-01,2015-Q%q,2015,2015Q2,Cork County Council,141.0
2015-04-01,2015-Q%q,2015,2015Q2,Carlow County Council,15.0
2015-04-01,2015-Q%q,2015,2015Q2,Dublin City Council,95.0
2015-04-01,2015-Q%q,2015,2015Q2,Dún Laoghaire Rathdown County Council,54.0
2015-04-01,2015-Q%q,2015,2015Q2,Donegal County Council,67.0
2015-04-01,2015-Q%q,2015,2015Q2,Fingal County Council,239.0
2015-04-01,2015-Q%q,2015,2015Q2,Galway County Council,74.0
2015-04-01,2015-Q%q,2015,2015Q2,Galway City Council,15.0
2015-04-01,2015-Q%q,2015,2015Q2,Kildare County Council,145.0
2015-04-01,2015-Q%q,2015,2015Q2,Kilkenny County Council,23.0
2015-04-01,2015-Q%q,2015,2015Q2,Kerry County Council,40.0
2015-04-01,2015-Q%q,2015,2015Q2,Longford County Council,19.0
2015-04-01,2015-Q%q,2015,2015Q2,Louth County Council,27.0
2015-04-01,2015-Q%q,2015,2015Q2,Limerick City & County Council,33.0
2015-04-01,2015-Q%q,2015,2015Q2,Leitrim County Council,10.0
2015-04-01,2015-Q%q,2015,2015Q2,Laois County Council,21.0
2015-04-01,2015-Q%q,2015,2015Q2,Meath County Council,78.0
2015-04-01,2015-Q%q,2015,2015Q2,Monaghan County Council,26.0
2015-04-01,2015-Q%q,2015,2015Q2,Mayo County Council,44.0
2015-04-01,2015-Q%q,2015,2015Q2,Offaly County Council,21.0
2015-04-01,2015-Q%q,2015,2015Q2,Roscommon County Council,24.0
2015-04-01,2015-Q%q,2015,2015Q2,South Dublin County Council,50.0
2015-04-01,2015-Q%q,2015,2015Q2,Sligo County Council,9.0
2015-04-01,2015-Q%q,2015,2015Q2,Tipperary County Council,38.0
2015-04-01,2015-Q%q,2015,2015Q2,Waterford City & County Council,42.0
2015-04-01,2015-Q%q,2015,2015Q2,Westmeath County Council,20.0
2015-04-01,2015-Q%q,2015,2015Q2,Wicklow County Council,60.0
2015-04-01,2015-Q%q,2015,2015Q2,Wexford County Council,53.0
2015-07-01,2015-Q%q,2015,2015Q3,Ireland,2033.0
2015-07-01,2015-Q%q,2015,2015Q3,Cork City Council,33.0
2015-07-01,2015-Q%q,2015,2015Q3,Clare County Council,34.0
2015-07-01,2015-Q%q,2015,2015Q3,Cavan County Council,24.0
2015-07-01,2015-Q%q,2015,2015Q3,Cork County Council,162.0
2015-07-01,2015-Q%q,2015,2015Q3,Carlow County Council,34.0
2015-07-01,2015-Q%q,2015,2015Q3,Dublin City Council,112.0
2015-07-01,2015-Q%q,2015,2015Q3,Dún Laoghaire Rathdown County Council,92.0
2015-07-01,2015-Q%q,2015,2015Q3,Donegal County Council,58.0
2015-07-01,2015-Q%q,2015,2015Q3,Fingal County Council,263.0
2015-07-01,2015-Q%q,2015,2015Q3,Galway County Council,99.0
2015-07-01,2015-Q%q,2015,2015Q3,Galway City Council,14.0
2015-07-01,2015-Q%q,2015,2015Q3,Kildare County Council,163.0
2015-07-01,2015-Q%q,2015,2015Q3,Kilkenny County Council,33.0
2015-07-01,2015-Q%q,2015,2015Q3,Kerry County Council,57.0
2015-07-01,2015-Q%q,2015,2015Q3,Longford County Council,13.0
2015-07-01,2015-Q%q,2015,2015Q3,Louth County Council,30.0
2015-07-01,2015-Q%q,2015,2015Q3,Limerick City & County Council,64.0
2015-07-01,2015-Q%q,2015,2015Q3,Leitrim County Council,17.0
2015-07-01,2015-Q%q,2015,2015Q3,Laois County Council,25.0
2015-07-01,2015-Q%q,2015,2015Q3,Meath County Council,88.0
2015-07-01,2015-Q%q,2015,2015Q3,Monaghan County Council,28.0
2015-07-01,2015-Q%q,2015,2015Q3,Mayo County Council,65.0
2015-07-01,2015-Q%q,2015,2015Q3,Offaly County Council,54.0
2015-07-01,2015-Q%q,2015,2015Q3,Roscommon County Council,20.0
2015-07-01,2015-Q%q,2015,2015Q3,South Dublin County Council,96.0
2015-07-01,2015-Q%q,2015,2015Q3,Sligo County Council,22.0
2015-07-01,2015-Q%q,2015,2015Q3,Tipperary County Council,44.0
2015-07-01,2015-Q%q,2015,2015Q3,Waterford City & County Council,94.0
2015-07-01,2015-Q%q,2015,2015Q3,Westmeath County Council,26.0
2015-07-01,2015-Q%q,2015,2015Q3,Wicklow County Council,102.0
2015-07-01,2015-Q%q,2015,2015Q3,Wexford County Council,67.0
2015-10-01,2015-Q%q,2015,2015Q4,Ireland,2245.0
2015-10-01,2015-Q%q,2015,2015Q4,Cork City Council,93.0
2015-10-01,2015-Q%q,2015,2015Q4,Clare County Council,51.0
2015-10-01,2015-Q%q,2015,2015Q4,Cavan County Council,38.0
2015-10-01,2015-Q%q,2015,2015Q4,Cork County Council,175.0
2015-10-01,2015-Q%q,2015,2015Q4,Carlow County Council,33.0
2015-10-01,2015-Q%q,2015,2015Q4,Dublin City Council,146.0
2015-10-01,2015-Q%q,2015,2015Q4,Dún Laoghaire Rathdown County Council,86.0
2015-10-01,2015-Q%q,2015,2015Q4,Donegal County Council,69.0
2015-10-01,2015-Q%q,2015,2015Q4,Fingal County Council,349.0
2015-10-01,2015-Q%q,2015,2015Q4,Galway County Council,102.0
2015-10-01,2015-Q%q,2015,2015Q4,Galway City Council,12.0
2015-10-01,2015-Q%q,2015,2015Q4,Kildare County Council,162.0
2015-10-01,2015-Q%q,2015,2015Q4,Kilkenny County Council,36.0
2015-10-01,2015-Q%q,2015,2015Q4,Kerry County Council,65.0
2015-10-01,2015-Q%q,2015,2015Q4,Longford County Council,12.0
2015-10-01,2015-Q%q,2015,2015Q4,Louth County Council,47.0
2015-10-01,2015-Q%q,2015,2015Q4,Limerick City & County Council,79.0
2015-10-01,2015-Q%q,2015,2015Q4,Leitrim County Council,17.0
2015-10-01,2015-Q%q,2015,2015Q4,Laois County Council,22.0
2015-10-01,2015-Q%q,2015,2015Q4,Meath County Council,106.0
2015-10-01,2015-Q%q,2015,2015Q4,Monaghan County Council,44.0
2015-10-01,2015-Q%q,2015,2015Q4,Mayo County Council,51.0
2015-10-01,2015-Q%q,2015,2015Q4,Offaly County Council,20.0
2015-10-01,2015-Q%q,2015,2015Q4,Roscommon County Council,16.0
2015-10-01,2015-Q%q,2015,2015Q4,South Dublin County Council,90.0
2015-10-01,2015-Q%q,2015,2015Q4,Sligo County Council,27.0
2015-10-01,2015-Q%q,2015,2015Q4,Tipperary County Council,53.0
2015-10-01,2015-Q%q,2015,2015Q4,Waterford City & County Council,44.0
2015-10-01,2015-Q%q,2015,2015Q4,Westmeath County Council,28.0
2015-10-01,2015-Q%q,2015,2015Q4,Wicklow County Council,80.0
2015-10-01,2015-Q%q,2015,2015Q4,Wexford County Council,92.0
2016-01-01,2016-Q%q,2016,2016Q1,Ireland,1936.0
2016-01-01,2016-Q%q,2016,2016Q1,Cork City Council,67.0
2016-01-01,2016-Q%q,2016,2016Q1,Clare County Council,37.0
2016-01-01,2016-Q%q,2016,2016Q1,Cavan County Council,20.0
2016-01-01,2016-Q%q,2016,2016Q1,Cork County Council,129.0
2016-01-01,2016-Q%q,2016,2016Q1,Carlow County Council,15.0
2016-01-01,2016-Q%q,2016,2016Q1,Dublin City Council,175.0
2016-01-01,2016-Q%q,2016,2016Q1,Dún Laoghaire Rathdown County Council,276.0
2016-01-01,2016-Q%q,2016,2016Q1,Donegal County Council,57.0
2016-01-01,2016-Q%q,2016,2016Q1,Fingal County Council,277.0
2016-01-01,2016-Q%q,2016,2016Q1,Galway County Council,78.0
2016-01-01,2016-Q%q,2016,2016Q1,Galway City Council,19.0
2016-01-01,2016-Q%q,2016,2016Q1,Kildare County Council,119.0
2016-01-01,2016-Q%q,2016,2016Q1,Kilkenny County Council,22.0
2016-01-01,2016-Q%q,2016,2016Q1,Kerry County Council,42.0
2016-01-01,2016-Q%q,2016,2016Q1,Longford County Council,15.0
2016-01-01,2016-Q%q,2016,2016Q1,Louth County Council,37.0
2016-01-01,2016-Q%q,2016,2016Q1,Limerick City & County Council,58.0
2016-01-01,2016-Q%q,2016,2016Q1,Leitrim County Council,9.0
2016-01-01,2016-Q%q,2016,2016Q1,Laois County Council,25.0
2016-01-01,2016-Q%q,2016,2016Q1,Meath County Council,88.0
2016-01-01,2016-Q%q,2016,2016Q1,Monaghan County Council,19.0
2016-01-01,2016-Q%q,2016,2016Q1,Mayo County Council,40.0
2016-01-01,2016-Q%q,2016,2016Q1,Offaly County Council,18.0
2016-01-01,2016-Q%q,2016,2016Q1,Roscommon County Council,14.0
2016-01-01,2016-Q%q,2016,2016Q1,South Dublin County Council,62.0
2016-01-01,2016-Q%q,2016,2016Q1,Sligo County Council,13.0
2016-01-01,2016-Q%q,2016,2016Q1,Tipperary County Council,34.0
2016-01-01,2016-Q%q,2016,2016Q1,Waterford City & County Council,37.0
2016-01-01,2016-Q%q,2016,2016Q1,Westmeath County Council,24.0
2016-01-01,2016-Q%q,2016,2016Q1,Wicklow County Council,53.0
2016-01-01,2016-Q%q,2016,2016Q1,Wexford County Council,57.0
2016-04-01,2016-Q%q,2016,2016Q2,Ireland,2368.0
2016-04-01,2016-Q%q,2016,2016Q2,Cork City Council,67.0
2016-04-01,2016-Q%q,2016,2016Q2,Clare County Council,48.0
2016-04-01,2016-Q%q,2016,2016Q2,Cavan County Council,47.0
2016-04-01,2016-Q%q,2016,2016Q2,Cork County Council,161.0
2016-04-01,2016-Q%q,2016,2016Q2,Carlow County Council,17.0
2016-04-01,2016-Q%q,2016,2016Q2,Dublin City Council,233.0
2016-04-01,2016-Q%q,2016,2016Q2,Dún Laoghaire Rathdown County Council,153.0
2016-04-01,2016-Q%q,2016,2016Q2,Donegal County Council,82.0
2016-04-01,2016-Q%q,2016,2016Q2,Fingal County Council,367.0
2016-04-01,2016-Q%q,2016,2016Q2,Galway County Council,107.0
2016-04-01,2016-Q%q,2016,2016Q2,Galway City Council,27.0
2016-04-01,2016-Q%q,2016,2016Q2,Kildare County Council,152.0
2016-04-01,2016-Q%q,2016,2016Q2,Kilkenny County Council,38.0
2016-04-01,2016-Q%q,2016,2016Q2,Kerry County Council,67.0
2016-04-01,2016-Q%q,2016,2016Q2,Longford County Council,15.0
2016-04-01,2016-Q%q,2016,2016Q2,Louth County Council,58.0
2016-04-01,2016-Q%q,2016,2016Q2,Limerick City & County Council,63.0
2016-04-01,2016-Q%q,2016,2016Q2,Leitrim County Council,18.0
2016-04-01,2016-Q%q,2016,2016Q2,Laois County Council,27.0
2016-04-01,2016-Q%q,2016,2016Q2,Meath County Council,143.0
2016-04-01,2016-Q%q,2016,2016Q2,Monaghan County Council,20.0
2016-04-01,2016-Q%q,2016,2016Q2,Mayo County Council,49.0
2016-04-01,2016-Q%q,2016,2016Q2,Offaly County Council,18.0
2016-04-01,2016-Q%q,2016,2016Q2,Roscommon County Council,27.0
2016-04-01,2016-Q%q,2016,2016Q2,South Dublin County Council,87.0
2016-04-01,2016-Q%q,2016,2016Q2,Sligo County Council,21.0
2016-04-01,2016-Q%q,2016,2016Q2,Tipperary County Council,43.0
2016-04-01,2016-Q%q,2016,2016Q2,Waterford City & County Council,30.0
2016-04-01,2016-Q%q,2016,2016Q2,Westmeath County Council,21.0
2016-04-01,2016-Q%q,2016,2016Q2,Wicklow County Council,80.0
2016-04-01,2016-Q%q,2016,2016Q2,Wexford County Council,82.0
2016-07-01,2016-Q%q,2016,2016Q3,Ireland,2450.0
2016-07-01,2016-Q%q,2016,2016Q3,Cork City Council,54.0
2016-07-01,2016-Q%q,2016,2016Q3,Clare County Council,55.0
2016-07-01,2016-Q%q,2016,2016Q3,Cavan County Council,43.0
2016-07-01,2016-Q%q,2016,2016Q3,Cork County Council,197.0
2016-07-01,2016-Q%q,2016,2016Q3,Carlow County Council,24.0
2016-07-01,2016-Q%q,2016,2016Q3,Dublin City Council,251.0
2016-07-01,2016-Q%q,2016,2016Q3,Dún Laoghaire Rathdown County Council,222.0
2016-07-01,2016-Q%q,2016,2016Q3,Donegal County Council,73.0
2016-07-01,2016-Q%q,2016,2016Q3,Fingal County Council,232.0
2016-07-01,2016-Q%q,2016,2016Q3,Galway County Council,102.0
2016-07-01,2016-Q%q,2016,2016Q3,Galway City Council,37.0
2016-07-01,2016-Q%q,2016,2016Q3,Kildare County Council,141.0
2016-07-01,2016-Q%q,2016,2016Q3,Kilkenny County Council,47.0
2016-07-01,2016-Q%q,2016,2016Q3,Kerry County Council,78.0
2016-07-01,2016-Q%q,2016,2016Q3,Longford County Council,13.0
2016-07-01,2016-Q%q,2016,2016Q3,Louth County Council,39.0
2016-07-01,2016-Q%q,2016,2016Q3,Limerick City & County Council,58.0
2016-07-01,2016-Q%q,2016,2016Q3,Leitrim County Council,14.0
2016-07-01,2016-Q%q,2016,2016Q3,Laois County Council,21.0
2016-07-01,2016-Q%q,2016,2016Q3,Meath County Council,186.0
2016-07-01,2016-Q%q,2016,2016Q3,Monaghan County Council,21.0
2016-07-01,2016-Q%q,2016,2016Q3,Mayo County Council,67.0
2016-07-01,2016-Q%q,2016,2016Q3,Offaly County Council,19.0
2016-07-01,2016-Q%q,2016,2016Q3,Roscommon County Council,24.0
2016-07-01,2016-Q%q,2016,2016Q3,South Dublin County Council,130.0
2016-07-01,2016-Q%q,2016,2016Q3,Sligo County Council,31.0
2016-07-01,2016-Q%q,2016,2016Q3,Tipperary County Council,47.0
2016-07-01,2016-Q%q,2016,2016Q3,Waterford City & County Council,51.0
2016-07-01,2016-Q%q,2016,2016Q3,Westmeath County Council,30.0
2016-07-01,2016-Q%q,2016,2016Q3,Wicklow County Council,87.0
2016-07-01,2016-Q%q,2016,2016Q3,Wexford County Council,56.0
2016-10-01,2016-Q%q,2016,2016Q4,Ireland,2966.0
2016-10-01,2016-Q%q,2016,2016Q4,Cork City Council,86.0
2016-10-01,2016-Q%q,2016,2016Q4,Clare County Council,85.0
2016-10-01,2016-Q%q,2016,2016Q4,Cavan County Council,35.0
2016-10-01,2016-Q%q,2016,2016Q4,Cork County Council,181.0
2016-10-01,2016-Q%q,2016,2016Q4,Carlow County Council,26.0
2016-10-01,2016-Q%q,2016,2016Q4,Dublin City Council,223.0
2016-10-01,2016-Q%q,2016,2016Q4,Dún Laoghaire Rathdown County Council,317.0
2016-10-01,2016-Q%q,2016,2016Q4,Donegal County Council,72.0
2016-10-01,2016-Q%q,2016,2016Q4,Fingal County Council,355.0
2016-10-01,2016-Q%q,2016,2016Q4,Galway County Council,101.0
2016-10-01,2016-Q%q,2016,2016Q4,Galway City Council,30.0
2016-10-01,2016-Q%q,2016,2016Q4,Kildare County Council,219.0
2016-10-01,2016-Q%q,2016,2016Q4,Kilkenny County Council,47.0
2016-10-01,2016-Q%q,2016,2016Q4,Kerry County Council,62.0
2016-10-01,2016-Q%q,2016,2016Q4,Longford County Council,16.0
2016-10-01,2016-Q%q,2016,2016Q4,Louth County Council,65.0
2016-10-01,2016-Q%q,2016,2016Q4,Limerick City & County Council,85.0
2016-10-01,2016-Q%q,2016,2016Q4,Leitrim County Council,17.0
2016-10-01,2016-Q%q,2016,2016Q4,Laois County Council,27.0
2016-10-01,2016-Q%q,2016,2016Q4,Meath County Council,182.0
2016-10-01,2016-Q%q,2016,2016Q4,Monaghan County Council,28.0
2016-10-01,2016-Q%q,2016,2016Q4,Mayo County Council,89.0
2016-10-01,2016-Q%q,2016,2016Q4,Offaly County Council,30.0
2016-10-01,2016-Q%q,2016,2016Q4,Roscommon County Council,17.0
2016-10-01,2016-Q%q,2016,2016Q4,South Dublin County Council,191.0
2016-10-01,2016-Q%q,2016,2016Q4,Sligo County Council,22.0
2016-10-01,2016-Q%q,2016,2016Q4,Tipperary County Council,34.0
2016-10-01,2016-Q%q,2016,2016Q4,Waterford City & County Council,96.0
2016-10-01,2016-Q%q,2016,2016Q4,Westmeath County Council,30.0
2016-10-01,2016-Q%q,2016,2016Q4,Wicklow County Council,132.0
2016-10-01,2016-Q%q,2016,2016Q4,Wexford County Council,66.0
2017-01-01,2017-Q%q,2017,2017Q1,Ireland,2740.0
2017-01-01,2017-Q%q,2017,2017Q1,Cork City Council,95.0
2017-01-01,2017-Q%q,2017,2017Q1,Clare County Council,58.0
2017-01-01,2017-Q%q,2017,2017Q1,Cavan County Council,35.0
2017-01-01,2017-Q%q,2017,2017Q1,Cork County Council,186.0
2017-01-01,2017-Q%q,2017,2017Q1,Carlow County Council,16.0
2017-01-01,2017-Q%q,2017,2017Q1,Dublin City Council,220.0
2017-01-01,2017-Q%q,2017,2017Q1,Dún Laoghaire Rathdown County Council,374.0
2017-01-01,2017-Q%q,2017,2017Q1,Donegal County Council,75.0
2017-01-01,2017-Q%q,2017,2017Q1,Fingal County Council,291.0
2017-01-01,2017-Q%q,2017,2017Q1,Galway County Council,111.0
2017-01-01,2017-Q%q,2017,2017Q1,Galway City Council,36.0
2017-01-01,2017-Q%q,2017,2017Q1,Kildare County Council,193.0
2017-01-01,2017-Q%q,2017,2017Q1,Kilkenny County Council,42.0
2017-01-01,2017-Q%q,2017,2017Q1,Kerry County Council,54.0
2017-01-01,2017-Q%q,2017,2017Q1,Longford County Council,9.0
2017-01-01,2017-Q%q,2017,2017Q1,Louth County Council,75.0
2017-01-01,2017-Q%q,2017,2017Q1,Limerick City & County Council,76.0
2017-01-01,2017-Q%q,2017,2017Q1,Leitrim County Council,13.0
2017-01-01,2017-Q%q,2017,2017Q1,Laois County Council,28.0
2017-01-01,2017-Q%q,2017,2017Q1,Meath County Council,176.0
2017-01-01,2017-Q%q,2017,2017Q1,Monaghan County Council,22.0
2017-01-01,2017-Q%q,2017,2017Q1,Mayo County Council,37.0
2017-01-01,2017-Q%q,2017,2017Q1,Offaly County Council,30.0
2017-01-01,2017-Q%q,2017,2017Q1,Roscommon County Council,17.0
2017-01-01,2017-Q%q,2017,2017Q1,South Dublin County Council,149.0
2017-01-01,2017-Q%q,2017,2017Q1,Sligo County Council,20.0
2017-01-01,2017-Q%q,2017,2017Q1,Tipperary County Council,33.0
2017-01-01,2017-Q%q,2017,2017Q1,Waterford City & County Council,59.0
2017-01-01,2017-Q%q,2017,2017Q1,Westmeath County Council,22.0
2017-01-01,2017-Q%q,2017,2017Q1,Wicklow County Council,99.0
2017-01-01,2017-Q%q,2017,2017Q1,Wexford County Council,89.0
2017-04-01,2017-Q%q,2017,2017Q2,Ireland,3233.0
2017-04-01,2017-Q%q,2017,2017Q2,Cork City Council,76.0
2017-04-01,2017-Q%q,2017,2017Q2,Clare County Council,49.0
2017-04-01,2017-Q%q,2017,2017Q2,Cavan County Council,38.0
2017-04-01,2017-Q%q,2017,2017Q2,Cork County Council,238.0
2017-04-01,2017-Q%q,2017,2017Q2,Carlow County Council,26.0
2017-04-01,2017-Q%q,2017,2017Q2,Dublin City Council,318.0
2017-04-01,2017-Q%q,2017,2017Q2,Dún Laoghaire Rathdown County Council,346.0
2017-04-01,2017-Q%q,2017,2017Q2,Donegal County Council,93.0
2017-04-01,2017-Q%q,2017,2017Q2,Fingal County Council,343.0
2017-04-01,2017-Q%q,2017,2017Q2,Galway County Council,102.0
2017-04-01,2017-Q%q,2017,2017Q2,Galway City Council,37.0
2017-04-01,2017-Q%q,2017,2017Q2,Kildare County Council,215.0
2017-04-01,2017-Q%q,2017,2017Q2,Kilkenny County Council,38.0
2017-04-01,2017-Q%q,2017,2017Q2,Kerry County Council,79.0
2017-04-01,2017-Q%q,2017,2017Q2,Longford County Council,18.0
2017-04-01,2017-Q%q,2017,2017Q2,Louth County Council,62.0
2017-04-01,2017-Q%q,2017,2017Q2,Limerick City & County Council,88.0
2017-04-01,2017-Q%q,2017,2017Q2,Leitrim County Council,22.0
2017-04-01,2017-Q%q,2017,2017Q2,Laois County Council,26.0
2017-04-01,2017-Q%q,2017,2017Q2,Meath County Council,229.0
2017-04-01,2017-Q%q,2017,2017Q2,Monaghan County Council,38.0
2017-04-01,2017-Q%q,2017,2017Q2,Mayo County Council,72.0
2017-04-01,2017-Q%q,2017,2017Q2,Offaly County Council,34.0
2017-04-01,2017-Q%q,2017,2017Q2,Roscommon County Council,18.0
2017-04-01,2017-Q%q,2017,2017Q2,South Dublin County Council,248.0
2017-04-01,2017-Q%q,2017,2017Q2,Sligo County Council,24.0
2017-04-01,2017-Q%q,2017,2017Q2,Tipperary County Council,47.0
2017-04-01,2017-Q%q,2017,2017Q2,Waterford City & County Council,72.0
2017-04-01,2017-Q%q,2017,2017Q2,Westmeath County Council,29.0
2017-04-01,2017-Q%q,2017,2017Q2,Wicklow County Council,127.0
2017-04-01,2017-Q%q,2017,2017Q2,Wexford County Council,81.0
2017-07-01,2017-Q%q,2017,2017Q3,Ireland,3715.0
2017-07-01,2017-Q%q,2017,2017Q3,Cork City Council,88.0
2017-07-01,2017-Q%q,2017,2017Q3,Clare County Council,84.0
2017-07-01,2017-Q%q,2017,2017Q3,Cavan County Council,27.0
2017-07-01,2017-Q%q,2017,2017Q3,Cork County Council,237.0
2017-07-01,2017-Q%q,2017,2017Q3,Carlow County Council,29.0
2017-07-01,2017-Q%q,2017,2017Q3,Dublin City Council,525.0
2017-07-01,2017-Q%q,2017,2017Q3,Dún Laoghaire Rathdown County Council,179.0
2017-07-01,2017-Q%q,2017,2017Q3,Donegal County Council,95.0
2017-07-01,2017-Q%q,2017,2017Q3,Fingal County Council,568.0
2017-07-01,2017-Q%q,2017,2017Q3,Galway County Council,116.0
2017-07-01,2017-Q%q,2017,2017Q3,Galway City Council,42.0
2017-07-01,2017-Q%q,2017,2017Q3,Kildare County Council,260.0
2017-07-01,2017-Q%q,2017,2017Q3,Kilkenny County Council,56.0
2017-07-01,2017-Q%q,2017,2017Q3,Kerry County Council,84.0
2017-07-01,2017-Q%q,2017,2017Q3,Longford County Council,23.0
2017-07-01,2017-Q%q,2017,2017Q3,Louth County Council,114.0
2017-07-01,2017-Q%q,2017,2017Q3,Limerick City & County Council,95.0
2017-07-01,2017-Q%q,2017,2017Q3,Leitrim County Council,23.0
2017-07-01,2017-Q%q,2017,2017Q3,Laois County Council,24.0
2017-07-01,2017-Q%q,2017,2017Q3,Meath County Council,281.0
2017-07-01,2017-Q%q,2017,2017Q3,Monaghan County Council,39.0
2017-07-01,2017-Q%q,2017,2017Q3,Mayo County Council,59.0
2017-07-01,2017-Q%q,2017,2017Q3,Offaly County Council,36.0
2017-07-01,2017-Q%q,2017,2017Q3,Roscommon County Council,24.0
2017-07-01,2017-Q%q,2017,2017Q3,South Dublin County Council,235.0
2017-07-01,2017-Q%q,2017,2017Q3,Sligo County Council,33.0
2017-07-01,2017-Q%q,2017,2017Q3,Tipperary County Council,45.0
2017-07-01,2017-Q%q,2017,2017Q3,Waterford City & County Council,51.0
2017-07-01,2017-Q%q,2017,2017Q3,Westmeath County Council,41.0
2017-07-01,2017-Q%q,2017,2017Q3,Wicklow County Council,116.0
2017-07-01,2017-Q%q,2017,2017Q3,Wexford County Council,86.0
2017-10-01,2017-Q%q,2017,2017Q4,Ireland,4530.0
2017-10-01,2017-Q%q,2017,2017Q4,Cork City Council,140.0
2017-10-01,2017-Q%q,2017,2017Q4,Clare County Council,61.0
2017-10-01,2017-Q%q,2017,2017Q4,Cavan County Council,38.0
2017-10-01,2017-Q%q,2017,2017Q4,Cork County Council,312.0
2017-10-01,2017-Q%q,2017,2017Q4,Carlow County Council,27.0
2017-10-01,2017-Q%q,2017,2017Q4,Dublin City Council,485.0
2017-10-01,2017-Q%q,2017,2017Q4,Dún Laoghaire Rathdown County Council,287.0
2017-10-01,2017-Q%q,2017,2017Q4,Donegal County Council,99.0
2017-10-01,2017-Q%q,2017,2017Q4,Fingal County Council,622.0
2017-10-01,2017-Q%q,2017,2017Q4,Galway County Council,154.0
2017-10-01,2017-Q%q,2017,2017Q4,Galway City Council,31.0
2017-10-01,2017-Q%q,2017,2017Q4,Kildare County Council,316.0
2017-10-01,2017-Q%q,2017,2017Q4,Kilkenny County Council,58.0
2017-10-01,2017-Q%q,2017,2017Q4,Kerry County Council,86.0
2017-10-01,2017-Q%q,2017,2017Q4,Longford County Council,25.0
2017-10-01,2017-Q%q,2017,2017Q4,Louth County Council,120.0
2017-10-01,2017-Q%q,2017,2017Q4,Limerick City & County Council,209.0
2017-10-01,2017-Q%q,2017,2017Q4,Leitrim County Council,17.0
2017-10-01,2017-Q%q,2017,2017Q4,Laois County Council,39.0
2017-10-01,2017-Q%q,2017,2017Q4,Meath County Council,402.0
2017-10-01,2017-Q%q,2017,2017Q4,Monaghan County Council,49.0
2017-10-01,2017-Q%q,2017,2017Q4,Mayo County Council,72.0
2017-10-01,2017-Q%q,2017,2017Q4,Offaly County Council,32.0
2017-10-01,2017-Q%q,2017,2017Q4,Roscommon County Council,41.0
2017-10-01,2017-Q%q,2017,2017Q4,South Dublin County Council,347.0
2017-10-01,2017-Q%q,2017,2017Q4,Sligo County Council,47.0
2017-10-01,2017-Q%q,2017,2017Q4,Tipperary County Council,57.0
2017-10-01,2017-Q%q,2017,2017Q4,Waterford City & County Council,95.0
2017-10-01,2017-Q%q,2017,2017Q4,Westmeath County Council,40.0
2017-10-01,2017-Q%q,2017,2017Q4,Wicklow County Council,136.0
2017-10-01,2017-Q%q,2017,2017Q4,Wexford County Council,86.0
2018-01-01,2018-Q%q,2018,2018Q1,Ireland,3430.0
2018-01-01,2018-Q%q,2018,2018Q1,Cork City Council,120.0
2018-01-01,2018-Q%q,2018,2018Q1,Clare County Council,55.0
2018-01-01,2018-Q%q,2018,2018Q1,Cavan County Council,35.0
2018-01-01,2018-Q%q,2018,2018Q1,Cork County Council,223.0
2018-01-01,2018-Q%q,2018,2018Q1,Carlow County Council,47.0
2018-01-01,2018-Q%q,2018,2018Q1,Dublin City Council,328.0
2018-01-01,2018-Q%q,2018,2018Q1,Dún Laoghaire Rathdown County Council,212.0
2018-01-01,2018-Q%q,2018,2018Q1,Donegal County Council,86.0
2018-01-01,2018-Q%q,2018,2018Q1,Fingal County Council,410.0
2018-01-01,2018-Q%q,2018,2018Q1,Galway County Council,112.0
2018-01-01,2018-Q%q,2018,2018Q1,Galway City Council,30.0
2018-01-01,2018-Q%q,2018,2018Q1,Kildare County Council,246.0
2018-01-01,2018-Q%q,2018,2018Q1,Kilkenny County Council,29.0
2018-01-01,2018-Q%q,2018,2018Q1,Kerry County Council,92.0
2018-01-01,2018-Q%q,2018,2018Q1,Longford County Council,14.0
2018-01-01,2018-Q%q,2018,2018Q1,Louth County Council,125.0
2018-01-01,2018-Q%q,2018,2018Q1,Limerick City & County Council,125.0
2018-01-01,2018-Q%q,2018,2018Q1,Leitrim County Council,14.0
2018-01-01,2018-Q%q,2018,2018Q1,Laois County Council,34.0
2018-01-01,2018-Q%q,2018,2018Q1,Meath County Council,292.0
2018-01-01,2018-Q%q,2018,2018Q1,Monaghan County Council,24.0
2018-01-01,2018-Q%q,2018,2018Q1,Mayo County Council,69.0
2018-01-01,2018-Q%q,2018,2018Q1,Offaly County Council,26.0
2018-01-01,2018-Q%q,2018,2018Q1,Roscommon County Council,30.0
2018-01-01,2018-Q%q,2018,2018Q1,South Dublin County Council,242.0
2018-01-01,2018-Q%q,2018,2018Q1,Sligo County Council,31.0
2018-01-01,2018-Q%q,2018,2018Q1,Tipperary County Council,38.0
2018-01-01,2018-Q%q,2018,2018Q1,Waterford City & County Council,67.0
2018-01-01,2018-Q%q,2018,2018Q1,Westmeath County Council,33.0
2018-01-01,2018-Q%q,2018,2018Q1,Wicklow County Council,138.0
2018-01-01,2018-Q%q,2018,2018Q1,Wexford County Council,103.0
2018-04-01,2018-Q%q,2018,2018Q2,Ireland,4351.0
2018-04-01,2018-Q%q,2018,2018Q2,Cork City Council,116.0
2018-04-01,2018-Q%q,2018,2018Q2,Clare County Council,53.0
2018-04-01,2018-Q%q,2018,2018Q2,Cavan County Council,39.0
2018-04-01,2018-Q%q,2018,2018Q2,Cork County Council,324.0
2018-04-01,2018-Q%q,2018,2018Q2,Carlow County Council,44.0
2018-04-01,2018-Q%q,2018,2018Q2,Dublin City Council,308.0
2018-04-01,2018-Q%q,2018,2018Q2,Dún Laoghaire Rathdown County Council,348.0
2018-04-01,2018-Q%q,2018,2018Q2,Donegal County Council,90.0
2018-04-01,2018-Q%q,2018,2018Q2,Fingal County Council,665.0
2018-04-01,2018-Q%q,2018,2018Q2,Galway County Council,131.0
2018-04-01,2018-Q%q,2018,2018Q2,Galway City Council,41.0
2018-04-01,2018-Q%q,2018,2018Q2,Kildare County Council,271.0
2018-04-01,2018-Q%q,2018,2018Q2,Kilkenny County Council,51.0
2018-04-01,2018-Q%q,2018,2018Q2,Kerry County Council,79.0
2018-04-01,2018-Q%q,2018,2018Q2,Longford County Council,15.0
2018-04-01,2018-Q%q,2018,2018Q2,Louth County Council,148.0
2018-04-01,2018-Q%q,2018,2018Q2,Limerick City & County Council,137.0
2018-04-01,2018-Q%q,2018,2018Q2,Leitrim County Council,13.0
2018-04-01,2018-Q%q,2018,2018Q2,Laois County Council,91.0
2018-04-01,2018-Q%q,2018,2018Q2,Meath County Council,339.0
2018-04-01,2018-Q%q,2018,2018Q2,Monaghan County Council,41.0
2018-04-01,2018-Q%q,2018,2018Q2,Mayo County Council,70.0
2018-04-01,2018-Q%q,2018,2018Q2,Offaly County Council,20.0
2018-04-01,2018-Q%q,2018,2018Q2,Roscommon County Council,31.0
2018-04-01,2018-Q%q,2018,2018Q2,South Dublin County Council,466.0
2018-04-01,2018-Q%q,2018,2018Q2,Sligo County Council,36.0
2018-04-01,2018-Q%q,2018,2018Q2,Tipperary County Council,44.0
2018-04-01,2018-Q%q,2018,2018Q2,Waterford City & County Council,78.0
2018-04-01,2018-Q%q,2018,2018Q2,Westmeath County Council,27.0
2018-04-01,2018-Q%q,2018,2018Q2,Wicklow County Council,120.0
2018-04-01,2018-Q%q,2018,2018Q2,Wexford County Council,115.0
2018-07-01,2018-Q%q,2018,2018Q3,Ireland,4594.0
2018-07-01,2018-Q%q,2018,2018Q3,Cork City Council,156.0
2018-07-01,2018-Q%q,2018,2018Q3,Clare County Council,75.0
2018-07-01,2018-Q%q,2018,2018Q3,Cavan County Council,37.0
2018-07-01,2018-Q%q,2018,2018Q3,Cork County Council,291.0
2018-07-01,2018-Q%q,2018,2018Q3,Carlow County Council,40.0
2018-07-01,2018-Q%q,2018,2018Q3,Dublin City Council,534.0
2018-07-01,2018-Q%q,2018,2018Q3,Dún Laoghaire Rathdown County Council,367.0
2018-07-01,2018-Q%q,2018,2018Q3,Donegal County Council,124.0
2018-07-01,2018-Q%q,2018,2018Q3,Fingal County Council,514.0
2018-07-01,2018-Q%q,2018,2018Q3,Galway County Council,122.0
2018-07-01,2018-Q%q,2018,2018Q3,Galway City Council,26.0
2018-07-01,2018-Q%q,2018,2018Q3,Kildare County Council,326.0
2018-07-01,2018-Q%q,2018,2018Q3,Kilkenny County Council,52.0
2018-07-01,2018-Q%q,2018,2018Q3,Kerry County Council,117.0
2018-07-01,2018-Q%q,2018,2018Q3,Longford County Council,11.0
2018-07-01,2018-Q%q,2018,2018Q3,Louth County Council,134.0
2018-07-01,2018-Q%q,2018,2018Q3,Limerick City & County Council,109.0
2018-07-01,2018-Q%q,2018,2018Q3,Leitrim County Council,18.0
2018-07-01,2018-Q%q,2018,2018Q3,Laois County Council,52.0
2018-07-01,2018-Q%q,2018,2018Q3,Meath County Council,394.0
2018-07-01,2018-Q%q,2018,2018Q3,Monaghan County Council,32.0
2018-07-01,2018-Q%q,2018,2018Q3,Mayo County Council,81.0
2018-07-01,2018-Q%q,2018,2018Q3,Offaly County Council,23.0
2018-07-01,2018-Q%q,2018,2018Q3,Roscommon County Council,37.0
2018-07-01,2018-Q%q,2018,2018Q3,South Dublin County Council,429.0
2018-07-01,2018-Q%q,2018,2018Q3,Sligo County Council,44.0
2018-07-01,2018-Q%q,2018,2018Q3,Tipperary County Council,40.0
2018-07-01,2018-Q%q,2018,2018Q3,Waterford City & County Council,106.0
2018-07-01,2018-Q%q,2018,2018Q3,Westmeath County Council,31.0
2018-07-01,2018-Q%q,2018,2018Q3,Wicklow County Council,125.0
2018-07-01,2018-Q%q,2018,2018Q3,Wexford County Council,147.0
2018-10-01,2018-Q%q,2018,2018Q4,Ireland,5402.0
2018-10-01,2018-Q%q,2018,2018Q4,Cork City Council,197.0
2018-10-01,2018-Q%q,2018,2018Q4,Clare County Council,56.0
2018-10-01,2018-Q%q,2018,2018Q4,Cavan County Council,47.0
2018-10-01,2018-Q%q,2018,2018Q4,Cork County Council,308.0
2018-10-01,2018-Q%q,2018,2018Q4,Carlow County Council,97.0
2018-10-01,2018-Q%q,2018,2018Q4,Dublin City Council,634.0
2018-10-01,2018-Q%q,2018,2018Q4,Dún Laoghaire Rathdown County Council,356.0
2018-10-01,2018-Q%q,2018,2018Q4,Donegal County Council,131.0
2018-10-01,2018-Q%q,2018,2018Q4,Fingal County Council,510.0
2018-10-01,2018-Q%q,2018,2018Q4,Galway County Council,167.0
2018-10-01,2018-Q%q,2018,2018Q4,Galway City Council,37.0
2018-10-01,2018-Q%q,2018,2018Q4,Kildare County Council,381.0
2018-10-01,2018-Q%q,2018,2018Q4,Kilkenny County Council,85.0
2018-10-01,2018-Q%q,2018,2018Q4,Kerry County Council,98.0
2018-10-01,2018-Q%q,2018,2018Q4,Longford County Council,25.0
2018-10-01,2018-Q%q,2018,2018Q4,Louth County Council,184.0
2018-10-01,2018-Q%q,2018,2018Q4,Limerick City & County Council,132.0
2018-10-01,2018-Q%q,2018,2018Q4,Leitrim County Council,15.0
2018-10-01,2018-Q%q,2018,2018Q4,Laois County Council,52.0
2018-10-01,2018-Q%q,2018,2018Q4,Meath County Council,480.0
2018-10-01,2018-Q%q,2018,2018Q4,Monaghan County Council,32.0
2018-10-01,2018-Q%q,2018,2018Q4,Mayo County Council,94.0
2018-10-01,2018-Q%q,2018,2018Q4,Offaly County Council,36.0
2018-10-01,2018-Q%q,2018,2018Q4,Roscommon County Council,47.0
2018-10-01,2018-Q%q,2018,2018Q4,South Dublin County Council,513.0
2018-10-01,2018-Q%q,2018,2018Q4,Sligo County Council,55.0
2018-10-01,2018-Q%q,2018,2018Q4,Tipperary County Council,70.0
2018-10-01,2018-Q%q,2018,2018Q4,Waterford City & County Council,162.0
2018-10-01,2018-Q%q,2018,2018Q4,Westmeath County Council,76.0
2018-10-01,2018-Q%q,2018,2018Q4,Wicklow County Council,202.0
2018-10-01,2018-Q%q,2018,2018Q4,Wexford County Council,123.0
2019-01-01,2019-Q%q,2019,2019Q1,Ireland,4221.0
2019-01-01,2019-Q%q,2019,2019Q1,Cork City Council,150.0
2019-01-01,2019-Q%q,2019,2019Q1,Clare County Council,56.0
2019-01-01,2019-Q%q,2019,2019Q1,Cavan County Council,31.0
2019-01-01,2019-Q%q,2019,2019Q1,Cork County Council,275.0
2019-01-01,2019-Q%q,2019,2019Q1,Carlow County Council,41.0
2019-01-01,2019-Q%q,2019,2019Q1,Dublin City Council,518.0
2019-01-01,2019-Q%q,2019,2019Q1,Dún Laoghaire Rathdown County Council,199.0
2019-01-01,2019-Q%q,2019,2019Q1,Donegal County Council,86.0
2019-01-01,2019-Q%q,2019,2019Q1,Fingal County Council,353.0
2019-01-01,2019-Q%q,2019,2019Q1,Galway County Council,144.0
2019-01-01,2019-Q%q,2019,2019Q1,Galway City Council,30.0
2019-01-01,2019-Q%q,2019,2019Q1,Kildare County Council,395.0
2019-01-01,2019-Q%q,2019,2019Q1,Kilkenny County Council,54.0
2019-01-01,2019-Q%q,2019,2019Q1,Kerry County Council,80.0
2019-01-01,2019-Q%q,2019,2019Q1,Longford County Council,39.0
2019-01-01,2019-Q%q,2019,2019Q1,Louth County Council,171.0
2019-01-01,2019-Q%q,2019,2019Q1,Limerick City & County Council,87.0
2019-01-01,2019-Q%q,2019,2019Q1,Leitrim County Council,11.0
2019-01-01,2019-Q%q,2019,2019Q1,Laois County Council,33.0
2019-01-01,2019-Q%q,2019,2019Q1,Meath County Council,294.0
2019-01-01,2019-Q%q,2019,2019Q1,Monaghan County Council,62.0
2019-01-01,2019-Q%q,2019,2019Q1,Mayo County Council,96.0
2019-01-01,2019-Q%q,2019,2019Q1,Offaly County Council,40.0
2019-01-01,2019-Q%q,2019,2019Q1,Roscommon County Council,39.0
2019-01-01,2019-Q%q,2019,2019Q1,South Dublin County Council,383.0
2019-01-01,2019-Q%q,2019,2019Q1,Sligo County Council,11.0
2019-01-01,2019-Q%q,2019,2019Q1,Tipperary County Council,72.0
2019-01-01,2019-Q%q,2019,2019Q1,Waterford City & County Council,76.0
2019-01-01,2019-Q%q,2019,2019Q1,Westmeath County Council,52.0
2019-01-01,2019-Q%q,2019,2019Q1,Wicklow County Council,208.0
2019-01-01,2019-Q%q,2019,2019Q1,Wexford County Council,135.0
2019-04-01,2019-Q%q,2019,2019Q2,Ireland,4789.0
2019-04-01,2019-Q%q,2019,2019Q2,Cork City Council,153.0
2019-04-01,2019-Q%q,2019,2019Q2,Clare County Council,120.0
2019-04-01,2019-Q%q,2019,2019Q2,Cavan County Council,32.0
2019-04-01,2019-Q%q,2019,2019Q2,Cork County Council,379.0
2019-04-01,2019-Q%q,2019,2019Q2,Carlow County Council,41.0
2019-04-01,2019-Q%q,2019,2019Q2,Dublin City Council,403.0
2019-04-01,2019-Q%q,2019,2019Q2,Dún Laoghaire Rathdown County Council,197.0
2019-04-01,2019-Q%q,2019,2019Q2,Donegal County Council,110.0
2019-04-01,2019-Q%q,2019,2019Q2,Fingal County Council,497.0
2019-04-01,2019-Q%q,2019,2019Q2,Galway County Council,197.0
2019-04-01,2019-Q%q,2019,2019Q2,Galway City Council,41.0
2019-04-01,2019-Q%q,2019,2019Q2,Kildare County Council,394.0
2019-04-01,2019-Q%q,2019,2019Q2,Kilkenny County Council,48.0
2019-04-01,2019-Q%q,2019,2019Q2,Kerry County Council,102.0
2019-04-01,2019-Q%q,2019,2019Q2,Longford County Council,15.0
2019-04-01,2019-Q%q,2019,2019Q2,Louth County Council,135.0
2019-04-01,2019-Q%q,2019,2019Q2,Limerick City & County Council,163.0
2019-04-01,2019-Q%q,2019,2019Q2,Leitrim County Council,11.0
2019-04-01,2019-Q%q,2019,2019Q2,Laois County Council,48.0
2019-04-01,2019-Q%q,2019,2019Q2,Meath County Council,468.0
2019-04-01,2019-Q%q,2019,2019Q2,Monaghan County Council,57.0
2019-04-01,2019-Q%q,2019,2019Q2,Mayo County Council,81.0
2019-04-01,2019-Q%q,2019,2019Q2,Offaly County Council,37.0
2019-04-01,2019-Q%q,2019,2019Q2,Roscommon County Council,34.0
2019-04-01,2019-Q%q,2019,2019Q2,South Dublin County Council,358.0
2019-04-01,2019-Q%q,2019,2019Q2,Sligo County Council,39.0
2019-04-01,2019-Q%q,2019,2019Q2,Tipperary County Council,79.0
2019-04-01,2019-Q%q,2019,2019Q2,Waterford City & County Council,84.0
2019-04-01,2019-Q%q,2019,2019Q2,Westmeath County Council,59.0
2019-04-01,2019-Q%q,2019,2019Q2,Wicklow County Council,233.0
2019-04-01,2019-Q%q,2019,2019Q2,Wexford County Council,174.0
2019-07-01,2019-Q%q,2019,2019Q3,Ireland,5600.0
2019-07-01,2019-Q%q,2019,2019Q3,Cork City Council,143.0
2019-07-01,2019-Q%q,2019,2019Q3,Clare County Council,102.0
2019-07-01,2019-Q%q,2019,2019Q3,Cavan County Council,38.0
2019-07-01,2019-Q%q,2019,2019Q3,Cork County Council,285.0
2019-07-01,2019-Q%q,2019,2019Q3,Carlow County Council,39.0
2019-07-01,2019-Q%q,2019,2019Q3,Dublin City Council,369.0
2019-07-01,2019-Q%q,2019,2019Q3,Dún Laoghaire Rathdown County Council,488.0
2019-07-01,2019-Q%q,2019,2019Q3,Donegal County Council,133.0
2019-07-01,2019-Q%q,2019,2019Q3,Fingal County Council,684.0
2019-07-01,2019-Q%q,2019,2019Q3,Galway County Council,199.0
2019-07-01,2019-Q%q,2019,2019Q3,Galway City Council,92.0
2019-07-01,2019-Q%q,2019,2019Q3,Kildare County Council,485.0
2019-07-01,2019-Q%q,2019,2019Q3,Kilkenny County Council,93.0
2019-07-01,2019-Q%q,2019,2019Q3,Kerry County Council,115.0
2019-07-01,2019-Q%q,2019,2019Q3,Longford County Council,28.0
2019-07-01,2019-Q%q,2019,2019Q3,Louth County Council,157.0
2019-07-01,2019-Q%q,2019,2019Q3,Limerick City & County Council,125.0
2019-07-01,2019-Q%q,2019,2019Q3,Leitrim County Council,10.0
2019-07-01,2019-Q%q,2019,2019Q3,Laois County Council,82.0
2019-07-01,2019-Q%q,2019,2019Q3,Meath County Council,470.0
2019-07-01,2019-Q%q,2019,2019Q3,Monaghan County Council,98.0
2019-07-01,2019-Q%q,2019,2019Q3,Mayo County Council,93.0
2019-07-01,2019-Q%q,2019,2019Q3,Offaly County Council,51.0
2019-07-01,2019-Q%q,2019,2019Q3,Roscommon County Council,33.0
2019-07-01,2019-Q%q,2019,2019Q3,South Dublin County Council,393.0
2019-07-01,2019-Q%q,2019,2019Q3,Sligo County Council,36.0
2019-07-01,2019-Q%q,2019,2019Q3,Tipperary County Council,82.0
2019-07-01,2019-Q%q,2019,2019Q3,Waterford City & County Council,142.0
2019-07-01,2019-Q%q,2019,2019Q3,Westmeath County Council,61.0
2019-07-01,2019-Q%q,2019,2019Q3,Wicklow County Council,351.0
2019-07-01,2019-Q%q,2019,2019Q3,Wexford County Council,123.0
2019-10-01,2019-Q%q,2019,2019Q4,Ireland,6402.0
2019-10-01,2019-Q%q,2019,2019Q4,Cork City Council,278.0
2019-10-01,2019-Q%q,2019,2019Q4,Clare County Council,108.0
2019-10-01,2019-Q%q,2019,2019Q4,Cavan County Council,36.0
2019-10-01,2019-Q%q,2019,2019Q4,Cork County Council,472.0
2019-10-01,2019-Q%q,2019,2019Q4,Carlow County Council,73.0
2019-10-01,2019-Q%q,2019,2019Q4,Dublin City Council,488.0
2019-10-01,2019-Q%q,2019,2019Q4,Dún Laoghaire Rathdown County Council,254.0
2019-10-01,2019-Q%q,2019,2019Q4,Donegal County Council,101.0
2019-10-01,2019-Q%q,2019,2019Q4,Fingal County Council,783.0
2019-10-01,2019-Q%q,2019,2019Q4,Galway County Council,249.0
2019-10-01,2019-Q%q,2019,2019Q4,Galway City Council,93.0
2019-10-01,2019-Q%q,2019,2019Q4,Kildare County Council,623.0
2019-10-01,2019-Q%q,2019,2019Q4,Kilkenny County Council,94.0
2019-10-01,2019-Q%q,2019,2019Q4,Kerry County Council,146.0
2019-10-01,2019-Q%q,2019,2019Q4,Longford County Council,50.0
2019-10-01,2019-Q%q,2019,2019Q4,Louth County Council,203.0
2019-10-01,2019-Q%q,2019,2019Q4,Limerick City & County Council,177.0
2019-10-01,2019-Q%q,2019,2019Q4,Leitrim County Council,7.0
2019-10-01,2019-Q%q,2019,2019Q4,Laois County Council,77.0
2019-10-01,2019-Q%q,2019,2019Q4,Meath County Council,404.0
2019-10-01,2019-Q%q,2019,2019Q4,Monaghan County Council,63.0
2019-10-01,2019-Q%q,2019,2019Q4,Mayo County Council,167.0
2019-10-01,2019-Q%q,2019,2019Q4,Offaly County Council,99.0
2019-10-01,2019-Q%q,2019,2019Q4,Roscommon County Council,47.0
2019-10-01,2019-Q%q,2019,2019Q4,South Dublin County Council,523.0
2019-10-01,2019-Q%q,2019,2019Q4,Sligo County Council,27.0
2019-10-01,2019-Q%q,2019,2019Q4,Tipperary County Council,76.0
2019-10-01,2019-Q%q,2019,2019Q4,Waterford City & County Council,139.0
2019-10-01,2019-Q%q,2019,2019Q4,Westmeath County Council,70.0
2019-10-01,2019-Q%q,2019,2019Q4,Wicklow County Council,322.0
2019-10-01,2019-Q%q,2019,2019Q4,Wexford County Council,153.0
2020-01-01,2020-Q%q,2020,2020Q1,Ireland,4928.0
2020-01-01,2020-Q%q,2020,2020Q1,Cork City Council,245.0
2020-01-01,2020-Q%q,2020,2020Q1,Clare County Council,76.0
2020-01-01,2020-Q%q,2020,2020Q1,Cavan County Council,37.0
2020-01-01,2020-Q%q,2020,2020Q1,Cork County Council,354.0
2020-01-01,2020-Q%q,2020,2020Q1,Carlow County Council,25.0
2020-01-01,2020-Q%q,2020,2020Q1,Dublin City Council,655.0
2020-01-01,2020-Q%q,2020,2020Q1,Dún Laoghaire Rathdown County Council,249.0
2020-01-01,2020-Q%q,2020,2020Q1,Donegal County Council,120.0
2020-01-01,2020-Q%q,2020,2020Q1,Fingal County Council,413.0
2020-01-01,2020-Q%q,2020,2020Q1,Galway County Council,192.0
2020-01-01,2020-Q%q,2020,2020Q1,Galway City Council,57.0
2020-01-01,2020-Q%q,2020,2020Q1,Kildare County Council,328.0
2020-01-01,2020-Q%q,2020,2020Q1,Kilkenny County Council,112.0
2020-01-01,2020-Q%q,2020,2020Q1,Kerry County Council,85.0
2020-01-01,2020-Q%q,2020,2020Q1,Longford County Council,19.0
2020-01-01,2020-Q%q,2020,2020Q1,Louth County Council,115.0
2020-01-01,2020-Q%q,2020,2020Q1,Limerick City & County Council,127.0
2020-01-01,2020-Q%q,2020,2020Q1,Leitrim County Council,5.0
2020-01-01,2020-Q%q,2020,2020Q1,Laois County Council,65.0
2020-01-01,2020-Q%q,2020,2020Q1,Meath County Council,381.0
2020-01-01,2020-Q%q,2020,2020Q1,Monaghan County Council,44.0
2020-01-01,2020-Q%q,2020,2020Q1,Mayo County Council,120.0
2020-01-01,2020-Q%q,2020,2020Q1,Offaly County Council,45.0
2020-01-01,2020-Q%q,2020,2020Q1,Roscommon County Council,28.0
2020-01-01,2020-Q%q,2020,2020Q1,South Dublin County Council,315.0
2020-01-01,2020-Q%q,2020,2020Q1,Sligo County Council,74.0
2020-01-01,2020-Q%q,2020,2020Q1,Tipperary County Council,68.0
2020-01-01,2020-Q%q,2020,2020Q1,Waterford City & County Council,130.0
2020-01-01,2020-Q%q,2020,2020Q1,Westmeath County Council,82.0
2020-01-01,2020-Q%q,2020,2020Q1,Wicklow County Council,222.0
2020-01-01,2020-Q%q,2020,2020Q1,Wexford County Council,140.0
2020-04-01,2020-Q%q,2020,2020Q2,Ireland,3222.0
2020-04-01,2020-Q%q,2020,2020Q2,Cork City Council,140.0
2020-04-01,2020-Q%q,2020,2020Q2,Clare County Council,70.0
2020-04-01,2020-Q%q,2020,2020Q2,Cavan County Council,30.0
2020-04-01,2020-Q%q,2020,2020Q2,Cork County Council,192.0
2020-04-01,2020-Q%q,2020,2020Q2,Carlow County Council,46.0
2020-04-01,2020-Q%q,2020,2020Q2,Dublin City Council,252.0
2020-04-01,2020-Q%q,2020,2020Q2,Dún Laoghaire Rathdown County Council,102.0
2020-04-01,2020-Q%q,2020,2020Q2,Donegal County Council,98.0
2020-04-01,2020-Q%q,2020,2020Q2,Fingal County Council,308.0
2020-04-01,2020-Q%q,2020,2020Q2,Galway County Council,122.0
2020-04-01,2020-Q%q,2020,2020Q2,Galway City Council,31.0
2020-04-01,2020-Q%q,2020,2020Q2,Kildare County Council,279.0
2020-04-01,2020-Q%q,2020,2020Q2,Kilkenny County Council,67.0
2020-04-01,2020-Q%q,2020,2020Q2,Kerry County Council,55.0
2020-04-01,2020-Q%q,2020,2020Q2,Longford County Council,17.0
2020-04-01,2020-Q%q,2020,2020Q2,Louth County Council,190.0
2020-04-01,2020-Q%q,2020,2020Q2,Limerick City & County Council,64.0
2020-04-01,2020-Q%q,2020,2020Q2,Leitrim County Council,5.0
2020-04-01,2020-Q%q,2020,2020Q2,Laois County Council,62.0
2020-04-01,2020-Q%q,2020,2020Q2,Meath County Council,302.0
2020-04-01,2020-Q%q,2020,2020Q2,Monaghan County Council,33.0
2020-04-01,2020-Q%q,2020,2020Q2,Mayo County Council,53.0
2020-04-01,2020-Q%q,2020,2020Q2,Offaly County Council,25.0
2020-04-01,2020-Q%q,2020,2020Q2,Roscommon County Council,25.0
2020-04-01,2020-Q%q,2020,2020Q2,South Dublin County Council,166.0
2020-04-01,2020-Q%q,2020,2020Q2,Sligo County Council,11.0
2020-04-01,2020-Q%q,2020,2020Q2,Tipperary County Council,60.0
2020-04-01,2020-Q%q,2020,2020Q2,Waterford City & County Council,83.0
2020-04-01,2020-Q%q,2020,2020Q2,Westmeath County Council,55.0
2020-04-01,2020-Q%q,2020,2020Q2,Wicklow County Council,169.0
2020-04-01,2020-Q%q,2020,2020Q2,Wexford County Council,110.0
2020-07-01,2020-Q%q,2020,2020Q3,Ireland,5026.0
2020-07-01,2020-Q%q,2020,2020Q3,Cork City Council,323.0
2020-07-01,2020-Q%q,2020,2020Q3,Clare County Council,112.0
2020-07-01,2020-Q%q,2020,2020Q3,Cavan County Council,63.0
2020-07-01,2020-Q%q,2020,2020Q3,Cork County Council,404.0
2020-07-01,2020-Q%q,2020,2020Q3,Carlow County Council,66.0
2020-07-01,2020-Q%q,2020,2020Q3,Dublin City Council,385.0
2020-07-01,2020-Q%q,2020,2020Q3,Dún Laoghaire Rathdown County Council,198.0
2020-07-01,2020-Q%q,2020,2020Q3,Donegal County Council,131.0
2020-07-01,2020-Q%q,2020,2020Q3,Fingal County Council,293.0
2020-07-01,2020-Q%q,2020,2020Q3,Galway County Council,196.0
2020-07-01,2020-Q%q,2020,2020Q3,Galway City Council,47.0
2020-07-01,2020-Q%q,2020,2020Q3,Kildare County Council,493.0
2020-07-01,2020-Q%q,2020,2020Q3,Kilkenny County Council,87.0
2020-07-01,2020-Q%q,2020,2020Q3,Kerry County Council,181.0
2020-07-01,2020-Q%q,2020,2020Q3,Longford County Council,31.0
2020-07-01,2020-Q%q,2020,2020Q3,Louth County Council,147.0
2020-07-01,2020-Q%q,2020,2020Q3,Limerick City & County Council,137.0
2020-07-01,2020-Q%q,2020,2020Q3,Leitrim County Council,12.0
2020-07-01,2020-Q%q,2020,2020Q3,Laois County Council,80.0
2020-07-01,2020-Q%q,2020,2020Q3,Meath County Council,387.0
2020-07-01,2020-Q%q,2020,2020Q3,Monaghan County Council,59.0
2020-07-01,2020-Q%q,2020,2020Q3,Mayo County Council,130.0
2020-07-01,2020-Q%q,2020,2020Q3,Offaly County Council,43.0
2020-07-01,2020-Q%q,2020,2020Q3,Roscommon County Council,45.0
2020-07-01,2020-Q%q,2020,2020Q3,South Dublin County Council,218.0
2020-07-01,2020-Q%q,2020,2020Q3,Sligo County Council,51.0
2020-07-01,2020-Q%q,2020,2020Q3,Tipperary County Council,87.0
2020-07-01,2020-Q%q,2020,2020Q3,Waterford City & County Council,124.0
2020-07-01,2020-Q%q,2020,2020Q3,Westmeath County Council,59.0
2020-07-01,2020-Q%q,2020,2020Q3,Wicklow County Council,277.0
2020-07-01,2020-Q%q,2020,2020Q3,Wexford County Council,160.0
2020-10-01,2020-Q%q,2020,2020Q4,Ireland,7307.0
2020-10-01,2020-Q%q,2020,2020Q4,Cork City Council,316.0
2020-10-01,2020-Q%q,2020,2020Q4,Clare County Council,132.0
2020-10-01,2020-Q%q,2020,2020Q4,Cavan County Council,66.0
2020-10-01,2020-Q%q,2020,2020Q4,Cork County Council,475.0
2020-10-01,2020-Q%q,2020,2020Q4,Carlow County Council,63.0
2020-10-01,2020-Q%q,2020,2020Q4,Dublin City Council,908.0
2020-10-01,2020-Q%q,2020,2020Q4,Dún Laoghaire Rathdown County Council,273.0
2020-10-01,2020-Q%q,2020,2020Q4,Donegal County Council,225.0
2020-10-01,2020-Q%q,2020,2020Q4,Fingal County Council,372.0
2020-10-01,2020-Q%q,2020,2020Q4,Galway County Council,336.0
2020-10-01,2020-Q%q,2020,2020Q4,Galway City Council,64.0
2020-10-01,2020-Q%q,2020,2020Q4,Kildare County Council,561.0
2020-10-01,2020-Q%q,2020,2020Q4,Kilkenny County Council,117.0
2020-10-01,2020-Q%q,2020,2020Q4,Kerry County Council,247.0
2020-10-01,2020-Q%q,2020,2020Q4,Longford County Council,34.0
2020-10-01,2020-Q%q,2020,2020Q4,Louth County Council,172.0
2020-10-01,2020-Q%q,2020,2020Q4,Limerick City & County Council,180.0
2020-10-01,2020-Q%q,2020,2020Q4,Leitrim County Council,17.0
2020-10-01,2020-Q%q,2020,2020Q4,Laois County Council,132.0
2020-10-01,2020-Q%q,2020,2020Q4,Meath County Council,444.0
2020-10-01,2020-Q%q,2020,2020Q4,Monaghan County Council,77.0
2020-10-01,2020-Q%q,2020,2020Q4,Mayo County Council,109.0
2020-10-01,2020-Q%q,2020,2020Q4,Offaly County Council,85.0
2020-10-01,2020-Q%q,2020,2020Q4,Roscommon County Council,61.0
2020-10-01,2020-Q%q,2020,2020Q4,South Dublin County Council,923.0
2020-10-01,2020-Q%q,2020,2020Q4,Sligo County Council,37.0
2020-10-01,2020-Q%q,2020,2020Q4,Tipperary County Council,84.0
2020-10-01,2020-Q%q,2020,2020Q4,Waterford City & County Council,126.0
2020-10-01,2020-Q%q,2020,2020Q4,Westmeath County Council,91.0
2020-10-01,2020-Q%q,2020,2020Q4,Wicklow County Council,370.0
2020-10-01,2020-Q%q,2020,2020Q4,Wexford County Council,210.0
2021-01-01,2021-Q%q,2021,2021Q1,Ireland,3956.0
2021-01-01,2021-Q%q,2021,2021Q1,Cork City Council,194.0
2021-01-01,2021-Q%q,2021,2021Q1,Clare County Council,60.0
2021-01-01,2021-Q%q,2021,2021Q1,Cavan County Council,53.0
2021-01-01,2021-Q%q,2021,2021Q1,Cork County Council,265.0
2021-01-01,2021-Q%q,2021,2021Q1,Carlow County Council,35.0
2021-01-01,2021-Q%q,2021,2021Q1,Dublin City Council,365.0
2021-01-01,2021-Q%q,2021,2021Q1,Dún Laoghaire Rathdown County Council,116.0
2021-01-01,2021-Q%q,2021,2021Q1,Donegal County Council,83.0
2021-01-01,2021-Q%q,2021,2021Q1,Fingal County Council,312.0
2021-01-01,2021-Q%q,2021,2021Q1,Galway County Council,198.0
2021-01-01,2021-Q%q,2021,2021Q1,Galway City Council,134.0
2021-01-01,2021-Q%q,2021,2021Q1,Kildare County Council,319.0
2021-01-01,2021-Q%q,2021,2021Q1,Kilkenny County Council,59.0
2021-01-01,2021-Q%q,2021,2021Q1,Kerry County Council,130.0
2021-01-01,2021-Q%q,2021,2021Q1,Longford County Council,23.0
2021-01-01,2021-Q%q,2021,2021Q1,Louth County Council,174.0
2021-01-01,2021-Q%q,2021,2021Q1,Limerick City & County Council,125.0
2021-01-01,2021-Q%q,2021,2021Q1,Leitrim County Council,12.0
2021-01-01,2021-Q%q,2021,2021Q1,Laois County Council,132.0
2021-01-01,2021-Q%q,2021,2021Q1,Meath County Council,235.0
2021-01-01,2021-Q%q,2021,2021Q1,Monaghan County Council,47.0
2021-01-01,2021-Q%q,2021,2021Q1,Mayo County Council,65.0
2021-01-01,2021-Q%q,2021,2021Q1,Offaly County Council,50.0
2021-01-01,2021-Q%q,2021,2021Q1,Roscommon County Council,55.0
2021-01-01,2021-Q%q,2021,2021Q1,South Dublin County Council,212.0
2021-01-01,2021-Q%q,2021,2021Q1,Sligo County Council,24.0
2021-01-01,2021-Q%q,2021,2021Q1,Tipperary County Council,58.0
2021-01-01,2021-Q%q,2021,2021Q1,Waterford City & County Council,75.0
2021-01-01,2021-Q%q,2021,2021Q1,Westmeath County Council,95.0
2021-01-01,2021-Q%q,2021,2021Q1,Wicklow County Council,134.0
2021-01-01,2021-Q%q,2021,2021Q1,Wexford County Council,117.0
2021-04-01,2021-Q%q,2021,2021Q2,Ireland,4957.0
2021-04-01,2021-Q%q,2021,2021Q2,Cork City Council,154.0
2021-04-01,2021-Q%q,2021,2021Q2,Clare County Council,119.0
2021-04-01,2021-Q%q,2021,2021Q2,Cavan County Council,59.0
2021-04-01,2021-Q%q,2021,2021Q2,Cork County Council,407.0
2021-04-01,2021-Q%q,2021,2021Q2,Carlow County Council,79.0
2021-04-01,2021-Q%q,2021,2021Q2,Dublin City Council,392.0
2021-04-01,2021-Q%q,2021,2021Q2,Dún Laoghaire Rathdown County Council,321.0
2021-04-01,2021-Q%q,2021,2021Q2,Donegal County Council,123.0
2021-04-01,2021-Q%q,2021,2021Q2,Fingal County Council,519.0
2021-04-01,2021-Q%q,2021,2021Q2,Galway County Council,153.0
2021-04-01,2021-Q%q,2021,2021Q2,Galway City Council,88.0
2021-04-01,2021-Q%q,2021,2021Q2,Kildare County Council,484.0
2021-04-01,2021-Q%q,2021,2021Q2,Kilkenny County Council,107.0
2021-04-01,2021-Q%q,2021,2021Q2,Kerry County Council,99.0
2021-04-01,2021-Q%q,2021,2021Q2,Longford County Council,24.0
2021-04-01,2021-Q%q,2021,2021Q2,Louth County Council,165.0
2021-04-01,2021-Q%q,2021,2021Q2,Limerick City & County Council,137.0
2021-04-01,2021-Q%q,2021,2021Q2,Leitrim County Council,26.0
2021-04-01,2021-Q%q,2021,2021Q2,Laois County Council,83.0
2021-04-01,2021-Q%q,2021,2021Q2,Meath County Council,244.0
2021-04-01,2021-Q%q,2021,2021Q2,Monaghan County Council,54.0
2021-04-01,2021-Q%q,2021,2021Q2,Mayo County Council,98.0
2021-04-01,2021-Q%q,2021,2021Q2,Offaly County Council,49.0
2021-04-01,2021-Q%q,2021,2021Q2,Roscommon County Council,61.0
2021-04-01,2021-Q%q,2021,2021Q2,South Dublin County Council,288.0
2021-04-01,2021-Q%q,2021,2021Q2,Sligo County Council,30.0
2021-04-01,2021-Q%q,2021,2021Q2,Tipperary County Council,69.0
2021-04-01,2021-Q%q,2021,2021Q2,Waterford City & County Council,128.0
2021-04-01,2021-Q%q,2021,2021Q2,Westmeath County Council,66.0
2021-04-01,2021-Q%q,2021,2021Q2,Wicklow County Council,148.0
2021-04-01,2021-Q%q,2021,2021Q2,Wexford County Council,183.0
2021-07-01,2021-Q%q,2021,2021Q3,Ireland,4622.0
2021-07-01,2021-Q%q,2021,2021Q3,Cork City Council,150.0
2021-07-01,2021-Q%q,2021,2021Q3,Clare County Council,87.0
2021-07-01,2021-Q%q,2021,2021Q3,Cavan County Council,42.0
2021-07-01,2021-Q%q,2021,2021Q3,Cork County Council,396.0
2021-07-01,2021-Q%q,2021,2021Q3,Carlow County Council,44.0
2021-07-01,2021-Q%q,2021,2021Q3,Dublin City Council,371.0
2021-07-01,2021-Q%q,2021,2021Q3,Dún Laoghaire Rathdown County Council,323.0
2021-07-01,2021-Q%q,2021,2021Q3,Donegal County Council,109.0
2021-07-01,2021-Q%q,2021,2021Q3,Fingal County Council,394.0
2021-07-01,2021-Q%q,2021,2021Q3,Galway County Council,194.0
2021-07-01,2021-Q%q,2021,2021Q3,Galway City Council,48.0
2021-07-01,2021-Q%q,2021,2021Q3,Kildare County Council,543.0
2021-07-01,2021-Q%q,2021,2021Q3,Kilkenny County Council,75.0
2021-07-01,2021-Q%q,2021,2021Q3,Kerry County Council,109.0
2021-07-01,2021-Q%q,2021,2021Q3,Longford County Council,17.0
2021-07-01,2021-Q%q,2021,2021Q3,Louth County Council,158.0
2021-07-01,2021-Q%q,2021,2021Q3,Limerick City & County Council,145.0
2021-07-01,2021-Q%q,2021,2021Q3,Leitrim County Council,25.0
2021-07-01,2021-Q%q,2021,2021Q3,Laois County Council,110.0
2021-07-01,2021-Q%q,2021,2021Q3,Meath County Council,260.0
2021-07-01,2021-Q%q,2021,2021Q3,Monaghan County Council,34.0
2021-07-01,2021-Q%q,2021,2021Q3,Mayo County Council,86.0
2021-07-01,2021-Q%q,2021,2021Q3,Offaly County Council,60.0
2021-07-01,2021-Q%q,2021,2021Q3,Roscommon County Council,56.0
2021-07-01,2021-Q%q,2021,2021Q3,South Dublin County Council,140.0
2021-07-01,2021-Q%q,2021,2021Q3,Sligo County Council,42.0
2021-07-01,2021-Q%q,2021,2021Q3,Tipperary County Council,60.0
2021-07-01,2021-Q%q,2021,2021Q3,Waterford City & County Council,138.0
2021-07-01,2021-Q%q,2021,2021Q3,Westmeath County Council,40.0
2021-07-01,2021-Q%q,2021,2021Q3,Wicklow County Council,228.0
2021-07-01,2021-Q%q,2021,2021Q3,Wexford County Council,138.0
2021-10-01,2021-Q%q,2021,2021Q4,Ireland,6908.0
2021-10-01,2021-Q%q,2021,2021Q4,Cork City Council,241.0
2021-10-01,2021-Q%q,2021,2021Q4,Clare County Council,143.0
2021-10-01,2021-Q%q,2021,2021Q4,Cavan County Council,41.0
2021-10-01,2021-Q%q,2021,2021Q4,Cork County Council,410.0
2021-10-01,2021-Q%q,2021,2021Q4,Carlow County Council,94.0
2021-10-01,2021-Q%q,2021,2021Q4,Dublin City Council,948.0
2021-10-01,2021-Q%q,2021,2021Q4,Dún Laoghaire Rathdown County Council,605.0
2021-10-01,2021-Q%q,2021,2021Q4,Donegal County Council,162.0
2021-10-01,2021-Q%q,2021,2021Q4,Fingal County Council,635.0
2021-10-01,2021-Q%q,2021,2021Q4,Galway County Council,200.0
2021-10-01,2021-Q%q,2021,2021Q4,Galway City Council,32.0
2021-10-01,2021-Q%q,2021,2021Q4,Kildare County Council,687.0
2021-10-01,2021-Q%q,2021,2021Q4,Kilkenny County Council,84.0
2021-10-01,2021-Q%q,2021,2021Q4,Kerry County Council,103.0
2021-10-01,2021-Q%q,2021,2021Q4,Longford County Council,60.0
2021-10-01,2021-Q%q,2021,2021Q4,Louth County Council,167.0
2021-10-01,2021-Q%q,2021,2021Q4,Limerick City & County Council,190.0
2021-10-01,2021-Q%q,2021,2021Q4,Leitrim County Council,21.0
2021-10-01,2021-Q%q,2021,2021Q4,Laois County Council,66.0
2021-10-01,2021-Q%q,2021,2021Q4,Meath County Council,529.0
2021-10-01,2021-Q%q,2021,2021Q4,Monaghan County Council,66.0
2021-10-01,2021-Q%q,2021,2021Q4,Mayo County Council,121.0
2021-10-01,2021-Q%q,2021,2021Q4,Offaly County Council,87.0
2021-10-01,2021-Q%q,2021,2021Q4,Roscommon County Council,37.0
2021-10-01,2021-Q%q,2021,2021Q4,South Dublin County Council,302.0
2021-10-01,2021-Q%q,2021,2021Q4,Sligo County Council,48.0
2021-10-01,2021-Q%q,2021,2021Q4,Tipperary County Council,118.0
2021-10-01,2021-Q%q,2021,2021Q4,Waterford City & County Council,179.0
2021-10-01,2021-Q%q,2021,2021Q4,Westmeath County Council,41.0
2021-10-01,2021-Q%q,2021,2021Q4,Wicklow County Council,237.0
2021-10-01,2021-Q%q,2021,2021Q4,Wexford County Council,254.0
2022-01-01,2022-Q%q,2022,2022Q1,Ireland,5593.0
2022-01-01,2022-Q%q,2022,2022Q1,Cork City Council,149.0
2022-01-01,2022-Q%q,2022,2022Q1,Clare County Council,143.0
2022-01-01,2022-Q%q,2022,2022Q1,Cavan County Council,43.0
2022-01-01,2022-Q%q,2022,2022Q1,Cork County Council,345.0
2022-01-01,2022-Q%q,2022,2022Q1,Carlow County Council,60.0
2022-01-01,2022-Q%q,2022,2022Q1,Dublin City Council,973.0
2022-01-01,2022-Q%q,2022,2022Q1,Dún Laoghaire Rathdown County Council,581.0
2022-01-01,2022-Q%q,2022,2022Q1,Donegal County Council,127.0
2022-01-01,2022-Q%q,2022,2022Q1,Fingal County Council,347.0
2022-01-01,2022-Q%q,2022,2022Q1,Galway County Council,172.0
2022-01-01,2022-Q%q,2022,2022Q1,Galway City Council,18.0
2022-01-01,2022-Q%q,2022,2022Q1,Kildare County Council,308.0
2022-01-01,2022-Q%q,2022,2022Q1,Kilkenny County Council,58.0
2022-01-01,2022-Q%q,2022,2022Q1,Kerry County Council,133.0
2022-01-01,2022-Q%q,2022,2022Q1,Longford County Council,26.0
2022-01-01,2022-Q%q,2022,2022Q1,Louth County Council,199.0
2022-01-01,2022-Q%q,2022,2022Q1,Limerick City & County Council,150.0
2022-01-01,2022-Q%q,2022,2022Q1,Leitrim County Council,9.0
2022-01-01,2022-Q%q,2022,2022Q1,Laois County Council,76.0
2022-01-01,2022-Q%q,2022,2022Q1,Meath County Council,276.0
2022-01-01,2022-Q%q,2022,2022Q1,Monaghan County Council,56.0
2022-01-01,2022-Q%q,2022,2022Q1,Mayo County Council,98.0
2022-01-01,2022-Q%q,2022,2022Q1,Offaly County Council,138.0
2022-01-01,2022-Q%q,2022,2022Q1,Roscommon County Council,41.0
2022-01-01,2022-Q%q,2022,2022Q1,South Dublin County Council,243.0
2022-01-01,2022-Q%q,2022,2022Q1,Sligo County Council,36.0
2022-01-01,2022-Q%q,2022,2022Q1,Tipperary County Council,79.0
2022-01-01,2022-Q%q,2022,2022Q1,Waterford City & County Council,155.0
2022-01-01,2022-Q%q,2022,2022Q1,Westmeath County Council,69.0
2022-01-01,2022-Q%q,2022,2022Q1,Wicklow County Council,268.0
2022-01-01,2022-Q%q,2022,2022Q1,Wexford County Council,217.0
2022-04-01,2022-Q%q,2022,2022Q2,Ireland,7578.0
2022-04-01,2022-Q%q,2022,2022Q2,Cork City Council,363.0
2022-04-01,2022-Q%q,2022,2022Q2,Clare County Council,165.0
2022-04-01,2022-Q%q,2022,2022Q2,Cavan County Council,80.0
2022-04-01,2022-Q%q,2022,2022Q2,Cork County Council,485.0
2022-04-01,2022-Q%q,2022,2022Q2,Carlow County Council,51.0
2022-04-01,2022-Q%q,2022,2022Q2,Dublin City Council,1021.0
2022-04-01,2022-Q%q,2022,2022Q2,Dún Laoghaire Rathdown County Council,668.0
2022-04-01,2022-Q%q,2022,2022Q2,Donegal County Council,155.0
2022-04-01,2022-Q%q,2022,2022Q2,Fingal County Council,592.0
2022-04-01,2022-Q%q,2022,2022Q2,Galway County Council,231.0
2022-04-01,2022-Q%q,2022,2022Q2,Galway City Council,140.0
2022-04-01,2022-Q%q,2022,2022Q2,Kildare County Council,566.0
2022-04-01,2022-Q%q,2022,2022Q2,Kilkenny County Council,146.0
2022-04-01,2022-Q%q,2022,2022Q2,Kerry County Council,213.0
2022-04-01,2022-Q%q,2022,2022Q2,Longford County Council,20.0
2022-04-01,2022-Q%q,2022,2022Q2,Louth County Council,200.0
2022-04-01,2022-Q%q,2022,2022Q2,Limerick City & County Council,211.0
2022-04-01,2022-Q%q,2022,2022Q2,Leitrim County Council,13.0
2022-04-01,2022-Q%q,2022,2022Q2,Laois County Council,152.0
2022-04-01,2022-Q%q,2022,2022Q2,Meath County Council,537.0
2022-04-01,2022-Q%q,2022,2022Q2,Monaghan County Council,98.0
2022-04-01,2022-Q%q,2022,2022Q2,Mayo County Council,114.0
2022-04-01,2022-Q%q,2022,2022Q2,Offaly County Council,87.0
2022-04-01,2022-Q%q,2022,2022Q2,Roscommon County Council,27.0
2022-04-01,2022-Q%q,2022,2022Q2,South Dublin County Council,425.0
2022-04-01,2022-Q%q,2022,2022Q2,Sligo County Council,47.0
2022-04-01,2022-Q%q,2022,2022Q2,Tipperary County Council,106.0
2022-04-01,2022-Q%q,2022,2022Q2,Waterford City & County Council,93.0
2022-04-01,2022-Q%q,2022,2022Q2,Westmeath County Council,91.0
2022-04-01,2022-Q%q,2022,2022Q2,Wicklow County Council,313.0
2022-04-01,2022-Q%q,2022,2022Q2,Wexford County Council,168.0
2022-07-01,2022-Q%q,2022,2022Q3,Ireland,7362.0
2022-07-01,2022-Q%q,2022,2022Q3,Cork City Council,330.0
2022-07-01,2022-Q%q,2022,2022Q3,Clare County Council,125.0
2022-07-01,2022-Q%q,2022,2022Q3,Cavan County Council,57.0
2022-07-01,2022-Q%q,2022,2022Q3,Cork County Council,481.0
2022-07-01,2022-Q%q,2022,2022Q3,Carlow County Council,54.0
2022-07-01,2022-Q%q,2022,2022Q3,Dublin City Council,1215.0
2022-07-01,2022-Q%q,2022,2022Q3,Dún Laoghaire Rathdown County Council,377.0
2022-07-01,2022-Q%q,2022,2022Q3,Donegal County Council,167.0
2022-07-01,2022-Q%q,2022,2022Q3,Fingal County Council,560.0
2022-07-01,2022-Q%q,2022,2022Q3,Galway County Council,224.0
2022-07-01,2022-Q%q,2022,2022Q3,Galway City Council,159.0
2022-07-01,2022-Q%q,2022,2022Q3,Kildare County Council,748.0
2022-07-01,2022-Q%q,2022,2022Q3,Kilkenny County Council,75.0
2022-07-01,2022-Q%q,2022,2022Q3,Kerry County Council,138.0
2022-07-01,2022-Q%q,2022,2022Q3,Longford County Council,50.0
2022-07-01,2022-Q%q,2022,2022Q3,Louth County Council,191.0
2022-07-01,2022-Q%q,2022,2022Q3,Limerick City & County Council,190.0
2022-07-01,2022-Q%q,2022,2022Q3,Leitrim County Council,23.0
2022-07-01,2022-Q%q,2022,2022Q3,Laois County Council,79.0
2022-07-01,2022-Q%q,2022,2022Q3,Meath County Council,390.0
2022-07-01,2022-Q%q,2022,2022Q3,Monaghan County Council,63.0
2022-07-01,2022-Q%q,2022,2022Q3,Mayo County Council,118.0
2022-07-01,2022-Q%q,2022,2022Q3,Offaly County Council,62.0
2022-07-01,2022-Q%q,2022,2022Q3,Roscommon County Council,42.0
2022-07-01,2022-Q%q,2022,2022Q3,South Dublin County Council,457.0
2022-07-01,2022-Q%q,2022,2022Q3,Sligo County Council,60.0
2022-07-01,2022-Q%q,2022,2022Q3,Tipperary County Council,66.0
2022-07-01,2022-Q%q,2022,2022Q3,Waterford City & County Council,107.0
2022-07-01,2022-Q%q,2022,2022Q3,Westmeath County Council,147.0
2022-07-01,2022-Q%q,2022,2022Q3,Wicklow County Council,326.0
2022-07-01,2022-Q%q,2022,2022Q3,Wexford County Council,281.0
2022-10-01,2022-Q%q,2022,2022Q4,Ireland,9076.0
2022-10-01,2022-Q%q,2022,2022Q4,Cork City Council,352.0
2022-10-01,2022-Q%q,2022,2022Q4,Clare County Council,123.0
2022-10-01,2022-Q%q,2022,2022Q4,Cavan County Council,71.0
2022-10-01,2022-Q%q,2022,2022Q4,Cork County Council,555.0
2022-10-01,2022-Q%q,2022,2022Q4,Carlow County Council,66.0
2022-10-01,2022-Q%q,2022,2022Q4,Dublin City Council,662.0
2022-10-01,2022-Q%q,2022,2022Q4,Dún Laoghaire Rathdown County Council,1080.0
2022-10-01,2022-Q%q,2022,2022Q4,Donegal County Council,199.0
2022-10-01,2022-Q%q,2022,2022Q4,Fingal County Council,532.0
2022-10-01,2022-Q%q,2022,2022Q4,Galway County Council,268.0
2022-10-01,2022-Q%q,2022,2022Q4,Galway City Council,95.0
2022-10-01,2022-Q%q,2022,2022Q4,Kildare County Council,1002.0
2022-10-01,2022-Q%q,2022,2022Q4,Kilkenny County Council,142.0
2022-10-01,2022-Q%q,2022,2022Q4,Kerry County Council,127.0
2022-10-01,2022-Q%q,2022,2022Q4,Longford County Council,27.0
2022-10-01,2022-Q%q,2022,2022Q4,Louth County Council,199.0
2022-10-01,2022-Q%q,2022,2022Q4,Limerick City & County Council,210.0
2022-10-01,2022-Q%q,2022,2022Q4,Leitrim County Council,23.0
2022-10-01,2022-Q%q,2022,2022Q4,Laois County Council,205.0
2022-10-01,2022-Q%q,2022,2022Q4,Meath County Council,648.0
2022-10-01,2022-Q%q,2022,2022Q4,Monaghan County Council,118.0
2022-10-01,2022-Q%q,2022,2022Q4,Mayo County Council,120.0
2022-10-01,2022-Q%q,2022,2022Q4,Offaly County Council,122.0
2022-10-01,2022-Q%q,2022,2022Q4,Roscommon County Council,67.0
2022-10-01,2022-Q%q,2022,2022Q4,South Dublin County Council,622.0
2022-10-01,2022-Q%q,2022,2022Q4,Sligo County Council,68.0
2022-10-01,2022-Q%q,2022,2022Q4,Tipperary County Council,165.0
2022-10-01,2022-Q%q,2022,2022Q4,Waterford City & County Council,198.0
2022-10-01,2022-Q%q,2022,2022Q4,Westmeath County Council,96.0
2022-10-01,2022-Q%q,2022,2022Q4,Wicklow County Council,631.0
2022-10-01,2022-Q%q,2022,2022Q4,Wexford County Council,283.0
2023-01-01,2023-Q%q,2023,2023Q1,Ireland,6624.0
2023-01-01,2023-Q%q,2023,2023Q1,Cork City Council,260.0
2023-01-01,2023-Q%q,2023,2023Q1,Clare County Council,102.0
2023-01-01,2023-Q%q,2023,2023Q1,Cavan County Council,55.0
2023-01-01,2023-Q%q,2023,2023Q1,Cork County Council,473.0
2023-01-01,2023-Q%q,2023,2023Q1,Carlow County Council,41.0
2023-01-01,2023-Q%q,2023,2023Q1,Dublin City Council,506.0
2023-01-01,2023-Q%q,2023,2023Q1,Dún Laoghaire Rathdown County Council,879.0
2023-01-01,2023-Q%q,2023,2023Q1,Donegal County Council,138.0
2023-01-01,2023-Q%q,2023,2023Q1,Fingal County Council,407.0
2023-01-01,2023-Q%q,2023,2023Q1,Galway County Council,184.0
2023-01-01,2023-Q%q,2023,2023Q1,Galway City Council,93.0
2023-01-01,2023-Q%q,2023,2023Q1,Kildare County Council,599.0
2023-01-01,2023-Q%q,2023,2023Q1,Kilkenny County Council,78.0
2023-01-01,2023-Q%q,2023,2023Q1,Kerry County Council,116.0
2023-01-01,2023-Q%q,2023,2023Q1,Longford County Council,17.0
2023-01-01,2023-Q%q,2023,2023Q1,Louth County Council,169.0
2023-01-01,2023-Q%q,2023,2023Q1,Limerick City & County Council,205.0
2023-01-01,2023-Q%q,2023,2023Q1,Leitrim County Council,37.0
2023-01-01,2023-Q%q,2023,2023Q1,Laois County Council,109.0
2023-01-01,2023-Q%q,2023,2023Q1,Meath County Council,280.0
2023-01-01,2023-Q%q,2023,2023Q1,Monaghan County Council,66.0
2023-01-01,2023-Q%q,2023,2023Q1,Mayo County Council,112.0
2023-01-01,2023-Q%q,2023,2023Q1,Offaly County Council,103.0
2023-01-01,2023-Q%q,2023,2023Q1,Roscommon County Council,37.0
2023-01-01,2023-Q%q,2023,2023Q1,South Dublin County Council,716.0
2023-01-01,2023-Q%q,2023,2023Q1,Sligo County Council,43.0
2023-01-01,2023-Q%q,2023,2023Q1,Tipperary County Council,119.0
2023-01-01,2023-Q%q,2023,2023Q1,Waterford City & County Council,132.0
2023-01-01,2023-Q%q,2023,2023Q1,Westmeath County Council,52.0
2023-01-01,2023-Q%q,2023,2023Q1,Wicklow County Council,268.0
2023-01-01,2023-Q%q,2023,2023Q1,Wexford County Council,228.0
2023-04-01,2023-Q%q,2023,2023Q2,Ireland,7252.0
2023-04-01,2023-Q%q,2023,2023Q2,Cork City Council,303.0
2023-04-01,2023-Q%q,2023,2023Q2,Clare County Council,83.0
2023-04-01,2023-Q%q,2023,2023Q2,Cavan County Council,42.0
2023-04-01,2023-Q%q,2023,2023Q2,Cork County Council,525.0
2023-04-01,2023-Q%q,2023,2023Q2,Carlow County Council,54.0
2023-04-01,2023-Q%q,2023,2023Q2,Dublin City Council,522.0
2023-04-01,2023-Q%q,2023,2023Q2,Dún Laoghaire Rathdown County Council,808.0
2023-04-01,2023-Q%q,2023,2023Q2,Donegal County Council,165.0
2023-04-01,2023-Q%q,2023,2023Q2,Fingal County Council,550.0
2023-04-01,2023-Q%q,2023,2023Q2,Galway County Council,269.0
2023-04-01,2023-Q%q,2023,2023Q2,Galway City Council,74.0
2023-04-01,2023-Q%q,2023,2023Q2,Kildare County Council,757.0
2023-04-01,2023-Q%q,2023,2023Q2,Kilkenny County Council,94.0
2023-04-01,2023-Q%q,2023,2023Q2,Kerry County Council,188.0
2023-04-01,2023-Q%q,2023,2023Q2,Longford County Council,18.0
2023-04-01,2023-Q%q,2023,2023Q2,Louth County Council,195.0
2023-04-01,2023-Q%q,2023,2023Q2,Limerick City & County Council,147.0
2023-04-01,2023-Q%q,2023,2023Q2,Leitrim County Council,21.0
2023-04-01,2023-Q%q,2023,2023Q2,Laois County Council,226.0
2023-04-01,2023-Q%q,2023,2023Q2,Meath County Council,404.0
2023-04-01,2023-Q%q,2023,2023Q2,Monaghan County Council,52.0
2023-04-01,2023-Q%q,2023,2023Q2,Mayo County Council,139.0
2023-04-01,2023-Q%q,2023,2023Q2,Offaly County Council,95.0
2023-04-01,2023-Q%q,2023,2023Q2,Roscommon County Council,47.0
2023-04-01,2023-Q%q,2023,2023Q2,South Dublin County Council,467.0
2023-04-01,2023-Q%q,2023,2023Q2,Sligo County Council,79.0
2023-04-01,2023-Q%q,2023,2023Q2,Tipperary County Council,116.0
2023-04-01,2023-Q%q,2023,2023Q2,Waterford City & County Council,167.0
2023-04-01,2023-Q%q,2023,2023Q2,Westmeath County Council,61.0
2023-04-01,2023-Q%q,2023,2023Q2,Wicklow County Council,347.0
2023-04-01,2023-Q%q,2023,2023Q2,Wexford County Council,237.0
2023-07-01,2023-Q%q,2023,2023Q3,Ireland,8387.0
2023-07-01,2023-Q%q,2023,2023Q3,Cork City Council,156.0
2023-07-01,2023-Q%q,2023,2023Q3,Clare County Council,95.0
2023-07-01,2023-Q%q,2023,2023Q3,Cavan County Council,92.0
2023-07-01,2023-Q%q,2023,2023Q3,Cork County Council,538.0
2023-07-01,2023-Q%q,2023,2023Q3,Carlow County Council,55.0
2023-07-01,2023-Q%q,2023,2023Q3,Dublin City Council,888.0
2023-07-01,2023-Q%q,2023,2023Q3,Dún Laoghaire Rathdown County Council,636.0
2023-07-01,2023-Q%q,2023,2023Q3,Donegal County Council,189.0
2023-07-01,2023-Q%q,2023,2023Q3,Fingal County Council,773.0
2023-07-01,2023-Q%q,2023,2023Q3,Galway County Council,283.0
2023-07-01,2023-Q%q,2023,2023Q3,Galway City Council,110.0
2023-07-01,2023-Q%q,2023,2023Q3,Kildare County Council,576.0
2023-07-01,2023-Q%q,2023,2023Q3,Kilkenny County Council,125.0
2023-07-01,2023-Q%q,2023,2023Q3,Kerry County Council,140.0
2023-07-01,2023-Q%q,2023,2023Q3,Longford County Council,29.0
2023-07-01,2023-Q%q,2023,2023Q3,Louth County Council,271.0
2023-07-01,2023-Q%q,2023,2023Q3,Limerick City & County Council,194.0
2023-07-01,2023-Q%q,2023,2023Q3,Leitrim County Council,17.0
2023-07-01,2023-Q%q,2023,2023Q3,Laois County Council,167.0
2023-07-01,2023-Q%q,2023,2023Q3,Meath County Council,402.0
2023-07-01,2023-Q%q,2023,2023Q3,Monaghan County Council,62.0
2023-07-01,2023-Q%q,2023,2023Q3,Mayo County Council,125.0
2023-07-01,2023-Q%q,2023,2023Q3,Offaly County Council,120.0
2023-07-01,2023-Q%q,2023,2023Q3,Roscommon County Council,40.0
2023-07-01,2023-Q%q,2023,2023Q3,South Dublin County Council,1263.0
2023-07-01,2023-Q%q,2023,2023Q3,Sligo County Council,64.0
2023-07-01,2023-Q%q,2023,2023Q3,Tipperary County Council,139.0
2023-07-01,2023-Q%q,2023,2023Q3,Waterford City & County Council,116.0
2023-07-01,2023-Q%q,2023,2023Q3,Westmeath County Council,109.0
2023-07-01,2023-Q%q,2023,2023Q3,Wicklow County Council,411.0
2023-07-01,2023-Q%q,2023,2023Q3,Wexford County Council,202.0
2023-10-01,2023-Q%q,2023,2023Q4,Ireland,10200.0
2023-10-01,2023-Q%q,2023,2023Q4,Cork City Council,319.0
2023-10-01,2023-Q%q,2023,2023Q4,Clare County Council,123.0
2023-10-01,2023-Q%q,2023,2023Q4,Cavan County Council,70.0
2023-10-01,2023-Q%q,2023,2023Q4,Cork County Council,521.0
2023-10-01,2023-Q%q,2023,2023Q4,Carlow County Council,89.0
2023-10-01,2023-Q%q,2023,2023Q4,Dublin City Council,1514.0
2023-10-01,2023-Q%q,2023,2023Q4,Dún Laoghaire Rathdown County Council,1239.0
2023-10-01,2023-Q%q,2023,2023Q4,Donegal County Council,142.0
2023-10-01,2023-Q%q,2023,2023Q4,Fingal County Council,627.0
2023-10-01,2023-Q%q,2023,2023Q4,Galway County Council,219.0
2023-10-01,2023-Q%q,2023,2023Q4,Galway City Council,80.0
2023-10-01,2023-Q%q,2023,2023Q4,Kildare County Council,774.0
2023-10-01,2023-Q%q,2023,2023Q4,Kilkenny County Council,255.0
2023-10-01,2023-Q%q,2023,2023Q4,Kerry County Council,167.0
2023-10-01,2023-Q%q,2023,2023Q4,Longford County Council,55.0
2023-10-01,2023-Q%q,2023,2023Q4,Louth County Council,446.0
2023-10-01,2023-Q%q,2023,2023Q4,Limerick City & County Council,242.0
2023-10-01,2023-Q%q,2023,2023Q4,Leitrim County Council,25.0
2023-10-01,2023-Q%q,2023,2023Q4,Laois County Council,241.0
2023-10-01,2023-Q%q,2023,2023Q4,Meath County Council,453.0
2023-10-01,2023-Q%q,2023,2023Q4,Monaghan County Council,54.0
2023-10-01,2023-Q%q,2023,2023Q4,Mayo County Council,143.0
2023-10-01,2023-Q%q,2023,2023Q4,Offaly County Council,225.0
2023-10-01,2023-Q%q,2023,2023Q4,Roscommon County Council,70.0
2023-10-01,2023-Q%q,2023,2023Q4,South Dublin County Council,788.0
2023-10-01,2023-Q%q,2023,2023Q4,Sligo County Council,76.0
2023-10-01,2023-Q%q,2023,2023Q4,Tipperary County Council,133.0
2023-10-01,2023-Q%q,2023,2023Q4,Waterford City & County Council,138.0
2023-10-01,2023-Q%q,2023,2023Q4,Westmeath County Council,275.0
2023-10-01,2023-Q%q,2023,2023Q4,Wicklow County Council,401.0
2023-10-01,2023-Q%q,2023,2023Q4,Wexford County Council,296.0
2024-01-01,2024-Q%q,2024,2024Q1,Ireland,5791.0
2024-01-01,2024-Q%q,2024,2024Q1,Cork City Council,237.0
2024-01-01,2024-Q%q,2024,2024Q1,Clare County Council,127.0
2024-01-01,2024-Q%q,2024,2024Q1,Cavan County Council,50.0
2024-01-01,2024-Q%q,2024,2024Q1,Cork County Council,458.0
2024-01-01,2024-Q%q,2024,2024Q1,Carlow County Council,57.0
2024-01-01,2024-Q%q,2024,2024Q1,Dublin City Council,490.0
2024-01-01,2024-Q%q,2024,2024Q1,Dún Laoghaire Rathdown County Council,380.0
2024-01-01,2024-Q%q,2024,2024Q1,Donegal County Council,125.0
2024-01-01,2024-Q%q,2024,2024Q1,Fingal County Council,293.0
2024-01-01,2024-Q%q,2024,2024Q1,Galway County Council,210.0
2024-01-01,2024-Q%q,2024,2024Q1,Galway City Council,66.0
2024-01-01,2024-Q%q,2024,2024Q1,Kildare County Council,272.0
2024-01-01,2024-Q%q,2024,2024Q1,Kilkenny County Council,119.0
2024-01-01,2024-Q%q,2024,2024Q1,Kerry County Council,72.0
2024-01-01,2024-Q%q,2024,2024Q1,Longford County Council,32.0
2024-01-01,2024-Q%q,2024,2024Q1,Louth County Council,176.0
2024-01-01,2024-Q%q,2024,2024Q1,Limerick City & County Council,191.0
2024-01-01,2024-Q%q,2024,2024Q1,Leitrim County Council,18.0
2024-01-01,2024-Q%q,2024,2024Q1,Laois County Council,144.0
2024-01-01,2024-Q%q,2024,2024Q1,Meath County Council,467.0
2024-01-01,2024-Q%q,2024,2024Q1,Monaghan County Council,65.0
2024-01-01,2024-Q%q,2024,2024Q1,Mayo County Council,82.0
2024-01-01,2024-Q%q,2024,2024Q1,Offaly County Council,97.0
2024-01-01,2024-Q%q,2024,2024Q1,Roscommon County Council,56.0
2024-01-01,2024-Q%q,2024,2024Q1,South Dublin County Council,696.0
2024-01-01,2024-Q%q,2024,2024Q1,Sligo County Council,39.0
2024-01-01,2024-Q%q,2024,2024Q1,Tipperary County Council,95.0
2024-01-01,2024-Q%q,2024,2024Q1,Waterford City & County Council,147.0
2024-01-01,2024-Q%q,2024,2024Q1,Westmeath County Council,88.0
2024-01-01,2024-Q%q,2024,2024Q1,Wicklow County Council,274.0
2024-01-01,2024-Q%q,2024,2024Q1,Wexford County Council,168.0
2024-04-01,2024-Q%q,2024,2024Q2,Ireland,6808.0
2024-04-01,2024-Q%q,2024,2024Q2,Cork City Council,301.0
2024-04-01,2024-Q%q,2024,2024Q2,Clare County Council,102.0
2024-04-01,2024-Q%q,2024,2024Q2,Cavan County Council,69.0
2024-04-01,2024-Q%q,2024,2024Q2,Cork County Council,532.0
2024-04-01,2024-Q%q,2024,2024Q2,Carlow County Council,66.0
2024-04-01,2024-Q%q,2024,2024Q2,Dublin City Council,578.0
2024-04-01,2024-Q%q,2024,2024Q2,Dún Laoghaire Rathdown County Council,439.0
2024-04-01,2024-Q%q,2024,2024Q2,Donegal County Council,138.0
2024-04-01,2024-Q%q,2024,2024Q2,Fingal County Council,343.0
2024-04-01,2024-Q%q,2024,2024Q2,Galway County Council,260.0
2024-04-01,2024-Q%q,2024,2024Q2,Galway City Council,74.0
2024-04-01,2024-Q%q,2024,2024Q2,Kildare County Council,344.0
2024-04-01,2024-Q%q,2024,2024Q2,Kilkenny County Council,109.0
2024-04-01,2024-Q%q,2024,2024Q2,Kerry County Council,102.0
2024-04-01,2024-Q%q,2024,2024Q2,Longford County Council,41.0
2024-04-01,2024-Q%q,2024,2024Q2,Louth County Council,241.0
2024-04-01,2024-Q%q,2024,2024Q2,Limerick City & County Council,224.0
2024-04-01,2024-Q%q,2024,2024Q2,Leitrim County Council,31.0
2024-04-01,2024-Q%q,2024,2024Q2,Laois County Council,129.0
2024-04-01,2024-Q%q,2024,2024Q2,Meath County Council,381.0
2024-04-01,2024-Q%q,2024,2024Q2,Monaghan County Council,64.0
2024-04-01,2024-Q%q,2024,2024Q2,Mayo County Council,160.0
2024-04-01,2024-Q%q,2024,2024Q2,Offaly County Council,62.0
2024-04-01,2024-Q%q,2024,2024Q2,Roscommon County Council,33.0
2024-04-01,2024-Q%q,2024,2024Q2,South Dublin County Council,701.0
2024-04-01,2024-Q%q,2024,2024Q2,Sligo County Council,51.0
2024-04-01,2024-Q%q,2024,2024Q2,Tipperary County Council,168.0
2024-04-01,2024-Q%q,2024,2024Q2,Waterford City & County Council,203.0
2024-04-01,2024-Q%q,2024,2024Q2,Westmeath County Council,184.0
2024-04-01,2024-Q%q,2024,2024Q2,Wicklow County Council,406.0
2024-04-01,2024-Q%q,2024,2024Q2,Wexford County Council,272.0
2024-07-01,2024-Q%q,2024,2024Q3,Ireland,8874.0
2024-07-01,2024-Q%q,2024,2024Q3,Cork City Council,306.0
2024-07-01,2024-Q%q,2024,2024Q3,Clare County Council,159.0
2024-07-01,2024-Q%q,2024,2024Q3,Cavan County Council,60.0
2024-07-01,2024-Q%q,2024,2024Q3,Cork County Council,677.0
2024-07-01,2024-Q%q,2024,2024Q3,Carlow County Council,47.0
2024-07-01,2024-Q%q,2024,2024Q3,Dublin City Council,1125.0
2024-07-01,2024-Q%q,2024,2024Q3,Dún Laoghaire Rathdown County Council,604.0
2024-07-01,2024-Q%q,2024,2024Q3,Donegal County Council,178.0
2024-07-01,2024-Q%q,2024,2024Q3,Fingal County Council,691.0
2024-07-01,2024-Q%q,2024,2024Q3,Galway County Council,246.0
2024-07-01,2024-Q%q,2024,2024Q3,Galway City Council,37.0
2024-07-01,2024-Q%q,2024,2024Q3,Kildare County Council,350.0
2024-07-01,2024-Q%q,2024,2024Q3,Kilkenny County Council,116.0
2024-07-01,2024-Q%q,2024,2024Q3,Kerry County Council,130.0
2024-07-01,2024-Q%q,2024,2024Q3,Longford County Council,34.0
2024-07-01,2024-Q%q,2024,2024Q3,Louth County Council,362.0
2024-07-01,2024-Q%q,2024,2024Q3,Limerick City & County Council,356.0
2024-07-01,2024-Q%q,2024,2024Q3,Leitrim County Council,19.0
2024-07-01,2024-Q%q,2024,2024Q3,Laois County Council,232.0
2024-07-01,2024-Q%q,2024,2024Q3,Meath County Council,309.0
2024-07-01,2024-Q%q,2024,2024Q3,Monaghan County Council,86.0
2024-07-01,2024-Q%q,2024,2024Q3,Mayo County Council,143.0
2024-07-01,2024-Q%q,2024,2024Q3,Offaly County Council,123.0
2024-07-01,2024-Q%q,2024,2024Q3,Roscommon County Council,50.0
2024-07-01,2024-Q%q,2024,2024Q3,South Dublin County Council,1309.0
2024-07-01,2024-Q%q,2024,2024Q3,Sligo County Council,39.0
2024-07-01,2024-Q%q,2024,2024Q3,Tipperary County Council,100.0
2024-07-01,2024-Q%q,2024,2024Q3,Waterford City & County Council,224.0
2024-07-01,2024-Q%q,2024,2024Q3,Westmeath County Council,112.0
2024-07-01,2024-Q%q,2024,2024Q3,Wicklow County Council,296.0
2024-07-01,2024-Q%q,2024,2024Q3,Wexford County Council,354.0
2024-10-01,2024-Q%q,2024,2024Q4,Ireland,8651.0
2024-10-01,2024-Q%q,2024,2024Q4,Cork City Council,375.0
2024-10-01,2024-Q%q,2024,2024Q4,Clare County Council,146.0
2024-10-01,2024-Q%q,2024,2024Q4,Cavan County Council,64.0
2024-10-01,2024-Q%q,2024,2024Q4,Cork County Council,645.0
2024-10-01,2024-Q%q,2024,2024Q4,Carlow County Council,100.0
2024-10-01,2024-Q%q,2024,2024Q4,Dublin City Council,1155.0
2024-10-01,2024-Q%q,2024,2024Q4,Dún Laoghaire Rathdown County Council,602.0
2024-10-01,2024-Q%q,2024,2024Q4,Donegal County Council,188.0
2024-10-01,2024-Q%q,2024,2024Q4,Fingal County Council,1099.0
2024-10-01,2024-Q%q,2024,2024Q4,Galway County Council,246.0
2024-10-01,2024-Q%q,2024,2024Q4,Galway City Council,96.0
2024-10-01,2024-Q%q,2024,2024Q4,Kildare County Council,456.0
2024-10-01,2024-Q%q,2024,2024Q4,Kilkenny County Council,158.0
2024-10-01,2024-Q%q,2024,2024Q4,Kerry County Council,173.0
2024-10-01,2024-Q%q,2024,2024Q4,Longford County Council,19.0
2024-10-01,2024-Q%q,2024,2024Q4,Louth County Council,391.0
2024-10-01,2024-Q%q,2024,2024Q4,Limerick City & County Council,230.0
2024-10-01,2024-Q%q,2024,2024Q4,Leitrim County Council,50.0
2024-10-01,2024-Q%q,2024,2024Q4,Laois County Council,148.0
2024-10-01,2024-Q%q,2024,2024Q4,Meath County Council,462.0
2024-10-01,2024-Q%q,2024,2024Q4,Monaghan County Council,38.0
2024-10-01,2024-Q%q,2024,2024Q4,Mayo County Council,186.0
2024-10-01,2024-Q%q,2024,2024Q4,Offaly County Council,111.0
2024-10-01,2024-Q%q,2024,2024Q4,Roscommon County Council,56.0
2024-10-01,2024-Q%q,2024,2024Q4,South Dublin County Council,374.0
2024-10-01,2024-Q%q,2024,2024Q4,Sligo County Council,72.0
2024-10-01,2024-Q%q,2024,2024Q4,Tipperary County Council,118.0
2024-10-01,2024-Q%q,2024,2024Q4,Waterford City & County Council,165.0
2024-10-01,2024-Q%q,2024,2024Q4,Westmeath County Council,96.0
2024-10-01,2024-Q%q,2024,2024Q4,Wicklow County Council,362.0
2024-10-01,2024-Q%q,2024,2024Q4,Wexford County Council,270.0
2025-01-01,2025-Q%q,2025,2025Q1,Ireland,5907.0
2025-01-01,2025-Q%q,2025,2025Q1,Cork City Council,278.0
2025-01-01,2025-Q%q,2025,2025Q1,Clare County Council,129.0
2025-01-01,2025-Q%q,2025,2025Q1,Cavan County Council,57.0
2025-01-01,2025-Q%q,2025,2025Q1,Cork County Council,442.0
2025-01-01,2025-Q%q,2025,2025Q1,Carlow County Council,25.0
2025-01-01,2025-Q%q,2025,2025Q1,Dublin City Council,683.0
2025-01-01,2025-Q%q,2025,2025Q1,Dún Laoghaire Rathdown County Council,241.0
2025-01-01,2025-Q%q,2025,2025Q1,Donegal County Council,116.0
2025-01-01,2025-Q%q,2025,2025Q1,Fingal County Council,620.0
2025-01-01,2025-Q%q,2025,2025Q1,Galway County Council,206.0
2025-01-01,2025-Q%q,2025,2025Q1,Galway City Council,89.0
2025-01-01,2025-Q%q,2025,2025Q1,Kildare County Council,416.0
2025-01-01,2025-Q%q,2025,2025Q1,Kilkenny County Council,122.0
2025-01-01,2025-Q%q,2025,2025Q1,Kerry County Council,91.0
2025-01-01,2025-Q%q,2025,2025Q1,Longford County Council,19.0
2025-01-01,2025-Q%q,2025,2025Q1,Louth County Council,215.0
2025-01-01,2025-Q%q,2025,2025Q1,Limerick City & County Council,174.0
2025-01-01,2025-Q%q,2025,2025Q1,Leitrim County Council,11.0
2025-01-01,2025-Q%q,2025,2025Q1,Laois County Council,139.0
2025-01-01,2025-Q%q,2025,2025Q1,Meath County Council,298.0
2025-01-01,2025-Q%q,2025,2025Q1,Monaghan County Council,70.0
2025-01-01,2025-Q%q,2025,2025Q1,Mayo County Council,101.0
2025-01-01,2025-Q%q,2025,2025Q1,Offaly County Council,100.0
2025-01-01,2025-Q%q,2025,2025Q1,Roscommon County Council,36.0
2025-01-01,2025-Q%q,2025,2025Q1,South Dublin County Council,353.0
2025-01-01,2025-Q%q,2025,2025Q1,Sligo County Council,54.0
2025-01-01,2025-Q%q,2025,2025Q1,Tipperary County Council,116.0
2025-01-01,2025-Q%q,2025,2025Q1,Waterford City & County Council,164.0
2025-01-01,2025-Q%q,2025,2025Q1,Westmeath County Council,75.0
2025-01-01,2025-Q%q,2025,2025Q1,Wicklow County Council,305.0
2025-01-01,2025-Q%q,2025,2025Q1,Wexford County Council,162.0
2025-04-01,2025-Q%q,2025,2025Q2,Ireland,9152.0
2025-04-01,2025-Q%q,2025,2025Q2,Cork City Council,327.0
2025-04-01,2025-Q%q,2025,2025Q2,Clare County Council,187.0
2025-04-01,2025-Q%q,2025,2025Q2,Cavan County Council,80.0
2025-04-01,2025-Q%q,2025,2025Q2,Cork County Council,510.0
2025-04-01,2025-Q%q,2025,2025Q2,Carlow County Council,52.0
2025-04-01,2025-Q%q,2025,2025Q2,Dublin City Council,1149.0
2025-04-01,2025-Q%q,2025,2025Q2,Dún Laoghaire Rathdown County Council,827.0
2025-04-01,2025-Q%q,2025,2025Q2,Donegal County Council,154.0
2025-04-01,2025-Q%q,2025,2025Q2,Fingal County Council,1201.0
2025-04-01,2025-Q%q,2025,2025Q2,Galway County Council,220.0
2025-04-01,2025-Q%q,2025,2025Q2,Galway City Council,98.0
2025-04-01,2025-Q%q,2025,2025Q2,Kildare County Council,407.0
2025-04-01,2025-Q%q,2025,2025Q2,Kilkenny County Council,143.0
2025-04-01,2025-Q%q,2025,2025Q2,Kerry County Council,221.0
2025-04-01,2025-Q%q,2025,2025Q2,Longford County Council,21.0
2025-04-01,2025-Q%q,2025,2025Q2,Louth County Council,417.0
2025-04-01,2025-Q%q,2025,2025Q2,Limerick City & County Council,221.0
2025-04-01,2025-Q%q,2025,2025Q2,Leitrim County Council,36.0
2025-04-01,2025-Q%q,2025,2025Q2,Laois County Council,230.0
2025-04-01,2025-Q%q,2025,2025Q2,Meath County Council,482.0
2025-04-01,2025-Q%q,2025,2025Q2,Monaghan County Council,63.0
2025-04-01,2025-Q%q,2025,2025Q2,Mayo County Council,98.0
2025-04-01,2025-Q%q,2025,2025Q2,Offaly County Council,67.0
2025-04-01,2025-Q%q,2025,2025Q2,Roscommon County Council,28.0
2025-04-01,2025-Q%q,2025,2025Q2,South Dublin County Council,626.0
2025-04-01,2025-Q%q,2025,2025Q2,Sligo County Council,145.0
2025-04-01,2025-Q%q,2025,2025Q2,Tipperary County Council,210.0
2025-04-01,2025-Q%q,2025,2025Q2,Waterford City & County Council,134.0
2025-04-01,2025-Q%q,2025,2025Q2,Westmeath County Council,236.0
2025-04-01,2025-Q%q,2025,2025Q2,Wicklow County Council,273.0
2025-04-01,2025-Q%q,2025,2025Q2,Wexford County Council,289.0
2025-07-01,2025-Q%q,2025,2025Q3,Ireland,9197.0
2025-07-01,2025-Q%q,2025,2025Q3,Cork City Council,495.0
2025-07-01,2025-Q%q,2025,2025Q3,Clare County Council,145.0
2025-07-01,2025-Q%q,2025,2025Q3,Cavan County Council,115.0
2025-07-01,2025-Q%q,2025,2025Q3,Cork County Council,540.0
2025-07-01,2025-Q%q,2025,2025Q3,Carlow County Council,47.0
2025-07-01,2025-Q%q,2025,2025Q3,Dublin City Council,905.0
2025-07-01,2025-Q%q,2025,2025Q3,Dún Laoghaire Rathdown County Council,488.0
2025-07-01,2025-Q%q,2025,2025Q3,Donegal County Council,173.0
2025-07-01,2025-Q%q,2025,2025Q3,Fingal County Council,758.0
2025-07-01,2025-Q%q,2025,2025Q3,Galway County Council,277.0
2025-07-01,2025-Q%q,2025,2025Q3,Galway City Council,120.0
2025-07-01,2025-Q%q,2025,2025Q3,Kildare County Council,497.0
2025-07-01,2025-Q%q,2025,2025Q3,Kilkenny County Council,84.0
2025-07-01,2025-Q%q,2025,2025Q3,Kerry County Council,193.0
2025-07-01,2025-Q%q,2025,2025Q3,Longford County Council,35.0
2025-07-01,2025-Q%q,2025,2025Q3,Louth County Council,325.0
2025-07-01,2025-Q%q,2025,2025Q3,Limerick City & County Council,233.0
2025-07-01,2025-Q%q,2025,2025Q3,Leitrim County Council,17.0
2025-07-01,2025-Q%q,2025,2025Q3,Laois County Council,231.0
2025-07-01,2025-Q%q,2025,2025Q3,Meath County Council,618.0
2025-07-01,2025-Q%q,2025,2025Q3,Monaghan County Council,88.0
2025-07-01,2025-Q%q,2025,2025Q3,Mayo County Council,123.0
2025-07-01,2025-Q%q,2025,2025Q3,Offaly County Council,75.0
2025-07-01,2025-Q%q,2025,2025Q3,Roscommon County Council,64.0
2025-07-01,2025-Q%q,2025,2025Q3,South Dublin County Council,1168.0
2025-07-01,2025-Q%q,2025,2025Q3,Sligo County Council,117.0
2025-07-01,2025-Q%q,2025,2025Q3,Tipperary County Council,218.0
2025-07-01,2025-Q%q,2025,2025Q3,Waterford City & County Council,211.0
2025-07-01,2025-Q%q,2025,2025Q3,Westmeath County Council,223.0
2025-07-01,2025-Q%q,2025,2025Q3,Wicklow County Council,336.0
2025-07-01,2025-Q%q,2025,2025Q3,Wexford County Council,278.0
2025-10-01,2025-Q%q,2025,2025Q4,Ireland,11959.0
2025-10-01,2025-Q%q,2025,2025Q4,Cork City Council,398.0
2025-10-01,2025-Q%q,2025,2025Q4,Clare County Council,163.0
2025-10-01,2025-Q%q,2025,2025Q4,Cavan County Council,98.0
2025-10-01,2025-Q%q,2025,2025Q4,Cork County Council,725.0
2025-10-01,2025-Q%q,2025,2025Q4,Carlow County Council,98.0
2025-10-01,2025-Q%q,2025,2025Q4,Dublin City Council,1782.0
2025-10-01,2025-Q%q,2025,2025Q4,Dún Laoghaire Rathdown County Council,483.0
2025-10-01,2025-Q%q,2025,2025Q4,Donegal County Council,237.0
2025-10-01,2025-Q%q,2025,2025Q4,Fingal County Council,1028.0
2025-10-01,2025-Q%q,2025,2025Q4,Galway County Council,356.0
2025-10-01,2025-Q%q,2025,2025Q4,Galway City Council,107.0
2025-10-01,2025-Q%q,2025,2025Q4,Kildare County Council,854.0
2025-10-01,2025-Q%q,2025,2025Q4,Kilkenny County Council,172.0
2025-10-01,2025-Q%q,2025,2025Q4,Kerry County Council,217.0
2025-10-01,2025-Q%q,2025,2025Q4,Longford County Council,23.0
2025-10-01,2025-Q%q,2025,2025Q4,Louth County Council,582.0
2025-10-01,2025-Q%q,2025,2025Q4,Limerick City & County Council,238.0
2025-10-01,2025-Q%q,2025,2025Q4,Leitrim County Council,60.0
2025-10-01,2025-Q%q,2025,2025Q4,Laois County Council,243.0
2025-10-01,2025-Q%q,2025,2025Q4,Meath County Council,734.0
2025-10-01,2025-Q%q,2025,2025Q4,Monaghan County Council,94.0
2025-10-01,2025-Q%q,2025,2025Q4,Mayo County Council,176.0
2025-10-01,2025-Q%q,2025,2025Q4,Offaly County Council,81.0
2025-10-01,2025-Q%q,2025,2025Q4,Roscommon County Council,96.0
2025-10-01,2025-Q%q,2025,2025Q4,South Dublin County Council,1369.0
2025-10-01,2025-Q%q,2025,2025Q4,Sligo County Council,75.0
2025-10-01,2025-Q%q,2025,2025Q4,Tipperary County Council,258.0
2025-10-01,2025-Q%q,2025,2025Q4,Waterford City & County Council,211.0
2025-10-01,2025-Q%q,2025,2025Q4,Westmeath County Council,206.0
2025-10-01,2025-Q%q,2025,2025Q4,Wicklow County Council,464.0
2025-10-01,2025-Q%q,2025,2025Q4,Wexford County Council,331.0
2026-01-01,2026-Q%q,2026,2026Q1,Ireland,7856.0
2026-01-01,2026-Q%q,2026,2026Q1,Cork City Council,408.0
2026-01-01,2026-Q%q,2026,2026Q1,Clare County Council,151.0
2026-01-01,2026-Q%q,2026,2026Q1,Cavan County Council,75.0
2026-01-01,2026-Q%q,2026,2026Q1,Cork County Council,644.0
2026-01-01,2026-Q%q,2026,2026Q1,Carlow County Council,49.0
2026-01-01,2026-Q%q,2026,2026Q1,Dublin City Council,1013.0
2026-01-01,2026-Q%q,2026,2026Q1,Dún Laoghaire Rathdown County Council,349.0
2026-01-01,2026-Q%q,2026,2026Q1,Donegal County Council,229.0
2026-01-01,2026-Q%q,2026,2026Q1,Fingal County Council,432.0
2026-01-01,2026-Q%q,2026,2026Q1,Galway County Council,261.0
2026-01-01,2026-Q%q,2026,2026Q1,Galway City Council,103.0
2026-01-01,2026-Q%q,2026,2026Q1,Kildare County Council,505.0
2026-01-01,2026-Q%q,2026,2026Q1,Kilkenny County Council,169.0
2026-01-01,2026-Q%q,2026,2026Q1,Kerry County Council,201.0
2026-01-01,2026-Q%q,2026,2026Q1,Longford County Council,33.0
2026-01-01,2026-Q%q,2026,2026Q1,Louth County Council,449.0
2026-01-01,2026-Q%q,2026,2026Q1,Limerick City & County Council,140.0
2026-01-01,2026-Q%q,2026,2026Q1,Leitrim County Council,33.0
2026-01-01,2026-Q%q,2026,2026Q1,Laois County Council,243.0
2026-01-01,2026-Q%q,2026,2026Q1,Meath County Council,246.0
2026-01-01,2026-Q%q,2026,2026Q1,Monaghan County Council,79.0
2026-01-01,2026-Q%q,2026,2026Q1,Mayo County Council,130.0
2026-01-01,2026-Q%q,2026,2026Q1,Offaly County Council,59.0
2026-01-01,2026-Q%q,2026,2026Q1,Roscommon County Council,68.0
2026-01-01,2026-Q%q,2026,2026Q1,South Dublin County Council,743.0
2026-01-01,2026-Q%q,2026,2026Q1,Sligo County Council,73.0
2026-01-01,2026-Q%q,2026,2026Q1,Tipperary County Council,181.0
2026-01-01,2026-Q%q,2026,2026Q1,Waterford City & County Council,177.0
2026-01-01,2026-Q%q,2026,2026Q1,Westmeath County Council,57.0
2026-01-01,2026-Q%q,2026,2026Q1,Wicklow County Council,265.0
2026-01-01,2026-Q%q,2026,2026Q1,Wexford County Council,291.0
2026-04-01,2026-Q%q,2026,2026Q2,Ireland,8823.0
2026-04-01,2026-Q%q,2026,2026Q2,Cork City Council,390.0
2026-04-01,2026-Q%q,2026,2026Q2,Clare County Council,178.0
2026-04-01,2026-Q%q,2026,2026Q2,Cavan County Council,108.0
2026-04-01,2026-Q%q,2026,2026Q2,Cork County Council,509.0
2026-04-01,2026-Q%q,2026,2026Q2,Carlow County Council,99.0
2026-04-01,2026-Q%q,2026,2026Q2,Dublin City Council,1280.0
2026-04-01,2026-Q%q,2026,2026Q2,Dún Laoghaire Rathdown County Council,307.0
2026-04-01,2026-Q%q,2026,2026Q2,Donegal County Council,204.0
2026-04-01,2026-Q%q,2026,2026Q2,Fingal County Council,1020.0
2026-04-01,2026-Q%q,2026,2026Q2,Galway County Council,237.0
2026-04-01,2026-Q%q,2026,2026Q2,Galway City Council,41.0
2026-04-01,2026-Q%q,2026,2026Q2,Kildare County Council,592.0
2026-04-01,2026-Q%q,2026,2026Q2,Kilkenny County Council,172.0
2026-04-01,2026-Q%q,2026,2026Q2,Kerry County Council,193.0
2026-04-01,2026-Q%q,2026,2026Q2,Longford County Council,64.0
2026-04-01,2026-Q%q,2026,2026Q2,Louth County Council,476.0
2026-04-01,2026-Q%q,2026,2026Q2,Limerick City & County Council,185.0
2026-04-01,2026-Q%q,2026,2026Q2,Leitrim County Council,32.0
2026-04-01,2026-Q%q,2026,2026Q2,Laois County Council,208.0
2026-04-01,2026-Q%q,2026,2026Q2,Meath County Council,461.0
2026-04-01,2026-Q%q,2026,2026Q2,Monaghan County Council,92.0
2026-04-01,2026-Q%q,2026,2026Q2,Mayo County Council,115.0
2026-04-01,2026-Q%q,2026,2026Q2,Offaly County Council,145.0
2026-04-01,2026-Q%q,2026,2026Q2,Roscommon County Council,74.0
2026-04-01,2026-Q%q,2026,2026Q2,South Dublin County Council,573.0
2026-04-01,2026-Q%q,2026,2026Q2,Sligo County Council,112.0
2026-04-01,2026-Q%q,2026,2026Q2,Tipperary County Council,169.0
2026-04-01,2026-Q%q,2026,2026Q2,Waterford City & County Council,151.0
2026-04-01,2026-Q%q,2026,2026Q2,Westmeath County Council,168.0
2026-04-01,2026-Q%q,2026,2026Q2,Wicklow County Council,198.0
2026-04-01,2026-Q%q,2026,2026Q2,Wexford County Council,270.0
